消息发生时间,[消息发布时间][时间_系统RTC],[消息发布者ID][功能单元ID],[主备状态],[数据生成时间][时间_任务时间],[数据生成时间1][时间_任务时间],[有效性_俯仰角],[有效性_横滚角],[有效性_真航角],[有效性_俯仰角速率],[有效性_横滚角速率],[有效性_航向角速率],[有效性_俯仰角加速度],[有效性_横滚角加速度],[有效性_航向角加速度],[有效性_速度北向],[有效性_速度西向],[有效性_速度天向],[有效性_加速度北向],[有效性_加速度西向],[有效性_加速度天向],[有效性_惯性攻角],[有效性_惯性侧滑角],[有效性_偏流角],[有效性_航迹角],[有效性_位置],[有效性_惯性气压高度],[有效性_地速],[载机俯仰角][_角度_毫弧度],[载机横滚角][_角度_毫弧度],[载机真航角][_角度_毫弧度],[载机俯仰角速率][_角速率],[载机横滚角速率][_角速率],[载机航向角速率][_角速率],[载机俯仰角加速度][_角加速度],[载机横滚角加速度][_角加速度],[载机航向角加速度][_角加速度],[载机平台系速度][速度_北向][_速度],[载机平台系速度][速度_西向][_速度],[载机平台系速度][速度_天向][_速度],[载机平台系加速度][加速度_北向][_加速度],[载机平台系加速度][加速度_西向][_加速度],[载机平台系加速度][加速度_天向][_加速度],[载机惯性攻角][_角度_毫弧度],[载机侧滑角][_角度_毫弧度],[载机偏流角][_角度_毫弧度],[载机航迹角][_角度_毫弧度],[载机爬升角][_角度_毫弧度],[载机位置数据][_纬度],[载机位置数据][_经度],[载机惯性气压高度][_高度],[载机惯性气压参考高度][_高度],[载机地速][_速度]
00:00.0,1.74958E+12,FU_025,0,1.74954E+12,1.74955E+12,1,1,1,1,1,1,0.1,0.1,0.1,1,1,1,1,1,1,1,1,1,1,1,1,1,50,5,1000,1,0,50,0.1,0.1,0.1,250,-10,5,2,-0.5,0.1,1.5,0.2,3,45,2.5,39.9,116.4,4000,4000,250.1999201
00:12.0,1.74958E+12,FU_025,0,1.74954E+12,1.74955E+12,1,1,1,1,1,1,0.1,0.1,0.1,1,1,1,1,1,1,1,1,1,1,1,1,1,50.19998667,4.999750002,1010,0.999800007,-0.004999917,50,0.1,0.1,0.1,250.4,-10.1,5.02,2,-0.5,0.1,1.5,0.2,3,45,2.5,39.90002,116.40002,4002,4000,250.6036113
00:24.0,1.74958E+12,FU_025,0,1.74954E+12,1.74955E+12,1,1,1,1,1,1,0.1,0.1,0.1,1,1,1,1,1,1,1,1,1,1,1,1,1,50.39989334,4.999000033,1020,0.999200107,-0.009999333,50,0.1,0.1,0.1,250.8,-10.2,5.04,2,-0.5,0.1,1.5,0.2,3,45,2.5,39.90004,116.40004,4004,4000,251.0073306
00:36.0,1.74958E+12,FU_025,0,1.74954E+12,1.74955E+12,1,1,1,1,1,1,0.1,0.1,0.1,1,1,1,1,1,1,1,1,1,1,1,1,1,50.59964006,4.997750169,1030,0.99820054,-0.01499775,50,0.1,0.1,0.1,251.2,-10.3,5.06,2,-0.5,0.1,1.5,0.2,3,45,2.5,39.90006,116.40006,4006,4000,251.4110777
00:48.0,1.74958E+12,FU_025,0,1.74954E+12,1.74955E+12,1,1,1,1,1,1,0.1,0.1,0.1,1,1,1,1,1,1,1,1,1,1,1,1,1,50.79914694,4.996000533,1040,0.996801706,-0.019994667,50,0.1,0.1,0.1,251.6,-10.4,5.08,2,-0.5,0.1,1.5,0.2,3,45,2.5,39.90008,116.40008,4008,4000,251.8148526
01:00.0,1.74958E+12,FU_025,0,1.74954E+12,1.74955E+12,1,1,1,1,1,1,0.1,0.1,0.1,1,1,1,1,1,1,1,1,1,1,1,1,1,50.99833417,4.993751302,1050,0.995004165,-0.024989585,50,0.1,0.1,0.1,252,-10.5,5.1,2,-0.5,0.1,1.5,0.2,3,45,2.5,39.9001,116.4001,4010,4000,252.2186551
01:12.0,1.74958E+12,FU_025,0,1.74954E+12,1.74955E+12,1,1,1,1,1,1,0.1,0.1,0.1,1,1,1,1,1,1,1,1,1,1,1,1,1,51.19712207,4.9910027,1060,0.992808636,-0.029982003,50,0.1,0.1,0.1,252.4,-10.6,5.12,2,-0.5,0.1,1.5,0.2,3,45,2.5,39.90012,116.40012,4012,4000,252.6224851
01:24.0,1.74958E+12,FU_025,0,1.74954E+12,1.74955E+12,1,1,1,1,1,1,0.1,0.1,0.1,1,1,1,1,1,1,1,1,1,1,1,1,1,51.39543115,4.987755001,1070,0.990215996,-0.034971424,50,0.1,0.1,0.1,252.8,-10.7,5.14,2,-0.5,0.1,1.5,0.2,3,45,2.5,39.90014,116.40014,4014,4000,253.0263425
01:36.0,1.74958E+12,FU_025,0,1.74954E+12,1.74955E+12,1,1,1,1,1,1,0.1,0.1,0.1,1,1,1,1,1,1,1,1,1,1,1,1,1,51.59318207,4.984008532,1080,0.987227283,-0.039957347,50,0.1,0.1,0.1,253.2,-10.8,5.16,2,-0.5,0.1,1.5,0.2,3,45,2.5,39.90016,116.40016,4016,4000,253.4302271
01:48.0,1.74958E+12,FU_025,0,1.74954E+12,1.74955E+12,1,1,1,1,1,1,0.1,0.1,0.1,1,1,1,1,1,1,1,1,1,1,1,1,1,51.79029573,4.979763665,1090,0.983843693,-0.044939275,50,0.1,0.1,0.1,253.6,-10.9,5.18,2,-0.5,0.1,1.5,0.2,3,45,2.5,39.90018,116.40018,4018,4000,253.8341388
02:00.0,1.74958E+12,FU_025,0,1.74954E+12,1.74955E+12,1,1,1,1,1,1,0.1,0.1,0.1,1,1,1,1,1,1,1,1,1,1,1,1,1,51.98669331,4.975020826,1100,0.980066578,-0.049916708,50,0.1,0.1,0.1,254,-11,5.2,2,-0.5,0.1,1.5,0.2,3,45,2.5,39.9002,116.4002,4020,4000,254.2380774
02:12.0,1.74958E+12,FU_025,0,1.74954E+12,1.74955E+12,1,1,1,1,1,1,0.1,0.1,0.1,1,1,1,1,1,1,1,1,1,1,1,1,1,52.18229623,4.96978049,1110,0.975897449,-0.05488915,50,0.1,0.1,0.1,254.4,-11.1,5.22,2,-0.5,0.1,1.5,0.2,3,45,2.5,39.90022,116.40022,4022,4000,254.6420429
02:24.0,1.74958E+12,FU_025,0,1.74954E+12,1.74955E+12,1,1,1,1,1,1,0.1,0.1,0.1,1,1,1,1,1,1,1,1,1,1,1,1,1,52.37702626,4.964043179,1120,0.971337975,-0.059856104,50,0.1,0.1,0.1,254.8,-11.2,5.24,2,-0.5,0.1,1.5,0.2,3,45,2.5,39.90024,116.40024,4024,4000,255.0460351
02:36.0,1.74958E+12,FU_025,0,1.74954E+12,1.74955E+12,1,1,1,1,1,1,0.1,0.1,0.1,1,1,1,1,1,1,1,1,1,1,1,1,1,52.57080552,4.957809469,1130,0.966389978,-0.064817071,50,0.1,0.1,0.1,255.2,-11.3,5.26,2,-0.5,0.1,1.5,0.2,3,45,2.5,39.90026,116.40026,4026,4000,255.4500538
02:48.0,1.74958E+12,FU_025,0,1.74954E+12,1.74955E+12,1,1,1,1,1,1,0.1,0.1,0.1,1,1,1,1,1,1,1,1,1,1,1,1,1,52.76355649,4.951079981,1140,0.961055438,-0.069771557,50,0.1,0.1,0.1,255.6,-11.4,5.28,2,-0.5,0.1,1.5,0.2,3,45,2.5,39.90028,116.40028,4028,4000,255.854099
03:00.0,1.74958E+12,FU_025,0,1.74954E+12,1.74955E+12,1,1,1,1,1,1,0.1,0.1,0.1,1,1,1,1,1,1,1,1,1,1,1,1,1,52.95520207,4.94385539,1150,0.955336489,-0.074719066,50,0.1,0.1,0.1,256,-11.5,5.3,2,-0.5,0.1,1.5,0.2,3,45,2.5,39.9003,116.4003,4030,4000,256.2581706
03:12.0,1.74958E+12,FU_025,0,1.74954E+12,1.74955E+12,1,1,1,1,1,1,0.1,0.1,0.1,1,1,1,1,1,1,1,1,1,1,1,1,1,53.14566561,4.936136417,1160,0.949235418,-0.079659103,50,0.1,0.1,0.1,256.4,-11.6,5.32,2,-0.5,0.1,1.5,0.2,3,45,2.5,39.90032,116.40032,4032,4000,256.6622684
03:24.0,1.74958E+12,FU_025,0,1.74954E+12,1.74955E+12,1,1,1,1,1,1,0.1,0.1,0.1,1,1,1,1,1,1,1,1,1,1,1,1,1,53.33487092,4.927923835,1170,0.942754666,-0.084591175,50,0.1,0.1,0.1,256.8,-11.7,5.34,2,-0.5,0.1,1.5,0.2,3,45,2.5,39.90034,116.40034,4034,4000,257.0663922
03:36.0,1.74958E+12,FU_025,0,1.74954E+12,1.74955E+12,1,1,1,1,1,1,0.1,0.1,0.1,1,1,1,1,1,1,1,1,1,1,1,1,1,53.52274233,4.919218464,1180,0.935896824,-0.089514787,50,0.1,0.1,0.1,257.2,-11.8,5.36,2,-0.5,0.1,1.5,0.2,3,45,2.5,39.90036,116.40036,4036,4000,257.470542
03:48.0,1.74958E+12,FU_025,0,1.74954E+12,1.74955E+12,1,1,1,1,1,1,0.1,0.1,0.1,1,1,1,1,1,1,1,1,1,1,1,1,1,53.70920469,4.910021176,1190,0.928664636,-0.094429447,50,0.1,0.1,0.1,257.6,-11.9,5.38,2,-0.5,0.1,1.5,0.2,3,45,2.5,39.90038,116.40038,4038,4000,257.8747176
04:00.0,1.74958E+12,FU_025,0,1.74954E+12,1.74955E+12,1,1,1,1,1,1,0.1,0.1,0.1,1,1,1,1,1,1,1,1,1,1,1,1,1,53.89418342,4.900332889,1200,0.921060994,-0.099334665,50,0.1,0.1,0.1,258,-12,5.4,2,-0.5,0.1,1.5,0.2,3,45,2.5,39.9004,116.4004,4040,4000,258.278919
04:12.0,1.74958E+12,FU_025,0,1.74954E+12,1.74955E+12,1,1,1,1,1,1,0.1,0.1,0.1,1,1,1,1,1,1,1,1,1,1,1,1,1,54.07760453,4.890154574,1210,0.91308894,-0.10422995,50,0.1,0.1,0.1,258.4,-12.1,5.42,2,-0.5,0.1,1.5,0.2,3,45,2.5,39.90042,116.40042,4042,4000,258.683146
04:24.0,1.74958E+12,FU_025,0,1.74954E+12,1.74955E+12,1,1,1,1,1,1,0.1,0.1,0.1,1,1,1,1,1,1,1,1,1,1,1,1,1,54.25939465,4.879487247,1220,0.904751663,-0.109114812,50,0.1,0.1,0.1,258.8,-12.2,5.44,2,-0.5,0.1,1.5,0.2,3,45,2.5,39.90044,116.40044,4044,4000,259.0873984
04:36.0,1.74958E+12,FU_025,0,1.74954E+12,1.74955E+12,1,1,1,1,1,1,0.1,0.1,0.1,1,1,1,1,1,1,1,1,1,1,1,1,1,54.43948107,4.868331975,1230,0.896052498,-0.113988762,50,0.1,0.1,0.1,259.2,-12.3,5.46,2,-0.5,0.1,1.5,0.2,3,45,2.5,39.90046,116.40046,4046,4000,259.4916762
04:48.0,1.74958E+12,FU_025,0,1.74954E+12,1.74955E+12,1,1,1,1,1,1,0.1,0.1,0.1,1,1,1,1,1,1,1,1,1,1,1,1,1,54.61779176,4.856689874,1240,0.886994923,-0.118851313,50,0.1,0.1,0.1,259.6,-12.4,5.48,2,-0.5,0.1,1.5,0.2,3,45,2.5,39.90048,116.40048,4048,4000,259.8959792
05:00.0,1.74958E+12,FU_025,0,1.74954E+12,1.74955E+12,1,1,1,1,1,1,0.1,0.1,0.1,1,1,1,1,1,1,1,1,1,1,1,1,1,54.79425539,4.844562109,1250,0.877582562,-0.12370198,50,0.1,0.1,0.1,260,-12.5,5.5,2,-0.5,0.1,1.5,0.2,3,45,2.5,39.9005,116.4005,4050,4000,260.3003073
05:12.0,1.74958E+12,FU_025,0,1.74954E+12,1.74955E+12,1,1,1,1,1,1,0.1,0.1,0.1,1,1,1,1,1,1,1,1,1,1,1,1,1,54.96880138,4.831949891,1260,0.86781918,-0.128540276,50,0.1,0.1,0.1,260.4,-12.6,5.52,2,-0.5,0.1,1.5,0.2,3,45,2.5,39.90052,116.40052,4052,4000,260.7046605
05:24.0,1.74958E+12,FU_025,0,1.74954E+12,1.74955E+12,1,1,1,1,1,1,0.1,0.1,0.1,1,1,1,1,1,1,1,1,1,1,1,1,1,55.14135992,4.818854482,1270,0.857708681,-0.133365718,50,0.1,0.1,0.1,260.8,-12.7,5.54,2,-0.5,0.1,1.5,0.2,3,45,2.5,39.90054,116.40054,4054,4000,261.1090385
05:36.0,1.74958E+12,FU_025,0,1.74954E+12,1.74955E+12,1,1,1,1,1,1,0.1,0.1,0.1,1,1,1,1,1,1,1,1,1,1,1,1,1,55.31186198,4.805277192,1280,0.847255111,-0.138177824,50,0.1,0.1,0.1,261.2,-12.8,5.56,2,-0.5,0.1,1.5,0.2,3,45,2.5,39.90056,116.40056,4056,4000,261.5134413
05:48.0,1.74958E+12,FU_025,0,1.74954E+12,1.74955E+12,1,1,1,1,1,1,0.1,0.1,0.1,1,1,1,1,1,1,1,1,1,1,1,1,1,55.48023937,4.791219378,1290,0.83646265,-0.142976113,50,0.1,0.1,0.1,261.6,-12.9,5.58,2,-0.5,0.1,1.5,0.2,3,45,2.5,39.90058,116.40058,4058,4000,261.9178688
06:00.0,1.74958E+12,FU_025,0,1.74954E+12,1.74955E+12,1,1,1,1,1,1,0.1,0.1,0.1,1,1,1,1,1,1,1,1,1,1,1,1,1,55.64642473,4.776682446,1300,0.825335615,-0.147760103,50,0.1,0.1,0.1,262,-13,5.6,2,-0.5,0.1,1.5,0.2,3,45,2.5,39.9006,116.4006,4060,4000,262.3223208
06:12.0,1.74958E+12,FU_025,0,1.74954E+12,1.74955E+12,1,1,1,1,1,1,0.1,0.1,0.1,1,1,1,1,1,1,1,1,1,1,1,1,1,55.81035161,4.761667849,1310,0.813878457,-0.152529318,50,0.1,0.1,0.1,262.4,-13.1,5.62,2,-0.5,0.1,1.5,0.2,3,45,2.5,39.90062,116.40062,4062,4000,262.7267973
06:24.0,1.74958E+12,FU_025,0,1.74954E+12,1.74955E+12,1,1,1,1,1,1,0.1,0.1,0.1,1,1,1,1,1,1,1,1,1,1,1,1,1,55.97195441,4.74617709,1320,0.802095758,-0.15728328,50,0.1,0.1,0.1,262.8,-13.2,5.64,2,-0.5,0.1,1.5,0.2,3,45,2.5,39.90064,116.40064,4064,4000,263.131298
06:36.0,1.74958E+12,FU_025,0,1.74954E+12,1.74955E+12,1,1,1,1,1,1,0.1,0.1,0.1,1,1,1,1,1,1,1,1,1,1,1,1,1,56.13116852,4.730211718,1330,0.789992231,-0.162021514,50,0.1,0.1,0.1,263.2,-13.3,5.66,2,-0.5,0.1,1.5,0.2,3,45,2.5,39.90066,116.40066,4066,4000,263.535823
06:48.0,1.74958E+12,FU_025,0,1.74954E+12,1.74955E+12,1,1,1,1,1,1,0.1,0.1,0.1,1,1,1,1,1,1,1,1,1,1,1,1,1,56.28793024,4.713773328,1340,0.777572719,-0.166743546,50,0.1,0.1,0.1,263.6,-13.4,5.68,2,-0.5,0.1,1.5,0.2,3,45,2.5,39.90068,116.40068,4068,4000,263.9403721
07:00.0,1.74958E+12,FU_025,0,1.74954E+12,1.74955E+12,1,1,1,1,1,1,0.1,0.1,0.1,1,1,1,1,1,1,1,1,1,1,1,1,1,56.44217687,4.696863564,1350,0.764842187,-0.171448904,50,0.1,0.1,0.1,264,-13.5,5.7,2,-0.5,0.1,1.5,0.2,3,45,2.5,39.9007,116.4007,4070,4000,264.3449451
07:12.0,1.74958E+12,FU_025,0,1.74954E+12,1.74955E+12,1,1,1,1,1,1,0.1,0.1,0.1,1,1,1,1,1,1,1,1,1,1,1,1,1,56.59384672,4.679484118,1360,0.751805729,-0.176137117,50,0.1,0.1,0.1,264.4,-13.6,5.72,2,-0.5,0.1,1.5,0.2,3,45,2.5,39.90072,116.40072,4072,4000,264.749542
07:24.0,1.74958E+12,FU_025,0,1.74954E+12,1.74955E+12,1,1,1,1,1,1,0.1,0.1,0.1,1,1,1,1,1,1,1,1,1,1,1,1,1,56.74287912,4.661636728,1370,0.738468559,-0.180807716,50,0.1,0.1,0.1,264.8,-13.7,5.74,2,-0.5,0.1,1.5,0.2,3,45,2.5,39.90074,116.40074,4074,4000,265.1541627
07:36.0,1.74958E+12,FU_025,0,1.74954E+12,1.74955E+12,1,1,1,1,1,1,0.1,0.1,0.1,1,1,1,1,1,1,1,1,1,1,1,1,1,56.88921445,4.643323178,1380,0.724836011,-0.185460235,50,0.1,0.1,0.1,265.2,-13.8,5.76,2,-0.5,0.1,1.5,0.2,3,45,2.5,39.90076,116.40076,4076,4000,265.558807
07:48.0,1.74958E+12,FU_025,0,1.74954E+12,1.74955E+12,1,1,1,1,1,1,0.1,0.1,0.1,1,1,1,1,1,1,1,1,1,1,1,1,1,57.03279419,4.624545299,1390,0.710913538,-0.190094208,50,0.1,0.1,0.1,265.6,-13.9,5.78,2,-0.5,0.1,1.5,0.2,3,45,2.5,39.90078,116.40078,4078,4000,265.9634749
08:00.0,1.74958E+12,FU_025,0,1.74954E+12,1.74955E+12,1,1,1,1,1,1,0.1,0.1,0.1,1,1,1,1,1,1,1,1,1,1,1,1,1,57.17356091,4.60530497,1400,0.696706709,-0.194709171,50,0.1,0.1,0.1,266,-14,5.8,2,-0.5,0.1,1.5,0.2,3,45,2.5,39.9008,116.4008,4080,4000,266.3681663
08:12.0,1.74958E+12,FU_025,0,1.74954E+12,1.74955E+12,1,1,1,1,1,1,0.1,0.1,0.1,1,1,1,1,1,1,1,1,1,1,1,1,1,57.3114583,4.585604114,1410,0.682221207,-0.199304664,50,0.1,0.1,0.1,266.4,-14.1,5.82,2,-0.5,0.1,1.5,0.2,3,45,2.5,39.90082,116.40082,4082,4000,266.7728809
08:24.0,1.74958E+12,FU_025,0,1.74954E+12,1.74955E+12,1,1,1,1,1,1,0.1,0.1,0.1,1,1,1,1,1,1,1,1,1,1,1,1,1,57.4464312,4.565444702,1420,0.667462826,-0.203880227,50,0.1,0.1,0.1,266.8,-14.2,5.84,2,-0.5,0.1,1.5,0.2,3,45,2.5,39.90084,116.40084,4084,4000,267.1776188
08:36.0,1.74958E+12,FU_025,0,1.74954E+12,1.74955E+12,1,1,1,1,1,1,0.1,0.1,0.1,1,1,1,1,1,1,1,1,1,1,1,1,1,57.57842563,4.544828748,1430,0.652437468,-0.208435401,50,0.1,0.1,0.1,267.2,-14.3,5.86,2,-0.5,0.1,1.5,0.2,3,45,2.5,39.90086,116.40086,4086,4000,267.5823798
08:48.0,1.74958E+12,FU_025,0,1.74954E+12,1.74955E+12,1,1,1,1,1,1,0.1,0.1,0.1,1,1,1,1,1,1,1,1,1,1,1,1,1,57.70738879,4.523758316,1440,0.637151144,-0.212969733,50,0.1,0.1,0.1,267.6,-14.4,5.88,2,-0.5,0.1,1.5,0.2,3,45,2.5,39.90088,116.40088,4088,4000,267.9871639
09:00.0,1.74958E+12,FU_025,0,1.74954E+12,1.74955E+12,1,1,1,1,1,1,0.1,0.1,0.1,1,1,1,1,1,1,1,1,1,1,1,1,1,57.8332691,4.502235512,1450,0.621609968,-0.217482767,50,0.1,0.1,0.1,268,-14.5,5.9,2,-0.5,0.1,1.5,0.2,3,45,2.5,39.9009,116.4009,4090,4000,268.3919708
09:12.0,1.74958E+12,FU_025,0,1.74954E+12,1.74955E+12,1,1,1,1,1,1,0.1,0.1,0.1,1,1,1,1,1,1,1,1,1,1,1,1,1,57.9560162,4.480262488,1460,0.605820157,-0.221974053,50,0.1,0.1,0.1,268.4,-14.6,5.92,2,-0.5,0.1,1.5,0.2,3,45,2.5,39.90092,116.40092,4092,4000,268.7968006
09:24.0,1.74958E+12,FU_025,0,1.74954E+12,1.74955E+12,1,1,1,1,1,1,0.1,0.1,0.1,1,1,1,1,1,1,1,1,1,1,1,1,1,58.075581,4.457841441,1470,0.589788025,-0.226443143,50,0.1,0.1,0.1,268.8,-14.7,5.94,2,-0.5,0.1,1.5,0.2,3,45,2.5,39.90094,116.40094,4094,4000,269.201653
09:36.0,1.74958E+12,FU_025,0,1.74954E+12,1.74955E+12,1,1,1,1,1,1,0.1,0.1,0.1,1,1,1,1,1,1,1,1,1,1,1,1,1,58.19191568,4.434974614,1480,0.573519986,-0.230889588,50,0.1,0.1,0.1,269.2,-14.8,5.96,2,-0.5,0.1,1.5,0.2,3,45,2.5,39.90096,116.40096,4096,4000,269.6065281
09:48.0,1.74958E+12,FU_025,0,1.74954E+12,1.74955E+12,1,1,1,1,1,1,0.1,0.1,0.1,1,1,1,1,1,1,1,1,1,1,1,1,1,58.3049737,4.411664293,1490,0.557022547,-0.235312944,50,0.1,0.1,0.1,269.6,-14.9,5.98,2,-0.5,0.1,1.5,0.2,3,45,2.5,39.90098,116.40098,4098,4000,270.0114257
10:00.0,1.74958E+12,FU_025,0,1.74954E+12,1.74955E+12,1,1,1,1,1,1,0.1,0.1,0.1,1,1,1,1,1,1,1,1,1,1,1,1,1,58.41470985,4.387912809,1500,0.540302306,-0.239712769,50,0.1,0.1,0.1,270,-15,6,2,-0.5,0.1,1.5,0.2,3,45,2.5,39.901,116.401,4100,4000,270.4163457
10:12.0,1.74958E+12,FU_025,0,1.74954E+12,1.74955E+12,1,1,1,1,1,1,0.1,0.1,0.1,1,1,1,1,1,1,1,1,1,1,1,1,1,58.52108022,4.363722538,1510,0.523365951,-0.244088623,50,0.1,0.1,0.1,270.4,-15.1,6.02,2,-0.5,0.1,1.5,0.2,3,45,2.5,39.90102,116.40102,4102,4000,270.8212879
10:24.0,1.74958E+12,FU_025,0,1.74954E+12,1.74955E+12,1,1,1,1,1,1,0.1,0.1,0.1,1,1,1,1,1,1,1,1,1,1,1,1,1,58.62404227,4.339095898,1520,0.506220257,-0.248440069,50,0.1,0.1,0.1,270.8,-15.2,6.04,2,-0.5,0.1,1.5,0.2,3,45,2.5,39.90104,116.40104,4104,4000,271.2262524
10:36.0,1.74958E+12,FU_025,0,1.74954E+12,1.74955E+12,1,1,1,1,1,1,0.1,0.1,0.1,1,1,1,1,1,1,1,1,1,1,1,1,1,58.72355482,4.314035353,1530,0.488872082,-0.252766671,50,0.1,0.1,0.1,271.2,-15.3,6.06,2,-0.5,0.1,1.5,0.2,3,45,2.5,39.90106,116.40106,4106,4000,271.631239
10:48.0,1.74958E+12,FU_025,0,1.74954E+12,1.74955E+12,1,1,1,1,1,1,0.1,0.1,0.1,1,1,1,1,1,1,1,1,1,1,1,1,1,58.81957807,4.288543407,1540,0.471328364,-0.257067996,50,0.1,0.1,0.1,271.6,-15.4,6.08,2,-0.5,0.1,1.5,0.2,3,45,2.5,39.90108,116.40108,4108,4000,272.0362476
11:00.0,1.74958E+12,FU_025,0,1.74954E+12,1.74955E+12,1,1,1,1,1,1,0.1,0.1,0.1,1,1,1,1,1,1,1,1,1,1,1,1,1,58.9120736,4.26262261,1550,0.453596121,-0.261343614,50,0.1,0.1,0.1,272,-15.5,6.1,2,-0.5,0.1,1.5,0.2,3,45,2.5,39.9011,116.4011,4110,4000,272.4412781
11:12.0,1.74958E+12,FU_025,0,1.74954E+12,1.74955E+12,1,1,1,1,1,1,0.1,0.1,0.1,1,1,1,1,1,1,1,1,1,1,1,1,1,59.00100442,4.236275555,1560,0.435682446,-0.265593099,50,0.1,0.1,0.1,272.4,-15.6,6.12,2,-0.5,0.1,1.5,0.2,3,45,2.5,39.90112,116.40112,4112,4000,272.8463304
11:24.0,1.74958E+12,FU_025,0,1.74954E+12,1.74955E+12,1,1,1,1,1,1,0.1,0.1,0.1,1,1,1,1,1,1,1,1,1,1,1,1,1,59.08633496,4.209504876,1570,0.417594504,-0.269816024,50,0.1,0.1,0.1,272.8,-15.7,6.14,2,-0.5,0.1,1.5,0.2,3,45,2.5,39.90114,116.40114,4114,4000,273.2514044
11:36.0,1.74958E+12,FU_025,0,1.74954E+12,1.74955E+12,1,1,1,1,1,1,0.1,0.1,0.1,1,1,1,1,1,1,1,1,1,1,1,1,1,59.16803109,4.18231325,1580,0.399339529,-0.274011968,50,0.1,0.1,0.1,273.2,-15.8,6.16,2,-0.5,0.1,1.5,0.2,3,45,2.5,39.90116,116.40116,4116,4000,273.6565
11:48.0,1.74958E+12,FU_025,0,1.74954E+12,1.74955E+12,1,1,1,1,1,1,0.1,0.1,0.1,1,1,1,1,1,1,1,1,1,1,1,1,1,59.24606012,4.154703396,1590,0.380924824,-0.278180511,50,0.1,0.1,0.1,273.6,-15.9,6.18,2,-0.5,0.1,1.5,0.2,3,45,2.5,39.90118,116.40118,4118,4000,274.0616172
12:00.0,1.74958E+12,FU_025,0,1.74954E+12,1.74955E+12,1,1,1,1,1,1,0.1,0.1,0.1,1,1,1,1,1,1,1,1,1,1,1,1,1,59.32039086,4.126678075,1600,0.362357754,-0.282321237,50,0.1,0.1,0.1,274,-16,6.2,2,-0.5,0.1,1.5,0.2,3,45,2.5,39.9012,116.4012,4120,4000,274.4667557
12:12.0,1.74958E+12,FU_025,0,1.74954E+12,1.74955E+12,1,1,1,1,1,1,0.1,0.1,0.1,1,1,1,1,1,1,1,1,1,1,1,1,1,59.39099356,4.098240089,1610,0.343645746,-0.28643373,50,0.1,0.1,0.1,274.4,-16.1,6.22,2,-0.5,0.1,1.5,0.2,3,45,2.5,39.90122,116.40122,4122,4000,274.8719156
12:24.0,1.74958E+12,FU_025,0,1.74954E+12,1.74955E+12,1,1,1,1,1,1,0.1,0.1,0.1,1,1,1,1,1,1,1,1,1,1,1,1,1,59.45783999,4.069392283,1620,0.324796284,-0.29051758,50,0.1,0.1,0.1,274.8,-16.2,6.24,2,-0.5,0.1,1.5,0.2,3,45,2.5,39.90124,116.40124,4124,4000,275.2770968
12:36.0,1.74958E+12,FU_025,0,1.74954E+12,1.74955E+12,1,1,1,1,1,1,0.1,0.1,0.1,1,1,1,1,1,1,1,1,1,1,1,1,1,59.52090342,4.040137542,1630,0.305816908,-0.294572379,50,0.1,0.1,0.1,275.2,-16.3,6.26,2,-0.5,0.1,1.5,0.2,3,45,2.5,39.90126,116.40126,4126,4000,275.682299
12:48.0,1.74958E+12,FU_025,0,1.74954E+12,1.74955E+12,1,1,1,1,1,1,0.1,0.1,0.1,1,1,1,1,1,1,1,1,1,1,1,1,1,59.5801586,4.010478789,1640,0.28671521,-0.298597721,50,0.1,0.1,0.1,275.6,-16.4,6.28,2,-0.5,0.1,1.5,0.2,3,45,2.5,39.90128,116.40128,4128,4000,276.0875224
13:00.0,1.74958E+12,FU_025,0,1.74954E+12,1.74955E+12,1,1,1,1,1,1,0.1,0.1,0.1,1,1,1,1,1,1,1,1,1,1,1,1,1,59.63558185,3.980418993,1650,0.267498829,-0.302593203,50,0.1,0.1,0.1,276,-16.5,6.3,2,-0.5,0.1,1.5,0.2,3,45,2.5,39.9013,116.4013,4130,4000,276.4927666
13:12.0,1.74958E+12,FU_025,0,1.74954E+12,1.74955E+12,1,1,1,1,1,1,0.1,0.1,0.1,1,1,1,1,1,1,1,1,1,1,1,1,1,59.687151,3.949961157,1660,0.248175452,-0.306558426,50,0.1,0.1,0.1,276.4,-16.6,6.32,2,-0.5,0.1,1.5,0.2,3,45,2.5,39.90132,116.40132,4132,4000,276.8980318
13:24.0,1.74958E+12,FU_025,0,1.74954E+12,1.74955E+12,1,1,1,1,1,1,0.1,0.1,0.1,1,1,1,1,1,1,1,1,1,1,1,1,1,59.73484542,3.919108329,1670,0.228752808,-0.310492994,50,0.1,0.1,0.1,276.8,-16.7,6.34,2,-0.5,0.1,1.5,0.2,3,45,2.5,39.90134,116.40134,4134,4000,277.3033177
13:36.0,1.74958E+12,FU_025,0,1.74954E+12,1.74955E+12,1,1,1,1,1,1,0.1,0.1,0.1,1,1,1,1,1,1,1,1,1,1,1,1,1,59.77864602,3.887863594,1680,0.209238666,-0.314396512,50,0.1,0.1,0.1,277.2,-16.8,6.36,2,-0.5,0.1,1.5,0.2,3,45,2.5,39.90136,116.40136,4136,4000,277.7086243
13:48.0,1.74958E+12,FU_025,0,1.74954E+12,1.74955E+12,1,1,1,1,1,1,0.1,0.1,0.1,1,1,1,1,1,1,1,1,1,1,1,1,1,59.8185353,3.856230075,1690,0.189640831,-0.318268591,50,0.1,0.1,0.1,277.6,-16.9,6.38,2,-0.5,0.1,1.5,0.2,3,45,2.5,39.90138,116.40138,4138,4000,278.1139515
14:00.0,1.74958E+12,FU_025,0,1.74954E+12,1.74955E+12,1,1,1,1,1,1,0.1,0.1,0.1,1,1,1,1,1,1,1,1,1,1,1,1,1,59.8544973,3.824210936,1700,0.169967143,-0.322108844,50,0.1,0.1,0.1,278,-17,6.4,2,-0.5,0.1,1.5,0.2,3,45,2.5,39.9014,116.4014,4140,4000,278.5192992
14:12.0,1.74958E+12,FU_025,0,1.74954E+12,1.74955E+12,1,1,1,1,1,1,0.1,0.1,0.1,1,1,1,1,1,1,1,1,1,1,1,1,1,59.88651763,3.79180938,1710,0.15022547,-0.325916886,50,0.1,0.1,0.1,278.4,-17.1,6.42,2,-0.5,0.1,1.5,0.2,3,45,2.5,39.90142,116.40142,4142,4000,278.9246672
14:24.0,1.74958E+12,FU_025,0,1.74954E+12,1.74955E+12,1,1,1,1,1,1,0.1,0.1,0.1,1,1,1,1,1,1,1,1,1,1,1,1,1,59.91458348,3.759028646,1720,0.130423709,-0.329692336,50,0.1,0.1,0.1,278.8,-17.2,6.44,2,-0.5,0.1,1.5,0.2,3,45,2.5,39.90144,116.40144,4144,4000,279.3300557
14:36.0,1.74958E+12,FU_025,0,1.74954E+12,1.74955E+12,1,1,1,1,1,1,0.1,0.1,0.1,1,1,1,1,1,1,1,1,1,1,1,1,1,59.93868363,3.725872012,1730,0.11056978,-0.333434818,50,0.1,0.1,0.1,279.2,-17.3,6.46,2,-0.5,0.1,1.5,0.2,3,45,2.5,39.90146,116.40146,4146,4000,279.7354643
14:48.0,1.74958E+12,FU_025,0,1.74954E+12,1.74955E+12,1,1,1,1,1,1,0.1,0.1,0.1,1,1,1,1,1,1,1,1,1,1,1,1,1,59.95880845,3.692342794,1740,0.090671624,-0.337143956,50,0.1,0.1,0.1,279.6,-17.4,6.48,2,-0.5,0.1,1.5,0.2,3,45,2.5,39.90148,116.40148,4148,4000,280.1408931
15:00.0,1.74958E+12,FU_025,0,1.74954E+12,1.74955E+12,1,1,1,1,1,1,0.1,0.1,0.1,1,1,1,1,1,1,1,1,1,1,1,1,1,59.97494987,3.658444344,1750,0.070737202,-0.34081938,50,0.1,0.1,0.1,280,-17.5,6.5,2,-0.5,0.1,1.5,0.2,3,45,2.5,39.9015,116.4015,4150,4000,280.546342
15:12.0,1.74958E+12,FU_025,0,1.74954E+12,1.74955E+12,1,1,1,1,1,1,0.1,0.1,0.1,1,1,1,1,1,1,1,1,1,1,1,1,1,59.98710144,3.624180054,1760,0.050774485,-0.344460723,50,0.1,0.1,0.1,280.4,-17.6,6.52,2,-0.5,0.1,1.5,0.2,3,45,2.5,39.90152,116.40152,4152,4000,280.9518108
15:24.0,1.74958E+12,FU_025,0,1.74954E+12,1.74955E+12,1,1,1,1,1,1,0.1,0.1,0.1,1,1,1,1,1,1,1,1,1,1,1,1,1,59.99525831,3.589553348,1770,0.030791459,-0.348067619,50,0.1,0.1,0.1,280.8,-17.7,6.54,2,-0.5,0.1,1.5,0.2,3,45,2.5,39.90154,116.40154,4154,4000,281.3572995
15:36.0,1.74958E+12,FU_025,0,1.74954E+12,1.74955E+12,1,1,1,1,1,1,0.1,0.1,0.1,1,1,1,1,1,1,1,1,1,1,1,1,1,59.9994172,3.55456769,1780,0.010796117,-0.35163971,50,0.1,0.1,0.1,281.2,-17.8,6.56,2,-0.5,0.1,1.5,0.2,3,45,2.5,39.90156,116.40156,4156,4000,281.762808
15:48.0,1.74958E+12,FU_025,0,1.74954E+12,1.74955E+12,1,1,1,1,1,1,0.1,0.1,0.1,1,1,1,1,1,1,1,1,1,1,1,1,1,59.99957646,3.519226578,1790,-0.009203543,-0.355176636,50,0.1,0.1,0.1,281.6,-17.9,6.58,2,-0.5,0.1,1.5,0.2,3,45,2.5,39.90158,116.40158,4158,4000,282.1683363
16:00.0,1.74958E+12,FU_025,0,1.74954E+12,1.74955E+12,1,1,1,1,1,1,0.1,0.1,0.1,1,1,1,1,1,1,1,1,1,1,1,1,1,59.99573603,3.483533547,1800,-0.029199522,-0.358678045,50,0.1,0.1,0.1,282,-18,6.6,2,-0.5,0.1,1.5,0.2,3,45,2.5,39.9016,116.4016,4160,4000,282.5738841
16:12.0,1.74958E+12,FU_025,0,1.74954E+12,1.74955E+12,1,1,1,1,1,1,0.1,0.1,0.1,1,1,1,1,1,1,1,1,1,1,1,1,1,59.98789743,3.447492165,1810,-0.049183822,-0.362143587,50,0.1,0.1,0.1,282.4,-18.1,6.62,2,-0.5,0.1,1.5,0.2,3,45,2.5,39.90162,116.40162,4162,4000,282.9794516
16:24.0,1.74958E+12,FU_025,0,1.74954E+12,1.74955E+12,1,1,1,1,1,1,0.1,0.1,0.1,1,1,1,1,1,1,1,1,1,1,1,1,1,59.97606381,3.411106036,1820,-0.069148449,-0.365572915,50,0.1,0.1,0.1,282.8,-18.2,6.64,2,-0.5,0.1,1.5,0.2,3,45,2.5,39.90164,116.40164,4164,4000,283.3850384
16:36.0,1.74958E+12,FU_025,0,1.74954E+12,1.74955E+12,1,1,1,1,1,1,0.1,0.1,0.1,1,1,1,1,1,1,1,1,1,1,1,1,1,59.9602399,3.3743788,1830,-0.089085417,-0.368965686,50,0.1,0.1,0.1,283.2,-18.3,6.66,2,-0.5,0.1,1.5,0.2,3,45,2.5,39.90166,116.40166,4166,4000,283.7906447
16:48.0,1.74958E+12,FU_025,0,1.74954E+12,1.74955E+12,1,1,1,1,1,1,0.1,0.1,0.1,1,1,1,1,1,1,1,1,1,1,1,1,1,59.94043202,3.337314129,1840,-0.108986752,-0.37232156,50,0.1,0.1,0.1,283.6,-18.4,6.68,2,-0.5,0.1,1.5,0.2,3,45,2.5,39.90168,116.40168,4168,4000,284.1962702
17:00.0,1.74958E+12,FU_025,0,1.74954E+12,1.74955E+12,1,1,1,1,1,1,0.1,0.1,0.1,1,1,1,1,1,1,1,1,1,1,1,1,1,59.9166481,3.299915729,1850,-0.128844494,-0.375640203,50,0.1,0.1,0.1,284,-18.5,6.7,2,-0.5,0.1,1.5,0.2,3,45,2.5,39.9017,116.4017,4170,4000,284.601915
17:12.0,1.74958E+12,FU_025,0,1.74954E+12,1.74955E+12,1,1,1,1,1,1,0.1,0.1,0.1,1,1,1,1,1,1,1,1,1,1,1,1,1,59.88889766,3.262187341,1860,-0.1486507,-0.378921281,50,0.1,0.1,0.1,284.4,-18.6,6.72,2,-0.5,0.1,1.5,0.2,3,45,2.5,39.90172,116.40172,4172,4000,285.0075788
17:24.0,1.74958E+12,FU_025,0,1.74954E+12,1.74955E+12,1,1,1,1,1,1,0.1,0.1,0.1,1,1,1,1,1,1,1,1,1,1,1,1,1,59.85719179,3.224132736,1870,-0.168397448,-0.382164469,50,0.1,0.1,0.1,284.8,-18.7,6.74,2,-0.5,0.1,1.5,0.2,3,45,2.5,39.90174,116.40174,4174,4000,285.4132618
17:36.0,1.74958E+12,FU_025,0,1.74954E+12,1.74955E+12,1,1,1,1,1,1,0.1,0.1,0.1,1,1,1,1,1,1,1,1,1,1,1,1,1,59.82154317,3.185755721,1880,-0.188076839,-0.385369439,50,0.1,0.1,0.1,285.2,-18.8,6.76,2,-0.5,0.1,1.5,0.2,3,45,2.5,39.90176,116.40176,4176,4000,285.8189637
17:48.0,1.74958E+12,FU_025,0,1.74954E+12,1.74955E+12,1,1,1,1,1,1,0.1,0.1,0.1,1,1,1,1,1,1,1,1,1,1,1,1,1,59.78196607,3.147060133,1890,-0.207681002,-0.388535874,50,0.1,0.1,0.1,285.6,-18.9,6.78,2,-0.5,0.1,1.5,0.2,3,45,2.5,39.90178,116.40178,4178,4000,286.2246845
18:00.0,1.74958E+12,FU_025,0,1.74954E+12,1.74955E+12,1,1,1,1,1,1,0.1,0.1,0.1,1,1,1,1,1,1,1,1,1,1,1,1,1,59.73847631,3.108049841,1900,-0.227202095,-0.391663455,50,0.1,0.1,0.1,286,-19,6.8,2,-0.5,0.1,1.5,0.2,3,45,2.5,39.9018,116.4018,4180,4000,286.6304241
18:12.0,1.74958E+12,FU_025,0,1.74954E+12,1.74955E+12,1,1,1,1,1,1,0.1,0.1,0.1,1,1,1,1,1,1,1,1,1,1,1,1,1,59.69109129,3.068728747,1910,-0.24663231,-0.39475187,50,0.1,0.1,0.1,286.4,-19.1,6.82,2,-0.5,0.1,1.5,0.2,3,45,2.5,39.90182,116.40182,4182,4000,287.0361824
18:24.0,1.74958E+12,FU_025,0,1.74954E+12,1.74955E+12,1,1,1,1,1,1,0.1,0.1,0.1,1,1,1,1,1,1,1,1,1,1,1,1,1,59.63982996,3.029100783,1920,-0.265963876,-0.39780081,50,0.1,0.1,0.1,286.8,-19.2,6.84,2,-0.5,0.1,1.5,0.2,3,45,2.5,39.90184,116.40184,4184,4000,287.4419594
18:36.0,1.74958E+12,FU_025,0,1.74954E+12,1.74955E+12,1,1,1,1,1,1,0.1,0.1,0.1,1,1,1,1,1,1,1,1,1,1,1,1,1,59.58471283,2.989169911,1930,-0.285189059,-0.40080997,50,0.1,0.1,0.1,287.2,-19.3,6.86,2,-0.5,0.1,1.5,0.2,3,45,2.5,39.90186,116.40186,4186,4000,287.8477549
18:48.0,1.74958E+12,FU_025,0,1.74954E+12,1.74955E+12,1,1,1,1,1,1,0.1,0.1,0.1,1,1,1,1,1,1,1,1,1,1,1,1,1,59.52576194,2.948940125,1940,-0.304300171,-0.40377905,50,0.1,0.1,0.1,287.6,-19.4,6.88,2,-0.5,0.1,1.5,0.2,3,45,2.5,39.90188,116.40188,4188,4000,288.2535689
19:00.0,1.74958E+12,FU_025,0,1.74954E+12,1.74955E+12,1,1,1,1,1,1,0.1,0.1,0.1,1,1,1,1,1,1,1,1,1,1,1,1,1,59.46300088,2.908415447,1950,-0.323289567,-0.406707752,50,0.1,0.1,0.1,288,-19.5,6.9,2,-0.5,0.1,1.5,0.2,3,45,2.5,39.9019,116.4019,4190,4000,288.6594014
19:12.0,1.74958E+12,FU_025,0,1.74954E+12,1.74955E+12,1,1,1,1,1,1,0.1,0.1,0.1,1,1,1,1,1,1,1,1,1,1,1,1,1,59.39645474,2.86759993,1960,-0.342149651,-0.409595784,50,0.1,0.1,0.1,288.4,-19.6,6.92,2,-0.5,0.1,1.5,0.2,3,45,2.5,39.90192,116.40192,4192,4000,289.0652521
19:24.0,1.74958E+12,FU_025,0,1.74954E+12,1.74955E+12,1,1,1,1,1,1,0.1,0.1,0.1,1,1,1,1,1,1,1,1,1,1,1,1,1,59.32615014,2.826497656,1970,-0.36087288,-0.412442857,50,0.1,0.1,0.1,288.8,-19.7,6.94,2,-0.5,0.1,1.5,0.2,3,45,2.5,39.90194,116.40194,4194,4000,289.4711212
19:36.0,1.74958E+12,FU_025,0,1.74954E+12,1.74955E+12,1,1,1,1,1,1,0.1,0.1,0.1,1,1,1,1,1,1,1,1,1,1,1,1,1,59.25211521,2.785112734,1980,-0.379451765,-0.415248685,50,0.1,0.1,0.1,289.2,-19.8,6.96,2,-0.5,0.1,1.5,0.2,3,45,2.5,39.90196,116.40196,4196,4000,289.8770084
19:48.0,1.74958E+12,FU_025,0,1.74954E+12,1.74955E+12,1,1,1,1,1,1,0.1,0.1,0.1,1,1,1,1,1,1,1,1,1,1,1,1,1,59.17437955,2.743449303,1990,-0.397878874,-0.418012989,50,0.1,0.1,0.1,289.6,-19.9,6.98,2,-0.5,0.1,1.5,0.2,3,45,2.5,39.90198,116.40198,4198,4000,290.2829137
20:00.0,1.74958E+12,FU_025,0,1.74954E+12,1.74955E+12,1,1,1,1,1,1,0.1,0.1,0.1,1,1,1,1,1,1,1,1,1,1,1,1,1,59.09297427,2.701511529,2000,-0.416146837,-0.420735492,50,0.1,0.1,0.1,290,-20,7,2,-0.5,0.1,1.5,0.2,3,45,2.5,39.902,116.402,4200,4000,290.6888371
20:12.0,1.74958E+12,FU_025,0,1.74954E+12,1.74955E+12,1,1,1,1,1,1,0.1,0.1,0.1,1,1,1,1,1,1,1,1,1,1,1,1,1,59.00793192,2.659303607,2010,-0.434248346,-0.423415922,50,0.1,0.1,0.1,290.4,-20.1,7.02,2,-0.5,0.1,1.5,0.2,3,45,2.5,39.90202,116.40202,4202,4000,291.0947784
20:24.0,1.74958E+12,FU_025,0,1.74954E+12,1.74955E+12,1,1,1,1,1,1,0.1,0.1,0.1,1,1,1,1,1,1,1,1,1,1,1,1,1,58.91928651,2.616829756,2020,-0.452176162,-0.426054011,50,0.1,0.1,0.1,290.8,-20.2,7.04,2,-0.5,0.1,1.5,0.2,3,45,2.5,39.90204,116.40204,4204,4000,291.5007376
20:36.0,1.74958E+12,FU_025,0,1.74954E+12,1.74955E+12,1,1,1,1,1,1,0.1,0.1,0.1,1,1,1,1,1,1,1,1,1,1,1,1,1,58.82707351,2.574094225,2030,-0.469923114,-0.428649495,50,0.1,0.1,0.1,291.2,-20.3,7.06,2,-0.5,0.1,1.5,0.2,3,45,2.5,39.90206,116.40206,4206,4000,291.9067146
20:48.0,1.74958E+12,FU_025,0,1.74954E+12,1.74955E+12,1,1,1,1,1,1,0.1,0.1,0.1,1,1,1,1,1,1,1,1,1,1,1,1,1,58.7313298,2.531101286,2040,-0.487482102,-0.431202114,50,0.1,0.1,0.1,291.6,-20.4,7.08,2,-0.5,0.1,1.5,0.2,3,45,2.5,39.90208,116.40208,4208,4000,292.3127093
21:00.0,1.74958E+12,FU_025,0,1.74954E+12,1.74955E+12,1,1,1,1,1,1,0.1,0.1,0.1,1,1,1,1,1,1,1,1,1,1,1,1,1,58.63209367,2.487855239,2050,-0.504846105,-0.433711613,50,0.1,0.1,0.1,292,-20.5,7.1,2,-0.5,0.1,1.5,0.2,3,45,2.5,39.9021,116.4021,4210,4000,292.7187216
21:12.0,1.74958E+12,FU_025,0,1.74954E+12,1.74955E+12,1,1,1,1,1,1,0.1,0.1,0.1,1,1,1,1,1,1,1,1,1,1,1,1,1,58.52940482,2.444360409,2060,-0.522008175,-0.436177741,50,0.1,0.1,0.1,292.4,-20.6,7.12,2,-0.5,0.1,1.5,0.2,3,45,2.5,39.90212,116.40212,4212,4000,293.1247516
21:24.0,1.74958E+12,FU_025,0,1.74954E+12,1.74955E+12,1,1,1,1,1,1,0.1,0.1,0.1,1,1,1,1,1,1,1,1,1,1,1,1,1,58.42330432,2.400621145,2070,-0.538961449,-0.438600252,50,0.1,0.1,0.1,292.8,-20.7,7.14,2,-0.5,0.1,1.5,0.2,3,45,2.5,39.90214,116.40214,4214,4000,293.5307991
21:36.0,1.74958E+12,FU_025,0,1.74954E+12,1.74955E+12,1,1,1,1,1,1,0.1,0.1,0.1,1,1,1,1,1,1,1,1,1,1,1,1,1,58.31383461,2.356641821,2080,-0.555699146,-0.440978903,50,0.1,0.1,0.1,293.2,-20.8,7.16,2,-0.5,0.1,1.5,0.2,3,45,2.5,39.90216,116.40216,4216,4000,293.936864
21:48.0,1.74958E+12,FU_025,0,1.74954E+12,1.74955E+12,1,1,1,1,1,1,0.1,0.1,0.1,1,1,1,1,1,1,1,1,1,1,1,1,1,58.20103948,2.312426834,2090,-0.572214571,-0.443313457,50,0.1,0.1,0.1,293.6,-20.9,7.18,2,-0.5,0.1,1.5,0.2,3,45,2.5,39.90218,116.40218,4218,4000,294.3429462
22:00.0,1.74958E+12,FU_025,0,1.74954E+12,1.74955E+12,1,1,1,1,1,1,0.1,0.1,0.1,1,1,1,1,1,1,1,1,1,1,1,1,1,58.08496404,2.267980607,2100,-0.588501117,-0.44560368,50,0.1,0.1,0.1,294,-21,7.2,2,-0.5,0.1,1.5,0.2,3,45,2.5,39.9022,116.4022,4220,4000,294.7490458
22:12.0,1.74958E+12,FU_025,0,1.74954E+12,1.74955E+12,1,1,1,1,1,1,0.1,0.1,0.1,1,1,1,1,1,1,1,1,1,1,1,1,1,57.96565472,2.223307584,2110,-0.604552271,-0.447849343,50,0.1,0.1,0.1,294.4,-21.1,7.22,2,-0.5,0.1,1.5,0.2,3,45,2.5,39.90222,116.40222,4222,4000,295.1551626
22:24.0,1.74958E+12,FU_025,0,1.74954E+12,1.74955E+12,1,1,1,1,1,1,0.1,0.1,0.1,1,1,1,1,1,1,1,1,1,1,1,1,1,57.84315925,2.178412231,2120,-0.620361612,-0.450050221,50,0.1,0.1,0.1,294.8,-21.2,7.24,2,-0.5,0.1,1.5,0.2,3,45,2.5,39.90224,116.40224,4224,4000,295.5612965
22:36.0,1.74958E+12,FU_025,0,1.74954E+12,1.74955E+12,1,1,1,1,1,1,0.1,0.1,0.1,1,1,1,1,1,1,1,1,1,1,1,1,1,57.71752662,2.13329904,2130,-0.635922817,-0.452206095,50,0.1,0.1,0.1,295.2,-21.3,7.26,2,-0.5,0.1,1.5,0.2,3,45,2.5,39.90226,116.40226,4226,4000,295.9674475
22:48.0,1.74958E+12,FU_025,0,1.74954E+12,1.74955E+12,1,1,1,1,1,1,0.1,0.1,0.1,1,1,1,1,1,1,1,1,1,1,1,1,1,57.58880708,2.08797252,2140,-0.651229661,-0.454316748,50,0.1,0.1,0.1,295.6,-21.4,7.28,2,-0.5,0.1,1.5,0.2,3,45,2.5,39.90228,116.40228,4228,4000,296.3736156
23:00.0,1.74958E+12,FU_025,0,1.74954E+12,1.74955E+12,1,1,1,1,1,1,0.1,0.1,0.1,1,1,1,1,1,1,1,1,1,1,1,1,1,57.45705212,2.042437204,2150,-0.666276021,-0.45638197,50,0.1,0.1,0.1,296,-21.5,7.3,2,-0.5,0.1,1.5,0.2,3,45,2.5,39.9023,116.4023,4230,4000,296.7798005
23:12.0,1.74958E+12,FU_025,0,1.74954E+12,1.74955E+12,1,1,1,1,1,1,0.1,0.1,0.1,1,1,1,1,1,1,1,1,1,1,1,1,1,57.32231444,1.996697647,2160,-0.681055881,-0.458401554,50,0.1,0.1,0.1,296.4,-21.6,7.32,2,-0.5,0.1,1.5,0.2,3,45,2.5,39.90232,116.40232,4232,4000,297.1860024
23:24.0,1.74958E+12,FU_025,0,1.74954E+12,1.74955E+12,1,1,1,1,1,1,0.1,0.1,0.1,1,1,1,1,1,1,1,1,1,1,1,1,1,57.18464793,1.950758422,2170,-0.695563326,-0.460375299,50,0.1,0.1,0.1,296.8,-21.7,7.34,2,-0.5,0.1,1.5,0.2,3,45,2.5,39.90234,116.40234,4234,4000,297.592221
23:36.0,1.74958E+12,FU_025,0,1.74954E+12,1.74955E+12,1,1,1,1,1,1,0.1,0.1,0.1,1,1,1,1,1,1,1,1,1,1,1,1,1,57.04410766,1.904624122,2180,-0.709792556,-0.462303006,50,0.1,0.1,0.1,297.2,-21.8,7.36,2,-0.5,0.1,1.5,0.2,3,45,2.5,39.90236,116.40236,4236,4000,297.9984564
23:48.0,1.74958E+12,FU_025,0,1.74954E+12,1.74955E+12,1,1,1,1,1,1,0.1,0.1,0.1,1,1,1,1,1,1,1,1,1,1,1,1,1,56.90074984,1.858299361,2190,-0.723737879,-0.464184484,50,0.1,0.1,0.1,297.6,-21.9,7.38,2,-0.5,0.1,1.5,0.2,3,45,2.5,39.90238,116.40238,4238,4000,298.4047084
24:00.0,1.74958E+12,FU_025,0,1.74954E+12,1.74955E+12,1,1,1,1,1,1,0.1,0.1,0.1,1,1,1,1,1,1,1,1,1,1,1,1,1,56.75463181,1.811788772,2200,-0.737393716,-0.466019543,50,0.1,0.1,0.1,298,-22,7.4,2,-0.5,0.1,1.5,0.2,3,45,2.5,39.9024,116.4024,4240,4000,298.810977
24:12.0,1.74958E+12,FU_025,0,1.74954E+12,1.74955E+12,1,1,1,1,1,1,0.1,0.1,0.1,1,1,1,1,1,1,1,1,1,1,1,1,1,56.60581201,1.765097006,2210,-0.750754605,-0.467808001,50,0.1,0.1,0.1,298.4,-22.1,7.42,2,-0.5,0.1,1.5,0.2,3,45,2.5,39.90242,116.40242,4242,4000,299.2172622
24:24.0,1.74958E+12,FU_025,0,1.74954E+12,1.74955E+12,1,1,1,1,1,1,0.1,0.1,0.1,1,1,1,1,1,1,1,1,1,1,1,1,1,56.45434998,1.718228732,2220,-0.763815202,-0.469549678,50,0.1,0.1,0.1,298.8,-22.2,7.44,2,-0.5,0.1,1.5,0.2,3,45,2.5,39.90244,116.40244,4244,4000,299.6235638
24:36.0,1.74958E+12,FU_025,0,1.74954E+12,1.74955E+12,1,1,1,1,1,1,0.1,0.1,0.1,1,1,1,1,1,1,1,1,1,1,1,1,1,56.3003063,1.671188636,2230,-0.776570284,-0.471244401,50,0.1,0.1,0.1,299.2,-22.3,7.46,2,-0.5,0.1,1.5,0.2,3,45,2.5,39.90246,116.40246,4246,4000,300.0298818
24:48.0,1.74958E+12,FU_025,0,1.74954E+12,1.74955E+12,1,1,1,1,1,1,0.1,0.1,0.1,1,1,1,1,1,1,1,1,1,1,1,1,1,56.14374258,1.623981422,2240,-0.789014747,-0.472892,50,0.1,0.1,0.1,299.6,-22.4,7.48,2,-0.5,0.1,1.5,0.2,3,45,2.5,39.90248,116.40248,4248,4000,300.4362162
25:00.0,1.74958E+12,FU_025,0,1.74954E+12,1.74955E+12,1,1,1,1,1,1,0.1,0.1,0.1,1,1,1,1,1,1,1,1,1,1,1,1,1,55.98472144,1.576611812,2250,-0.801143616,-0.47449231,50,0.1,0.1,0.1,300,-22.5,7.5,2,-0.5,0.1,1.5,0.2,3,45,2.5,39.9025,116.4025,4250,4000,300.8425668
25:12.0,1.74958E+12,FU_025,0,1.74954E+12,1.74955E+12,1,1,1,1,1,1,0.1,0.1,0.1,1,1,1,1,1,1,1,1,1,1,1,1,1,55.8233065,1.529084542,2260,-0.812952037,-0.476045171,50,0.1,0.1,0.1,300.4,-22.6,7.52,2,-0.5,0.1,1.5,0.2,3,45,2.5,39.90252,116.40252,4252,4000,301.2489336
25:24.0,1.74958E+12,FU_025,0,1.74954E+12,1.74955E+12,1,1,1,1,1,1,0.1,0.1,0.1,1,1,1,1,1,1,1,1,1,1,1,1,1,55.6595623,1.481404365,2270,-0.824435289,-0.477550428,50,0.1,0.1,0.1,300.8,-22.7,7.54,2,-0.5,0.1,1.5,0.2,3,45,2.5,39.90254,116.40254,4254,4000,301.6553165
25:36.0,1.74958E+12,FU_025,0,1.74954E+12,1.74955E+12,1,1,1,1,1,1,0.1,0.1,0.1,1,1,1,1,1,1,1,1,1,1,1,1,1,55.49355436,1.433576048,2280,-0.835588777,-0.47900793,50,0.1,0.1,0.1,301.2,-22.8,7.56,2,-0.5,0.1,1.5,0.2,3,45,2.5,39.90256,116.40256,4256,4000,302.0617155
25:48.0,1.74958E+12,FU_025,0,1.74954E+12,1.74955E+12,1,1,1,1,1,1,0.1,0.1,0.1,1,1,1,1,1,1,1,1,1,1,1,1,1,55.32534908,1.385604375,2290,-0.846408041,-0.480417532,50,0.1,0.1,0.1,301.6,-22.9,7.58,2,-0.5,0.1,1.5,0.2,3,45,2.5,39.90258,116.40258,4258,4000,302.4681306
26:00.0,1.74958E+12,FU_025,0,1.74954E+12,1.74955E+12,1,1,1,1,1,1,0.1,0.1,0.1,1,1,1,1,1,1,1,1,1,1,1,1,1,55.15501372,1.337494143,2300,-0.856888753,-0.481779093,50,0.1,0.1,0.1,302,-23,7.6,2,-0.5,0.1,1.5,0.2,3,45,2.5,39.9026,116.4026,4260,4000,302.8745615
26:12.0,1.74958E+12,FU_025,0,1.74954E+12,1.74955E+12,1,1,1,1,1,1,0.1,0.1,0.1,1,1,1,1,1,1,1,1,1,1,1,1,1,54.98261642,1.289250163,2310,-0.867026721,-0.483092476,50,0.1,0.1,0.1,302.4,-23.1,7.62,2,-0.5,0.1,1.5,0.2,3,45,2.5,39.90262,116.40262,4262,4000,303.2810083
26:24.0,1.74958E+12,FU_025,0,1.74954E+12,1.74955E+12,1,1,1,1,1,1,0.1,0.1,0.1,1,1,1,1,1,1,1,1,1,1,1,1,1,54.80822615,1.240877258,2320,-0.87681789,-0.48435755,50,0.1,0.1,0.1,302.8,-23.2,7.64,2,-0.5,0.1,1.5,0.2,3,45,2.5,39.90264,116.40264,4264,4000,303.6874709
26:36.0,1.74958E+12,FU_025,0,1.74954E+12,1.74955E+12,1,1,1,1,1,1,0.1,0.1,0.1,1,1,1,1,1,1,1,1,1,1,1,1,1,54.63191265,1.192380267,2330,-0.886258344,-0.485574189,50,0.1,0.1,0.1,303.2,-23.3,7.66,2,-0.5,0.1,1.5,0.2,3,45,2.5,39.90266,116.40266,4266,4000,304.0939493
26:48.0,1.74958E+12,FU_025,0,1.74954E+12,1.74955E+12,1,1,1,1,1,1,0.1,0.1,0.1,1,1,1,1,1,1,1,1,1,1,1,1,1,54.45374645,1.143764039,2340,-0.895344306,-0.486742271,50,0.1,0.1,0.1,303.6,-23.4,7.68,2,-0.5,0.1,1.5,0.2,3,45,2.5,39.90268,116.40268,4268,4000,304.5004433
27:00.0,1.74958E+12,FU_025,0,1.74954E+12,1.74955E+12,1,1,1,1,1,1,0.1,0.1,0.1,1,1,1,1,1,1,1,1,1,1,1,1,1,54.2737988,1.095033435,2350,-0.904072142,-0.487861679,50,0.1,0.1,0.1,304,-23.5,7.7,2,-0.5,0.1,1.5,0.2,3,45,2.5,39.9027,116.4027,4270,4000,304.906953
27:12.0,1.74958E+12,FU_025,0,1.74954E+12,1.74955E+12,1,1,1,1,1,1,0.1,0.1,0.1,1,1,1,1,1,1,1,1,1,1,1,1,1,54.0921417,1.046193329,2360,-0.912438361,-0.488932301,50,0.1,0.1,0.1,304.4,-23.6,7.72,2,-0.5,0.1,1.5,0.2,3,45,2.5,39.90272,116.40272,4272,4000,305.3134782
27:24.0,1.74958E+12,FU_025,0,1.74954E+12,1.74955E+12,1,1,1,1,1,1,0.1,0.1,0.1,1,1,1,1,1,1,1,1,1,1,1,1,1,53.90884779,0.997248605,2370,-0.920439618,-0.489954031,50,0.1,0.1,0.1,304.8,-23.7,7.74,2,-0.5,0.1,1.5,0.2,3,45,2.5,39.90274,116.40274,4274,4000,305.720019
27:36.0,1.74958E+12,FU_025,0,1.74954E+12,1.74955E+12,1,1,1,1,1,1,0.1,0.1,0.1,1,1,1,1,1,1,1,1,1,1,1,1,1,53.72399039,0.948204156,2380,-0.92807271,-0.490926765,50,0.1,0.1,0.1,305.2,-23.8,7.76,2,-0.5,0.1,1.5,0.2,3,45,2.5,39.90276,116.40276,4276,4000,306.1265751
27:48.0,1.74958E+12,FU_025,0,1.74954E+12,1.74955E+12,1,1,1,1,1,1,0.1,0.1,0.1,1,1,1,1,1,1,1,1,1,1,1,1,1,53.53764345,0.899064888,2390,-0.935334586,-0.491850407,50,0.1,0.1,0.1,305.6,-23.9,7.78,2,-0.5,0.1,1.5,0.2,3,45,2.5,39.90278,116.40278,4278,4000,306.5331467
28:00.0,1.74958E+12,FU_025,0,1.74954E+12,1.74955E+12,1,1,1,1,1,1,0.1,0.1,0.1,1,1,1,1,1,1,1,1,1,1,1,1,1,53.3498815,0.849835715,2400,-0.942222341,-0.492724865,50,0.1,0.1,0.1,306,-24,7.8,2,-0.5,0.1,1.5,0.2,3,45,2.5,39.9028,116.4028,4280,4000,306.9397335
28:12.0,1.74958E+12,FU_025,0,1.74954E+12,1.74955E+12,1,1,1,1,1,1,0.1,0.1,0.1,1,1,1,1,1,1,1,1,1,1,1,1,1,53.16077964,0.800521558,2410,-0.948733219,-0.493550051,50,0.1,0.1,0.1,306.4,-24.1,7.82,2,-0.5,0.1,1.5,0.2,3,45,2.5,39.90282,116.40282,4282,4000,307.3463356
28:24.0,1.74958E+12,FU_025,0,1.74954E+12,1.74955E+12,1,1,1,1,1,1,0.1,0.1,0.1,1,1,1,1,1,1,1,1,1,1,1,1,1,52.97041351,0.75112735,2420,-0.954864616,-0.494325881,50,0.1,0.1,0.1,306.8,-24.2,7.84,2,-0.5,0.1,1.5,0.2,3,45,2.5,39.90284,116.40284,4284,4000,307.7529529
28:36.0,1.74958E+12,FU_025,0,1.74954E+12,1.74955E+12,1,1,1,1,1,1,0.1,0.1,0.1,1,1,1,1,1,1,1,1,1,1,1,1,1,52.77885926,0.701658029,2430,-0.960614081,-0.49505228,50,0.1,0.1,0.1,307.2,-24.3,7.86,2,-0.5,0.1,1.5,0.2,3,45,2.5,39.90286,116.40286,4286,4000,308.1595853
28:48.0,1.74958E+12,FU_025,0,1.74954E+12,1.74955E+12,1,1,1,1,1,1,0.1,0.1,0.1,1,1,1,1,1,1,1,1,1,1,1,1,1,52.5861935,0.652118544,2440,-0.965979312,-0.495729174,50,0.1,0.1,0.1,307.6,-24.4,7.88,2,-0.5,0.1,1.5,0.2,3,45,2.5,39.90288,116.40288,4288,4000,308.5662328
29:00.0,1.74958E+12,FU_025,0,1.74954E+12,1.74955E+12,1,1,1,1,1,1,0.1,0.1,0.1,1,1,1,1,1,1,1,1,1,1,1,1,1,52.39249329,0.602513847,2450,-0.970958165,-0.496356496,50,0.1,0.1,0.1,308,-24.5,7.9,2,-0.5,0.1,1.5,0.2,3,45,2.5,39.9029,116.4029,4290,4000,308.9728953
29:12.0,1.74958E+12,FU_025,0,1.74954E+12,1.74955E+12,1,1,1,1,1,1,0.1,0.1,0.1,1,1,1,1,1,1,1,1,1,1,1,1,1,52.19783612,0.552848899,2460,-0.975548648,-0.496934182,50,0.1,0.1,0.1,308.4,-24.6,7.92,2,-0.5,0.1,1.5,0.2,3,45,2.5,39.90292,116.40292,4292,4000,309.3795727
29:24.0,1.74958E+12,FU_025,0,1.74954E+12,1.74955E+12,1,1,1,1,1,1,0.1,0.1,0.1,1,1,1,1,1,1,1,1,1,1,1,1,1,52.00229985,0.503128667,2470,-0.979748924,-0.497462175,50,0.1,0.1,0.1,308.8,-24.7,7.94,2,-0.5,0.1,1.5,0.2,3,45,2.5,39.90294,116.40294,4294,4000,309.786265
29:36.0,1.74958E+12,FU_025,0,1.74954E+12,1.74955E+12,1,1,1,1,1,1,0.1,0.1,0.1,1,1,1,1,1,1,1,1,1,1,1,1,1,51.80596268,0.453358122,2480,-0.983557313,-0.497940422,50,0.1,0.1,0.1,309.2,-24.8,7.96,2,-0.5,0.1,1.5,0.2,3,45,2.5,39.90296,116.40296,4296,4000,310.1929722
29:48.0,1.74958E+12,FU_025,0,1.74954E+12,1.74955E+12,1,1,1,1,1,1,0.1,0.1,0.1,1,1,1,1,1,1,1,1,1,1,1,1,1,51.60890315,0.403542242,2490,-0.986972293,-0.498368876,50,0.1,0.1,0.1,309.6,-24.9,7.98,2,-0.5,0.1,1.5,0.2,3,45,2.5,39.90298,116.40298,4298,4000,310.5996941
30:00.0,1.74958E+12,FU_025,0,1.74954E+12,1.74955E+12,1,1,1,1,1,1,0.1,0.1,0.1,1,1,1,1,1,1,1,1,1,1,1,1,1,51.41120008,0.353686008,2500,-0.989992497,-0.498747493,50,0.1,0.1,0.1,310,-25,8,2,-0.5,0.1,1.5,0.2,3,45,2.5,39.903,116.403,4300,4000,311.0064308
30:12.0,1.74958E+12,FU_025,0,1.74954E+12,1.74955E+12,1,1,1,1,1,1,0.1,0.1,0.1,1,1,1,1,1,1,1,1,1,1,1,1,1,51.21293255,0.303794406,2510,-0.992616717,-0.499076236,50,0.1,0.1,0.1,310.4,-25.1,8.02,2,-0.5,0.1,1.5,0.2,3,45,2.5,39.90302,116.40302,4302,4000,311.4131821
30:24.0,1.74958E+12,FU_025,0,1.74954E+12,1.74955E+12,1,1,1,1,1,1,0.1,0.1,0.1,1,1,1,1,1,1,1,1,1,1,1,1,1,51.01417986,0.253872425,2520,-0.994843903,-0.499355072,50,0.1,0.1,0.1,310.8,-25.2,8.04,2,-0.5,0.1,1.5,0.2,3,45,2.5,39.90304,116.40304,4304,4000,311.819948
30:36.0,1.74958E+12,FU_025,0,1.74954E+12,1.74955E+12,1,1,1,1,1,1,0.1,0.1,0.1,1,1,1,1,1,1,1,1,1,1,1,1,1,50.81502152,0.203925056,2530,-0.996673166,-0.499583973,50,0.1,0.1,0.1,311.2,-25.3,8.06,2,-0.5,0.1,1.5,0.2,3,45,2.5,39.90306,116.40306,4306,4000,312.2267285
30:48.0,1.74958E+12,FU_025,0,1.74954E+12,1.74955E+12,1,1,1,1,1,1,0.1,0.1,0.1,1,1,1,1,1,1,1,1,1,1,1,1,1,50.61553717,0.153957295,2540,-0.998103772,-0.499762915,50,0.1,0.1,0.1,311.6,-25.4,8.08,2,-0.5,0.1,1.5,0.2,3,45,2.5,39.90308,116.40308,4308,4000,312.6335235
31:00.0,1.74958E+12,FU_025,0,1.74954E+12,1.74955E+12,1,1,1,1,1,1,0.1,0.1,0.1,1,1,1,1,1,1,1,1,1,1,1,1,1,50.41580662,0.103974139,2550,-0.99913515,-0.499891882,50,0.1,0.1,0.1,312,-25.5,8.1,2,-0.5,0.1,1.5,0.2,3,45,2.5,39.9031,116.4031,4310,4000,313.0403329
31:12.0,1.74958E+12,FU_025,0,1.74954E+12,1.74955E+12,1,1,1,1,1,1,0.1,0.1,0.1,1,1,1,1,1,1,1,1,1,1,1,1,1,50.21590976,0.053980585,2560,-0.999766888,-0.49997086,50,0.1,0.1,0.1,312.4,-25.6,8.12,2,-0.5,0.1,1.5,0.2,3,45,2.5,39.90312,116.40312,4312,4000,313.4471566
31:24.0,1.74958E+12,FU_025,0,1.74954E+12,1.74955E+12,1,1,1,1,1,1,0.1,0.1,0.1,1,1,1,1,1,1,1,1,1,1,1,1,1,50.01592653,0.003981634,2570,-0.999998732,-0.499999841,50,0.1,0.1,0.1,312.8,-25.7,8.14,2,-0.5,0.1,1.5,0.2,3,45,2.5,39.90314,116.40314,4314,4000,313.8539947
31:36.0,1.74958E+12,FU_025,0,1.74954E+12,1.74955E+12,1,1,1,1,1,1,0.1,0.1,0.1,1,1,1,1,1,1,1,1,1,1,1,1,1,49.81593693,-0.046017716,2580,-0.99983059,-0.499978823,50,0.1,0.1,0.1,313.2,-25.8,8.16,2,-0.5,0.1,1.5,0.2,3,45,2.5,39.90316,116.40316,4316,4000,314.2608471
31:48.0,1.74958E+12,FU_025,0,1.74954E+12,1.74955E+12,1,1,1,1,1,1,0.1,0.1,0.1,1,1,1,1,1,1,1,1,1,1,1,1,1,49.61602095,-0.096012465,2590,-0.999262529,-0.499907808,50,0.1,0.1,0.1,313.6,-25.9,8.18,2,-0.5,0.1,1.5,0.2,3,45,2.5,39.90318,116.40318,4318,4000,314.6677136
32:00.0,1.74958E+12,FU_025,0,1.74954E+12,1.74955E+12,1,1,1,1,1,1,0.1,0.1,0.1,1,1,1,1,1,1,1,1,1,1,1,1,1,49.41625857,-0.145997612,2600,-0.998294776,-0.499786802,50,0.1,0.1,0.1,314,-26,8.2,2,-0.5,0.1,1.5,0.2,3,45,2.5,39.9032,116.4032,4320,4000,315.0745943
32:12.0,1.74958E+12,FU_025,0,1.74954E+12,1.74955E+12,1,1,1,1,1,1,0.1,0.1,0.1,1,1,1,1,1,1,1,1,1,1,1,1,1,49.21672967,-0.195968159,2610,-0.996927718,-0.499615817,50,0.1,0.1,0.1,314.4,-26.1,8.22,2,-0.5,0.1,1.5,0.2,3,45,2.5,39.90322,116.40322,4322,4000,315.4814892
32:24.0,1.74958E+12,FU_025,0,1.74954E+12,1.74955E+12,1,1,1,1,1,1,0.1,0.1,0.1,1,1,1,1,1,1,1,1,1,1,1,1,1,49.01751406,-0.24591911,2620,-0.995161903,-0.499394872,50,0.1,0.1,0.1,314.8,-26.2,8.24,2,-0.5,0.1,1.5,0.2,3,45,2.5,39.90324,116.40324,4324,4000,315.888398
32:36.0,1.74958E+12,FU_025,0,1.74954E+12,1.74955E+12,1,1,1,1,1,1,0.1,0.1,0.1,1,1,1,1,1,1,1,1,1,1,1,1,1,48.81869144,-0.295845469,2630,-0.992998037,-0.499123987,50,0.1,0.1,0.1,315.2,-26.3,8.26,2,-0.5,0.1,1.5,0.2,3,45,2.5,39.90326,116.40326,4326,4000,316.2953209
32:48.0,1.74958E+12,FU_025,0,1.74954E+12,1.74955E+12,1,1,1,1,1,1,0.1,0.1,0.1,1,1,1,1,1,1,1,1,1,1,1,1,1,48.62034133,-0.345742243,2640,-0.990436984,-0.498803191,50,0.1,0.1,0.1,315.6,-26.4,8.28,2,-0.5,0.1,1.5,0.2,3,45,2.5,39.90328,116.40328,4328,4000,316.7022576
33:00.0,1.74958E+12,FU_025,0,1.74954E+12,1.74955E+12,1,1,1,1,1,1,0.1,0.1,0.1,1,1,1,1,1,1,1,1,1,1,1,1,1,48.42254306,-0.395604444,2650,-0.98747977,-0.498432514,50,0.1,0.1,0.1,316,-26.5,8.3,2,-0.5,0.1,1.5,0.2,3,45,2.5,39.9033,116.4033,4330,4000,317.1092083
33:12.0,1.74958E+12,FU_025,0,1.74954E+12,1.74955E+12,1,1,1,1,1,1,0.1,0.1,0.1,1,1,1,1,1,1,1,1,1,1,1,1,1,48.22537575,-0.445427085,2660,-0.984127577,-0.498011995,50,0.1,0.1,0.1,316.4,-26.6,8.32,2,-0.5,0.1,1.5,0.2,3,45,2.5,39.90332,116.40332,4332,4000,317.5161728
33:24.0,1.74958E+12,FU_025,0,1.74954E+12,1.74955E+12,1,1,1,1,1,1,0.1,0.1,0.1,1,1,1,1,1,1,1,1,1,1,1,1,1,48.02891827,-0.495205183,2670,-0.980381746,-0.497541675,50,0.1,0.1,0.1,316.8,-26.7,8.34,2,-0.5,0.1,1.5,0.2,3,45,2.5,39.90334,116.40334,4334,4000,317.9231511
33:36.0,1.74958E+12,FU_025,0,1.74954E+12,1.74955E+12,1,1,1,1,1,1,0.1,0.1,0.1,1,1,1,1,1,1,1,1,1,1,1,1,1,47.8332492,-0.544933761,2680,-0.976243776,-0.497021601,50,0.1,0.1,0.1,317.2,-26.8,8.36,2,-0.5,0.1,1.5,0.2,3,45,2.5,39.90336,116.40336,4336,4000,318.3301431
33:48.0,1.74958E+12,FU_025,0,1.74954E+12,1.74955E+12,1,1,1,1,1,1,0.1,0.1,0.1,1,1,1,1,1,1,1,1,1,1,1,1,1,47.63844679,-0.594607846,2690,-0.971715321,-0.496451826,50,0.1,0.1,0.1,317.6,-26.9,8.38,2,-0.5,0.1,1.5,0.2,3,45,2.5,39.90338,116.40338,4338,4000,318.7371488
34:00.0,1.74958E+12,FU_025,0,1.74954E+12,1.74955E+12,1,1,1,1,1,1,0.1,0.1,0.1,1,1,1,1,1,1,1,1,1,1,1,1,1,47.44458898,-0.644222471,2700,-0.966798193,-0.495832405,50,0.1,0.1,0.1,318,-27,8.4,2,-0.5,0.1,1.5,0.2,3,45,2.5,39.9034,116.4034,4340,4000,319.144168
34:12.0,1.74958E+12,FU_025,0,1.74954E+12,1.74955E+12,1,1,1,1,1,1,0.1,0.1,0.1,1,1,1,1,1,1,1,1,1,1,1,1,1,47.2517533,-0.693772675,2710,-0.961494358,-0.495163402,50,0.1,0.1,0.1,318.4,-27.1,8.42,2,-0.5,0.1,1.5,0.2,3,45,2.5,39.90342,116.40342,4342,4000,319.5512009
34:24.0,1.74958E+12,FU_025,0,1.74954E+12,1.74955E+12,1,1,1,1,1,1,0.1,0.1,0.1,1,1,1,1,1,1,1,1,1,1,1,1,1,47.06001688,-0.743253501,2720,-0.955805939,-0.494444883,50,0.1,0.1,0.1,318.8,-27.2,8.44,2,-0.5,0.1,1.5,0.2,3,45,2.5,39.90344,116.40344,4344,4000,319.9582473
34:36.0,1.74958E+12,FU_025,0,1.74954E+12,1.74955E+12,1,1,1,1,1,1,0.1,0.1,0.1,1,1,1,1,1,1,1,1,1,1,1,1,1,46.86945641,-0.792660003,2730,-0.94973521,-0.49367692,50,0.1,0.1,0.1,319.2,-27.3,8.46,2,-0.5,0.1,1.5,0.2,3,45,2.5,39.90346,116.40346,4346,4000,320.3653071
34:48.0,1.74958E+12,FU_025,0,1.74954E+12,1.74955E+12,1,1,1,1,1,1,0.1,0.1,0.1,1,1,1,1,1,1,1,1,1,1,1,1,1,46.68014812,-0.84198724,2740,-0.943284599,-0.492859589,50,0.1,0.1,0.1,319.6,-27.4,8.48,2,-0.5,0.1,1.5,0.2,3,45,2.5,39.90348,116.40348,4348,4000,320.7723804
35:00.0,1.74958E+12,FU_025,0,1.74954E+12,1.74955E+12,1,1,1,1,1,1,0.1,0.1,0.1,1,1,1,1,1,1,1,1,1,1,1,1,1,46.49216772,-0.891230278,2750,-0.936456687,-0.491992973,50,0.1,0.1,0.1,320,-27.5,8.5,2,-0.5,0.1,1.5,0.2,3,45,2.5,39.9035,116.4035,4350,4000,321.179467
35:12.0,1.74958E+12,FU_025,0,1.74954E+12,1.74955E+12,1,1,1,1,1,1,0.1,0.1,0.1,1,1,1,1,1,1,1,1,1,1,1,1,1,46.30559041,-0.940384194,2760,-0.929254205,-0.491077159,50,0.1,0.1,0.1,320.4,-27.6,8.52,2,-0.5,0.1,1.5,0.2,3,45,2.5,39.90352,116.40352,4352,4000,321.5865669
35:24.0,1.74958E+12,FU_025,0,1.74954E+12,1.74955E+12,1,1,1,1,1,1,0.1,0.1,0.1,1,1,1,1,1,1,1,1,1,1,1,1,1,46.12049082,-0.989444073,2770,-0.921680034,-0.490112236,50,0.1,0.1,0.1,320.8,-27.7,8.54,2,-0.5,0.1,1.5,0.2,3,45,2.5,39.90354,116.40354,4354,4000,321.9936801
35:36.0,1.74958E+12,FU_025,0,1.74954E+12,1.74955E+12,1,1,1,1,1,1,0.1,0.1,0.1,1,1,1,1,1,1,1,1,1,1,1,1,1,45.93694298,-1.038405008,2780,-0.913737203,-0.489098303,50,0.1,0.1,0.1,321.2,-27.8,8.56,2,-0.5,0.1,1.5,0.2,3,45,2.5,39.90356,116.40356,4356,4000,322.4008065
35:48.0,1.74958E+12,FU_025,0,1.74954E+12,1.74955E+12,1,1,1,1,1,1,0.1,0.1,0.1,1,1,1,1,1,1,1,1,1,1,1,1,1,45.75502031,-1.087262103,2790,-0.905428889,-0.488035461,50,0.1,0.1,0.1,321.6,-27.9,8.58,2,-0.5,0.1,1.5,0.2,3,45,2.5,39.90358,116.40358,4358,4000,322.807946
36:00.0,1.74958E+12,FU_025,0,1.74954E+12,1.74955E+12,1,1,1,1,1,1,0.1,0.1,0.1,1,1,1,1,1,1,1,1,1,1,1,1,1,45.57479557,-1.136010473,2800,-0.896758416,-0.486923815,50,0.1,0.1,0.1,322,-28,8.6,2,-0.5,0.1,1.5,0.2,3,45,2.5,39.9036,116.4036,4360,4000,323.2150987
36:12.0,1.74958E+12,FU_025,0,1.74954E+12,1.74955E+12,1,1,1,1,1,1,0.1,0.1,0.1,1,1,1,1,1,1,1,1,1,1,1,1,1,45.39634085,-1.184645243,2810,-0.887729252,-0.485763478,50,0.1,0.1,0.1,322.4,-28.1,8.62,2,-0.5,0.1,1.5,0.2,3,45,2.5,39.90362,116.40362,4362,4000,323.6222644
36:24.0,1.74958E+12,FU_025,0,1.74954E+12,1.74955E+12,1,1,1,1,1,1,0.1,0.1,0.1,1,1,1,1,1,1,1,1,1,1,1,1,1,45.21972754,-1.23316155,2820,-0.878345007,-0.484554564,50,0.1,0.1,0.1,322.8,-28.2,8.64,2,-0.5,0.1,1.5,0.2,3,45,2.5,39.90364,116.40364,4364,4000,324.0294431
36:36.0,1.74958E+12,FU_025,0,1.74954E+12,1.74955E+12,1,1,1,1,1,1,0.1,0.1,0.1,1,1,1,1,1,1,1,1,1,1,1,1,1,45.04502627,-1.281554541,2830,-0.868609437,-0.483297196,50,0.1,0.1,0.1,323.2,-28.3,8.66,2,-0.5,0.1,1.5,0.2,3,45,2.5,39.90366,116.40366,4366,4000,324.4366348
36:48.0,1.74958E+12,FU_025,0,1.74954E+12,1.74955E+12,1,1,1,1,1,1,0.1,0.1,0.1,1,1,1,1,1,1,1,1,1,1,1,1,1,44.87230693,-1.329819378,2840,-0.858526434,-0.481991498,50,0.1,0.1,0.1,323.6,-28.4,8.68,2,-0.5,0.1,1.5,0.2,3,45,2.5,39.90368,116.40368,4368,4000,324.8438394
37:00.0,1.74958E+12,FU_025,0,1.74954E+12,1.74955E+12,1,1,1,1,1,1,0.1,0.1,0.1,1,1,1,1,1,1,1,1,1,1,1,1,1,44.70163859,-1.377951234,2850,-0.848100032,-0.480637601,50,0.1,0.1,0.1,324,-28.5,8.7,2,-0.5,0.1,1.5,0.2,3,45,2.5,39.9037,116.4037,4370,4000,325.2510569
37:12.0,1.74958E+12,FU_025,0,1.74954E+12,1.74955E+12,1,1,1,1,1,1,0.1,0.1,0.1,1,1,1,1,1,1,1,1,1,1,1,1,1,44.53308953,-1.425945296,2860,-0.837334401,-0.479235642,50,0.1,0.1,0.1,324.4,-28.6,8.72,2,-0.5,0.1,1.5,0.2,3,45,2.5,39.90372,116.40372,4372,4000,325.6582872
37:24.0,1.74958E+12,FU_025,0,1.74954E+12,1.74955E+12,1,1,1,1,1,1,0.1,0.1,0.1,1,1,1,1,1,1,1,1,1,1,1,1,1,44.36672716,-1.473796765,2870,-0.826233848,-0.477785758,50,0.1,0.1,0.1,324.8,-28.7,8.74,2,-0.5,0.1,1.5,0.2,3,45,2.5,39.90374,116.40374,4374,4000,326.0655302
37:36.0,1.74958E+12,FU_025,0,1.74954E+12,1.74955E+12,1,1,1,1,1,1,0.1,0.1,0.1,1,1,1,1,1,1,1,1,1,1,1,1,1,44.20261802,-1.521500855,2880,-0.814802812,-0.476288097,50,0.1,0.1,0.1,325.2,-28.8,8.76,2,-0.5,0.1,1.5,0.2,3,45,2.5,39.90376,116.40376,4376,4000,326.472786
37:48.0,1.74958E+12,FU_025,0,1.74954E+12,1.74955E+12,1,1,1,1,1,1,0.1,0.1,0.1,1,1,1,1,1,1,1,1,1,1,1,1,1,44.04082776,-1.569052797,2890,-0.803045866,-0.474742807,50,0.1,0.1,0.1,325.6,-28.9,8.78,2,-0.5,0.1,1.5,0.2,3,45,2.5,39.90378,116.40378,4378,4000,326.8800545
38:00.0,1.74958E+12,FU_025,0,1.74954E+12,1.74955E+12,1,1,1,1,1,1,0.1,0.1,0.1,1,1,1,1,1,1,1,1,1,1,1,1,1,43.88142109,-1.616447834,2900,-0.790967712,-0.473150044,50,0.1,0.1,0.1,326,-29,8.8,2,-0.5,0.1,1.5,0.2,3,45,2.5,39.9038,116.4038,4380,4000,327.2873355
38:12.0,1.74958E+12,FU_025,0,1.74954E+12,1.74955E+12,1,1,1,1,1,1,0.1,0.1,0.1,1,1,1,1,1,1,1,1,1,1,1,1,1,43.72446177,-1.663681228,2910,-0.778573182,-0.471509966,50,0.1,0.1,0.1,326.4,-29.1,8.82,2,-0.5,0.1,1.5,0.2,3,45,2.5,39.90382,116.40382,4382,4000,327.6946292
38:24.0,1.74958E+12,FU_025,0,1.74954E+12,1.74955E+12,1,1,1,1,1,1,0.1,0.1,0.1,1,1,1,1,1,1,1,1,1,1,1,1,1,43.57001258,-1.710748256,2920,-0.765867232,-0.469822737,50,0.1,0.1,0.1,326.8,-29.2,8.84,2,-0.5,0.1,1.5,0.2,3,45,2.5,39.90384,116.40384,4384,4000,328.1019354
38:36.0,1.74958E+12,FU_025,0,1.74954E+12,1.74955E+12,1,1,1,1,1,1,0.1,0.1,0.1,1,1,1,1,1,1,1,1,1,1,1,1,1,43.4181353,-1.75764421,2930,-0.752854947,-0.468088526,50,0.1,0.1,0.1,327.2,-29.3,8.86,2,-0.5,0.1,1.5,0.2,3,45,2.5,39.90386,116.40386,4386,4000,328.5092541
38:48.0,1.74958E+12,FU_025,0,1.74954E+12,1.74955E+12,1,1,1,1,1,1,0.1,0.1,0.1,1,1,1,1,1,1,1,1,1,1,1,1,1,43.26889068,-1.804364401,2940,-0.739541529,-0.466307507,50,0.1,0.1,0.1,327.6,-29.4,8.88,2,-0.5,0.1,1.5,0.2,3,45,2.5,39.90388,116.40388,4388,4000,328.9165852
39:00.0,1.74958E+12,FU_025,0,1.74954E+12,1.74955E+12,1,1,1,1,1,1,0.1,0.1,0.1,1,1,1,1,1,1,1,1,1,1,1,1,1,43.12233841,-1.850904157,2950,-0.725932304,-0.464479858,50,0.1,0.1,0.1,328,-29.5,8.9,2,-0.5,0.1,1.5,0.2,3,45,2.5,39.9039,116.4039,4390,4000,329.3239287
39:12.0,1.74958E+12,FU_025,0,1.74954E+12,1.74955E+12,1,1,1,1,1,1,0.1,0.1,0.1,1,1,1,1,1,1,1,1,1,1,1,1,1,42.97853711,-1.897258824,2960,-0.712032716,-0.46260576,50,0.1,0.1,0.1,328.4,-29.6,8.92,2,-0.5,0.1,1.5,0.2,3,45,2.5,39.90392,116.40392,4392,4000,329.7312845
39:24.0,1.74958E+12,FU_025,0,1.74954E+12,1.74955E+12,1,1,1,1,1,1,0.1,0.1,0.1,1,1,1,1,1,1,1,1,1,1,1,1,1,42.83754431,-1.943423767,2970,-0.697848325,-0.460685403,50,0.1,0.1,0.1,328.8,-29.7,8.94,2,-0.5,0.1,1.5,0.2,3,45,2.5,39.90394,116.40394,4394,4000,330.1386527
39:36.0,1.74958E+12,FU_025,0,1.74954E+12,1.74955E+12,1,1,1,1,1,1,0.1,0.1,0.1,1,1,1,1,1,1,1,1,1,1,1,1,1,42.69941639,-1.989394369,2980,-0.683384804,-0.458718978,50,0.1,0.1,0.1,329.2,-29.8,8.96,2,-0.5,0.1,1.5,0.2,3,45,2.5,39.90396,116.40396,4396,4000,330.5460331
39:48.0,1.74958E+12,FU_025,0,1.74954E+12,1.74955E+12,1,1,1,1,1,1,0.1,0.1,0.1,1,1,1,1,1,1,1,1,1,1,1,1,1,42.56420861,-2.035166033,2990,-0.668647937,-0.456706681,50,0.1,0.1,0.1,329.6,-29.9,8.98,2,-0.5,0.1,1.5,0.2,3,45,2.5,39.90398,116.40398,4398,4000,330.9534257
40:00.0,1.74958E+12,FU_025,0,1.74954E+12,1.74955E+12,1,1,1,1,1,1,0.1,0.1,0.1,1,1,1,1,1,1,1,1,1,1,1,1,1,42.43197505,-2.080734183,3000,-0.653643621,-0.454648713,50,0.1,0.1,0.1,330,-30,9,2,-0.5,0.1,1.5,0.2,3,45,2.5,39.904,116.404,4400,4000,331.3608305
40:12.0,1.74958E+12,FU_025,0,1.74954E+12,1.74955E+12,1,1,1,1,1,1,0.1,0.1,0.1,1,1,1,1,1,1,1,1,1,1,1,1,1,42.30276859,-2.12609426,3010,-0.638377856,-0.452545282,50,0.1,0.1,0.1,330.4,-30.1,9.02,2,-0.5,0.1,1.5,0.2,3,45,2.5,39.90402,116.40402,4402,4000,331.7682474
40:24.0,1.74958E+12,FU_025,0,1.74954E+12,1.74955E+12,1,1,1,1,1,1,0.1,0.1,0.1,1,1,1,1,1,1,1,1,1,1,1,1,1,42.17664093,-2.171241731,3020,-0.622856748,-0.450396596,50,0.1,0.1,0.1,330.8,-30.2,9.04,2,-0.5,0.1,1.5,0.2,3,45,2.5,39.90404,116.40404,4404,4000,332.1756764
40:36.0,1.74958E+12,FU_025,0,1.74954E+12,1.74955E+12,1,1,1,1,1,1,0.1,0.1,0.1,1,1,1,1,1,1,1,1,1,1,1,1,1,42.0536425,-2.216172078,3030,-0.607086506,-0.448202871,50,0.1,0.1,0.1,331.2,-30.3,9.06,2,-0.5,0.1,1.5,0.2,3,45,2.5,39.90406,116.40406,4406,4000,332.5831174
40:48.0,1.74958E+12,FU_025,0,1.74954E+12,1.74955E+12,1,1,1,1,1,1,0.1,0.1,0.1,1,1,1,1,1,1,1,1,1,1,1,1,1,41.93382251,-2.260880811,3040,-0.591073437,-0.445964325,50,0.1,0.1,0.1,331.6,-30.4,9.08,2,-0.5,0.1,1.5,0.2,3,45,2.5,39.90408,116.40408,4408,4000,332.9905704
41:00.0,1.74958E+12,FU_025,0,1.74954E+12,1.74955E+12,1,1,1,1,1,1,0.1,0.1,0.1,1,1,1,1,1,1,1,1,1,1,1,1,1,41.81722889,-2.305363457,3050,-0.574823947,-0.443681184,50,0.1,0.1,0.1,332,-30.5,9.1,2,-0.5,0.1,1.5,0.2,3,45,2.5,39.9041,116.4041,4410,4000,333.3980354
41:12.0,1.74958E+12,FU_025,0,1.74954E+12,1.74955E+12,1,1,1,1,1,1,0.1,0.1,0.1,1,1,1,1,1,1,1,1,1,1,1,1,1,41.70390826,-2.349615569,3060,-0.558344534,-0.441353675,50,0.1,0.1,0.1,332.4,-30.6,9.12,2,-0.5,0.1,1.5,0.2,3,45,2.5,39.90412,116.40412,4412,4000,333.8055122
41:24.0,1.74958E+12,FU_025,0,1.74954E+12,1.74955E+12,1,1,1,1,1,1,0.1,0.1,0.1,1,1,1,1,1,1,1,1,1,1,1,1,1,41.59390596,-2.393632721,3070,-0.541641792,-0.438982031,50,0.1,0.1,0.1,332.8,-30.7,9.14,2,-0.5,0.1,1.5,0.2,3,45,2.5,39.90414,116.40414,4414,4000,334.2130009
41:36.0,1.74958E+12,FU_025,0,1.74954E+12,1.74955E+12,1,1,1,1,1,1,0.1,0.1,0.1,1,1,1,1,1,1,1,1,1,1,1,1,1,41.48726599,-2.437410512,3080,-0.5247224,-0.43656649,50,0.1,0.1,0.1,333.2,-30.8,9.16,2,-0.5,0.1,1.5,0.2,3,45,2.5,39.90416,116.40416,4416,4000,334.6205015
41:48.0,1.74958E+12,FU_025,0,1.74954E+12,1.74955E+12,1,1,1,1,1,1,0.1,0.1,0.1,1,1,1,1,1,1,1,1,1,1,1,1,1,41.384031,-2.480944564,3090,-0.507593126,-0.434107292,50,0.1,0.1,0.1,333.6,-30.9,9.18,2,-0.5,0.1,1.5,0.2,3,45,2.5,39.90418,116.40418,4418,4000,335.0280138
42:00.0,1.74958E+12,FU_025,0,1.74954E+12,1.74955E+12,1,1,1,1,1,1,0.1,0.1,0.1,1,1,1,1,1,1,1,1,1,1,1,1,1,41.28424228,-2.524230523,3100,-0.490260821,-0.431604683,50,0.1,0.1,0.1,334,-31,9.2,2,-0.5,0.1,1.5,0.2,3,45,2.5,39.9042,116.4042,4420,4000,335.4355378
42:12.0,1.74958E+12,FU_025,0,1.74954E+12,1.74955E+12,1,1,1,1,1,1,0.1,0.1,0.1,1,1,1,1,1,1,1,1,1,1,1,1,1,41.18793974,-2.567264062,3110,-0.472732419,-0.429058915,50,0.1,0.1,0.1,334.4,-31.1,9.22,2,-0.5,0.1,1.5,0.2,3,45,2.5,39.90422,116.40422,4422,4000,335.8430735
42:24.0,1.74958E+12,FU_025,0,1.74954E+12,1.74955E+12,1,1,1,1,1,1,0.1,0.1,0.1,1,1,1,1,1,1,1,1,1,1,1,1,1,41.09516191,-2.610040876,3120,-0.45501493,-0.426470241,50,0.1,0.1,0.1,334.8,-31.2,9.24,2,-0.5,0.1,1.5,0.2,3,45,2.5,39.90424,116.40424,4424,4000,336.2506208
42:36.0,1.74958E+12,FU_025,0,1.74954E+12,1.74955E+12,1,1,1,1,1,1,0.1,0.1,0.1,1,1,1,1,1,1,1,1,1,1,1,1,1,41.0059459,-2.652556688,3130,-0.437115441,-0.42383892,50,0.1,0.1,0.1,335.2,-31.3,9.26,2,-0.5,0.1,1.5,0.2,3,45,2.5,39.90426,116.40426,4426,4000,336.6581798
42:48.0,1.74958E+12,FU_025,0,1.74954E+12,1.74955E+12,1,1,1,1,1,1,0.1,0.1,0.1,1,1,1,1,1,1,1,1,1,1,1,1,1,40.92032739,-2.694807247,3140,-0.419041112,-0.421165216,50,0.1,0.1,0.1,335.6,-31.4,9.28,2,-0.5,0.1,1.5,0.2,3,45,2.5,39.90428,116.40428,4428,4000,337.0657503
43:00.0,1.74958E+12,FU_025,0,1.74954E+12,1.74955E+12,1,1,1,1,1,1,0.1,0.1,0.1,1,1,1,1,1,1,1,1,1,1,1,1,1,40.83834063,-2.736788327,3150,-0.400799172,-0.418449395,50,0.1,0.1,0.1,336,-31.5,9.3,2,-0.5,0.1,1.5,0.2,3,45,2.5,39.9043,116.4043,4430,4000,337.4733323
43:12.0,1.74958E+12,FU_025,0,1.74954E+12,1.74955E+12,1,1,1,1,1,1,0.1,0.1,0.1,1,1,1,1,1,1,1,1,1,1,1,1,1,40.76001841,-2.778495731,3160,-0.382396918,-0.41569173,50,0.1,0.1,0.1,336.4,-31.6,9.32,2,-0.5,0.1,1.5,0.2,3,45,2.5,39.90432,116.40432,4432,4000,337.8809258
43:24.0,1.74958E+12,FU_025,0,1.74954E+12,1.74955E+12,1,1,1,1,1,1,0.1,0.1,0.1,1,1,1,1,1,1,1,1,1,1,1,1,1,40.68539206,-2.819925288,3170,-0.36384171,-0.412892497,50,0.1,0.1,0.1,336.8,-31.7,9.34,2,-0.5,0.1,1.5,0.2,3,45,2.5,39.90434,116.40434,4434,4000,338.2885307
43:36.0,1.74958E+12,FU_025,0,1.74954E+12,1.74955E+12,1,1,1,1,1,1,0.1,0.1,0.1,1,1,1,1,1,1,1,1,1,1,1,1,1,40.61449143,-2.861072854,3180,-0.34514097,-0.410051974,50,0.1,0.1,0.1,337.2,-31.8,9.36,2,-0.5,0.1,1.5,0.2,3,45,2.5,39.90436,116.40436,4436,4000,338.696147
43:48.0,1.74958E+12,FU_025,0,1.74954E+12,1.74955E+12,1,1,1,1,1,1,0.1,0.1,0.1,1,1,1,1,1,1,1,1,1,1,1,1,1,40.54734488,-2.901934316,3190,-0.326302178,-0.407170446,50,0.1,0.1,0.1,337.6,-31.9,9.38,2,-0.5,0.1,1.5,0.2,3,45,2.5,39.90438,116.40438,4438,4000,339.1037747
44:00.0,1.74958E+12,FU_025,0,1.74954E+12,1.74955E+12,1,1,1,1,1,1,0.1,0.1,0.1,1,1,1,1,1,1,1,1,1,1,1,1,1,40.48397926,-2.942505586,3200,-0.30733287,-0.404248202,50,0.1,0.1,0.1,338,-32,9.4,2,-0.5,0.1,1.5,0.2,3,45,2.5,39.9044,116.4044,4440,4000,339.5114137
44:12.0,1.74958E+12,FU_025,0,1.74954E+12,1.74955E+12,1,1,1,1,1,1,0.1,0.1,0.1,1,1,1,1,1,1,1,1,1,1,1,1,1,40.42441993,-2.982782609,3210,-0.288240633,-0.401285533,50,0.1,0.1,0.1,338.4,-32.1,9.42,2,-0.5,0.1,1.5,0.2,3,45,2.5,39.90442,116.40442,4442,4000,339.9190639
44:24.0,1.74958E+12,FU_025,0,1.74954E+12,1.74955E+12,1,1,1,1,1,1,0.1,0.1,0.1,1,1,1,1,1,1,1,1,1,1,1,1,1,40.36869069,-3.022761355,3220,-0.269033103,-0.398282736,50,0.1,0.1,0.1,338.8,-32.2,9.44,2,-0.5,0.1,1.5,0.2,3,45,2.5,39.90444,116.40444,4444,4000,340.3267254
44:36.0,1.74958E+12,FU_025,0,1.74954E+12,1.74955E+12,1,1,1,1,1,1,0.1,0.1,0.1,1,1,1,1,1,1,1,1,1,1,1,1,1,40.31681386,-3.062437828,3230,-0.249717964,-0.395240111,50,0.1,0.1,0.1,339.2,-32.3,9.46,2,-0.5,0.1,1.5,0.2,3,45,2.5,39.90446,116.40446,4446,4000,340.734398
44:48.0,1.74958E+12,FU_025,0,1.74954E+12,1.74955E+12,1,1,1,1,1,1,0.1,0.1,0.1,1,1,1,1,1,1,1,1,1,1,1,1,1,40.26881017,-3.10180806,3240,-0.230302941,-0.392157963,50,0.1,0.1,0.1,339.6,-32.4,9.48,2,-0.5,0.1,1.5,0.2,3,45,2.5,39.90448,116.40448,4448,4000,341.1420818
45:00.0,1.74958E+12,FU_025,0,1.74954E+12,1.74955E+12,1,1,1,1,1,1,0.1,0.1,0.1,1,1,1,1,1,1,1,1,1,1,1,1,1,40.22469882,-3.140868114,3250,-0.210795799,-0.389036598,50,0.1,0.1,0.1,340,-32.5,9.5,2,-0.5,0.1,1.5,0.2,3,45,2.5,39.9045,116.4045,4450,4000,341.5497768
45:12.0,1.74958E+12,FU_025,0,1.74954E+12,1.74955E+12,1,1,1,1,1,1,0.1,0.1,0.1,1,1,1,1,1,1,1,1,1,1,1,1,1,40.18449747,-3.179614083,3260,-0.191204343,-0.385876331,50,0.1,0.1,0.1,340.4,-32.6,9.52,2,-0.5,0.1,1.5,0.2,3,45,2.5,39.90452,116.40452,4452,4000,341.9574827
45:24.0,1.74958E+12,FU_025,0,1.74954E+12,1.74955E+12,1,1,1,1,1,1,0.1,0.1,0.1,1,1,1,1,1,1,1,1,1,1,1,1,1,40.14822218,-3.218042094,3270,-0.171536407,-0.382677476,50,0.1,0.1,0.1,340.8,-32.7,9.54,2,-0.5,0.1,1.5,0.2,3,45,2.5,39.90454,116.40454,4454,4000,342.3651998
45:36.0,1.74958E+12,FU_025,0,1.74954E+12,1.74955E+12,1,1,1,1,1,1,0.1,0.1,0.1,1,1,1,1,1,1,1,1,1,1,1,1,1,40.11588748,-3.256148303,3280,-0.151799858,-0.379440354,50,0.1,0.1,0.1,341.2,-32.8,9.56,2,-0.5,0.1,1.5,0.2,3,45,2.5,39.90456,116.40456,4456,4000,342.7729278
45:48.0,1.74958E+12,FU_025,0,1.74954E+12,1.74955E+12,1,1,1,1,1,1,0.1,0.1,0.1,1,1,1,1,1,1,1,1,1,1,1,1,1,40.08750629,-3.2939289,3290,-0.132002592,-0.376165288,50,0.1,0.1,0.1,341.6,-32.9,9.58,2,-0.5,0.1,1.5,0.2,3,45,2.5,39.90458,116.40458,4458,4000,343.1806667
46:00.0,1.74958E+12,FU_025,0,1.74954E+12,1.74955E+12,1,1,1,1,1,1,0.1,0.1,0.1,1,1,1,1,1,1,1,1,1,1,1,1,1,40.06308996,-3.331380106,3300,-0.112152527,-0.372852606,50,0.1,0.1,0.1,342,-33,9.6,2,-0.5,0.1,1.5,0.2,3,45,2.5,39.9046,116.4046,4460,4000,343.5884166
46:12.0,1.74958E+12,FU_025,0,1.74954E+12,1.74955E+12,1,1,1,1,1,1,0.1,0.1,0.1,1,1,1,1,1,1,1,1,1,1,1,1,1,40.04264827,-3.368498178,3310,-0.092257602,-0.369502639,50,0.1,0.1,0.1,342.4,-33.1,9.62,2,-0.5,0.1,1.5,0.2,3,45,2.5,39.90462,116.40462,4462,4000,343.9961773
46:24.0,1.74958E+12,FU_025,0,1.74954E+12,1.74955E+12,1,1,1,1,1,1,0.1,0.1,0.1,1,1,1,1,1,1,1,1,1,1,1,1,1,40.02618938,-3.405279403,3320,-0.072325775,-0.366115722,50,0.1,0.1,0.1,342.8,-33.2,9.64,2,-0.5,0.1,1.5,0.2,3,45,2.5,39.90464,116.40464,4464,4000,344.4039489
46:36.0,1.74958E+12,FU_025,0,1.74954E+12,1.74955E+12,1,1,1,1,1,1,0.1,0.1,0.1,1,1,1,1,1,1,1,1,1,1,1,1,1,40.01371989,-3.441720102,3330,-0.052365019,-0.362692194,50,0.1,0.1,0.1,343.2,-33.3,9.66,2,-0.5,0.1,1.5,0.2,3,45,2.5,39.90466,116.40466,4466,4000,344.8117312
46:48.0,1.74958E+12,FU_025,0,1.74954E+12,1.74955E+12,1,1,1,1,1,1,0.1,0.1,0.1,1,1,1,1,1,1,1,1,1,1,1,1,1,40.00524477,-3.477816632,3340,-0.032383318,-0.359232397,50,0.1,0.1,0.1,343.6,-33.4,9.68,2,-0.5,0.1,1.5,0.2,3,45,2.5,39.90468,116.40468,4468,4000,345.2195244
47:00.0,1.74958E+12,FU_025,0,1.74954E+12,1.74955E+12,1,1,1,1,1,1,0.1,0.1,0.1,1,1,1,1,1,1,1,1,1,1,1,1,1,40.00076742,-3.513565384,3350,-0.012388663,-0.355736676,50,0.1,0.1,0.1,344,-33.5,9.7,2,-0.5,0.1,1.5,0.2,3,45,2.5,39.9047,116.4047,4470,4000,345.6273282
47:12.0,1.74958E+12,FU_025,0,1.74954E+12,1.74955E+12,1,1,1,1,1,1,0.1,0.1,0.1,1,1,1,1,1,1,1,1,1,1,1,1,1,40.00028964,-3.548962782,3360,0.007610946,-0.352205383,50,0.1,0.1,0.1,344.4,-33.6,9.72,2,-0.5,0.1,1.5,0.2,3,45,2.5,39.90472,116.40472,4472,4000,346.0351427
47:24.0,1.74958E+12,FU_025,0,1.74954E+12,1.74955E+12,1,1,1,1,1,1,0.1,0.1,0.1,1,1,1,1,1,1,1,1,1,1,1,1,1,40.0038116,-3.584005286,3370,0.027607511,-0.348638869,50,0.1,0.1,0.1,344.8,-33.7,9.74,2,-0.5,0.1,1.5,0.2,3,45,2.5,39.90474,116.40474,4474,4000,346.4429679
47:36.0,1.74958E+12,FU_025,0,1.74954E+12,1.74955E+12,1,1,1,1,1,1,0.1,0.1,0.1,1,1,1,1,1,1,1,1,1,1,1,1,1,40.01133191,-3.618689394,3380,0.047593034,-0.345037492,50,0.1,0.1,0.1,345.2,-33.8,9.76,2,-0.5,0.1,1.5,0.2,3,45,2.5,39.90476,116.40476,4476,4000,346.8508037
47:48.0,1.74958E+12,FU_025,0,1.74954E+12,1.74955E+12,1,1,1,1,1,1,0.1,0.1,0.1,1,1,1,1,1,1,1,1,1,1,1,1,1,40.02284754,-3.653011635,3390,0.06755952,-0.341401611,50,0.1,0.1,0.1,345.6,-33.9,9.78,2,-0.5,0.1,1.5,0.2,3,45,2.5,39.90478,116.40478,4478,4000,347.25865
48:00.0,1.74958E+12,FU_025,0,1.74954E+12,1.74955E+12,1,1,1,1,1,1,0.1,0.1,0.1,1,1,1,1,1,1,1,1,1,1,1,1,1,40.03835391,-3.686968578,3400,0.087498983,-0.33773159,50,0.1,0.1,0.1,346,-34,9.8,2,-0.5,0.1,1.5,0.2,3,45,2.5,39.9048,116.4048,4480,4000,347.6665069
48:12.0,1.74958E+12,FU_025,0,1.74954E+12,1.74955E+12,1,1,1,1,1,1,0.1,0.1,0.1,1,1,1,1,1,1,1,1,1,1,1,1,1,40.0578448,-3.720556827,3410,0.107403448,-0.334027797,50,0.1,0.1,0.1,346.4,-34.1,9.82,2,-0.5,0.1,1.5,0.2,3,45,2.5,39.90482,116.40482,4482,4000,348.0743742
48:24.0,1.74958E+12,FU_025,0,1.74954E+12,1.74955E+12,1,1,1,1,1,1,0.1,0.1,0.1,1,1,1,1,1,1,1,1,1,1,1,1,1,40.08131243,-3.753773024,3420,0.127264953,-0.330290601,50,0.1,0.1,0.1,346.8,-34.2,9.84,2,-0.5,0.1,1.5,0.2,3,45,2.5,39.90484,116.40484,4484,4000,348.4822521
48:36.0,1.74958E+12,FU_025,0,1.74954E+12,1.74955E+12,1,1,1,1,1,1,0.1,0.1,0.1,1,1,1,1,1,1,1,1,1,1,1,1,1,40.10874739,-3.786613846,3430,0.147075554,-0.326520376,50,0.1,0.1,0.1,347.2,-34.3,9.86,2,-0.5,0.1,1.5,0.2,3,45,2.5,39.90486,116.40486,4486,4000,348.8901403
48:48.0,1.74958E+12,FU_025,0,1.74954E+12,1.74955E+12,1,1,1,1,1,1,0.1,0.1,0.1,1,1,1,1,1,1,1,1,1,1,1,1,1,40.14013873,-3.81907601,3440,0.166827326,-0.322717499,50,0.1,0.1,0.1,347.6,-34.4,9.88,2,-0.5,0.1,1.5,0.2,3,45,2.5,39.90488,116.40488,4488,4000,349.2980389
49:00.0,1.74958E+12,FU_025,0,1.74954E+12,1.74955E+12,1,1,1,1,1,1,0.1,0.1,0.1,1,1,1,1,1,1,1,1,1,1,1,1,1,40.17547387,-3.85115627,3450,0.186512369,-0.318882351,50,0.1,0.1,0.1,348,-34.5,9.9,2,-0.5,0.1,1.5,0.2,3,45,2.5,39.9049,116.4049,4490,4000,349.7059479
49:12.0,1.74958E+12,FU_025,0,1.74954E+12,1.74955E+12,1,1,1,1,1,1,0.1,0.1,0.1,1,1,1,1,1,1,1,1,1,1,1,1,1,40.2147387,-3.882851418,3460,0.206122811,-0.315015315,50,0.1,0.1,0.1,348.4,-34.6,9.92,2,-0.5,0.1,1.5,0.2,3,45,2.5,39.90492,116.40492,4492,4000,350.1138672
49:24.0,1.74958E+12,FU_025,0,1.74954E+12,1.74955E+12,1,1,1,1,1,1,0.1,0.1,0.1,1,1,1,1,1,1,1,1,1,1,1,1,1,40.2579175,-3.914158283,3470,0.225650805,-0.311116778,50,0.1,0.1,0.1,348.8,-34.7,9.94,2,-0.5,0.1,1.5,0.2,3,45,2.5,39.90494,116.40494,4494,4000,350.5217968
49:36.0,1.74958E+12,FU_025,0,1.74954E+12,1.74955E+12,1,1,1,1,1,1,0.1,0.1,0.1,1,1,1,1,1,1,1,1,1,1,1,1,1,40.30499301,-3.945073736,3480,0.245088543,-0.307187129,50,0.1,0.1,0.1,349.2,-34.8,9.96,2,-0.5,0.1,1.5,0.2,3,45,2.5,39.90496,116.40496,4496,4000,350.9297366
49:48.0,1.74958E+12,FU_025,0,1.74954E+12,1.74955E+12,1,1,1,1,1,1,0.1,0.1,0.1,1,1,1,1,1,1,1,1,1,1,1,1,1,40.35594638,-3.975594685,3490,0.264428248,-0.303226762,50,0.1,0.1,0.1,349.6,-34.9,9.98,2,-0.5,0.1,1.5,0.2,3,45,2.5,39.90498,116.40498,4498,4000,351.3376866
50:00.0,1.74958E+12,FU_025,0,1.74954E+12,1.74955E+12,1,1,1,1,1,1,0.1,0.1,0.1,1,1,1,1,1,1,1,1,1,1,1,1,1,40.41075725,-4.005718078,3500,0.283662185,-0.299236072,50,0.1,0.1,0.1,350,-35,10,2,-0.5,0.1,1.5,0.2,3,45,2.5,39.905,116.405,4500,4000,351.7456467
50:12.0,1.74958E+12,FU_025,0,1.74954E+12,1.74955E+12,1,1,1,1,1,1,0.1,0.1,0.1,1,1,1,1,1,1,1,1,1,1,1,1,1,40.46940369,-4.035440902,3510,0.302782662,-0.295215459,50,0.1,0.1,0.1,350.4,-35.1,10.02,2,-0.5,0.1,1.5,0.2,3,45,2.5,39.90502,116.40502,4502,4000,352.153617
50:24.0,1.74958E+12,FU_025,0,1.74954E+12,1.74955E+12,1,1,1,1,1,1,0.1,0.1,0.1,1,1,1,1,1,1,1,1,1,1,1,1,1,40.53186224,-4.064760185,3520,0.321782029,-0.291165325,50,0.1,0.1,0.1,350.8,-35.2,10.04,2,-0.5,0.1,1.5,0.2,3,45,2.5,39.90504,116.40504,4504,4000,352.5615975
50:36.0,1.74958E+12,FU_025,0,1.74954E+12,1.74955E+12,1,1,1,1,1,1,0.1,0.1,0.1,1,1,1,1,1,1,1,1,1,1,1,1,1,40.59810792,-4.093672996,3530,0.340652688,-0.287086074,50,0.1,0.1,0.1,351.2,-35.3,10.06,2,-0.5,0.1,1.5,0.2,3,45,2.5,39.90506,116.40506,4506,4000,352.9695879
50:48.0,1.74958E+12,FU_025,0,1.74954E+12,1.74955E+12,1,1,1,1,1,1,0.1,0.1,0.1,1,1,1,1,1,1,1,1,1,1,1,1,1,40.66811424,-4.122176443,3540,0.35938709,-0.282978115,50,0.1,0.1,0.1,351.6,-35.4,10.08,2,-0.5,0.1,1.5,0.2,3,45,2.5,39.90508,116.40508,4508,4000,353.3775884
51:00.0,1.74958E+12,FU_025,0,1.74954E+12,1.74955E+12,1,1,1,1,1,1,0.1,0.1,0.1,1,1,1,1,1,1,1,1,1,1,1,1,1,40.74185318,-4.150267676,3550,0.377977743,-0.278841859,50,0.1,0.1,0.1,352,-35.5,10.1,2,-0.5,0.1,1.5,0.2,3,45,2.5,39.9051,116.4051,4510,4000,353.7855989
51:12.0,1.74958E+12,FU_025,0,1.74954E+12,1.74955E+12,1,1,1,1,1,1,0.1,0.1,0.1,1,1,1,1,1,1,1,1,1,1,1,1,1,40.81929525,-4.177943886,3560,0.396417209,-0.274677718,50,0.1,0.1,0.1,352.4,-35.6,10.12,2,-0.5,0.1,1.5,0.2,3,45,2.5,39.90512,116.40512,4512,4000,354.1936194
51:24.0,1.74958E+12,FU_025,0,1.74954E+12,1.74955E+12,1,1,1,1,1,1,0.1,0.1,0.1,1,1,1,1,1,1,1,1,1,1,1,1,1,40.90040949,-4.205202304,3570,0.414698114,-0.27048611,50,0.1,0.1,0.1,352.8,-35.7,10.14,2,-0.5,0.1,1.5,0.2,3,45,2.5,39.90514,116.40514,4514,4000,354.6016497
51:36.0,1.74958E+12,FU_025,0,1.74954E+12,1.74955E+12,1,1,1,1,1,1,0.1,0.1,0.1,1,1,1,1,1,1,1,1,1,1,1,1,1,40.98516344,-4.232040206,3580,0.432813144,-0.266267454,50,0.1,0.1,0.1,353.2,-35.8,10.16,2,-0.5,0.1,1.5,0.2,3,45,2.5,39.90516,116.40516,4516,4000,355.00969
51:48.0,1.74958E+12,FU_025,0,1.74954E+12,1.74955E+12,1,1,1,1,1,1,0.1,0.1,0.1,1,1,1,1,1,1,1,1,1,1,1,1,1,41.07352321,-4.258454907,3590,0.450755056,-0.262022171,50,0.1,0.1,0.1,353.6,-35.9,10.18,2,-0.5,0.1,1.5,0.2,3,45,2.5,39.90518,116.40518,4518,4000,355.4177401
52:00.0,1.74958E+12,FU_025,0,1.74954E+12,1.74955E+12,1,1,1,1,1,1,0.1,0.1,0.1,1,1,1,1,1,1,1,1,1,1,1,1,1,41.16545344,-4.284443767,3600,0.468516671,-0.257750686,50,0.1,0.1,0.1,354,-36,10.2,2,-0.5,0.1,1.5,0.2,3,45,2.5,39.9052,116.4052,4520,4000,355.8258001
52:12.0,1.74958E+12,FU_025,0,1.74954E+12,1.74955E+12,1,1,1,1,1,1,0.1,0.1,0.1,1,1,1,1,1,1,1,1,1,1,1,1,1,41.26091738,-4.310004185,3610,0.486090886,-0.253453426,50,0.1,0.1,0.1,354.4,-36.1,10.22,2,-0.5,0.1,1.5,0.2,3,45,2.5,39.90522,116.40522,4522,4000,356.2338698
52:24.0,1.74958E+12,FU_025,0,1.74954E+12,1.74955E+12,1,1,1,1,1,1,0.1,0.1,0.1,1,1,1,1,1,1,1,1,1,1,1,1,1,41.35987684,-4.335133607,3620,0.503470671,-0.249130821,50,0.1,0.1,0.1,354.8,-36.2,10.24,2,-0.5,0.1,1.5,0.2,3,45,2.5,39.90524,116.40524,4524,4000,356.6419493
52:36.0,1.74958E+12,FU_025,0,1.74954E+12,1.74955E+12,1,1,1,1,1,1,0.1,0.1,0.1,1,1,1,1,1,1,1,1,1,1,1,1,1,41.46229222,-4.359829519,3630,0.520649075,-0.244783303,50,0.1,0.1,0.1,355.2,-36.3,10.26,2,-0.5,0.1,1.5,0.2,3,45,2.5,39.90526,116.40526,4526,4000,357.0500385
52:48.0,1.74958E+12,FU_025,0,1.74954E+12,1.74955E+12,1,1,1,1,1,1,0.1,0.1,0.1,1,1,1,1,1,1,1,1,1,1,1,1,1,41.56812258,-4.384089452,3640,0.537619226,-0.240411307,50,0.1,0.1,0.1,355.6,-36.4,10.28,2,-0.5,0.1,1.5,0.2,3,45,2.5,39.90528,116.40528,4528,4000,357.4581374
53:00.0,1.74958E+12,FU_025,0,1.74954E+12,1.74955E+12,1,1,1,1,1,1,0.1,0.1,0.1,1,1,1,1,1,1,1,1,1,1,1,1,1,41.67732558,-4.407910979,3650,0.554374336,-0.236015271,50,0.1,0.1,0.1,356,-36.5,10.3,2,-0.5,0.1,1.5,0.2,3,45,2.5,39.9053,116.4053,4530,4000,357.866246
53:12.0,1.74958E+12,FU_025,0,1.74954E+12,1.74955E+12,1,1,1,1,1,1,0.1,0.1,0.1,1,1,1,1,1,1,1,1,1,1,1,1,1,41.78985753,-4.431291719,3660,0.570907704,-0.231595632,50,0.1,0.1,0.1,356.4,-36.6,10.32,2,-0.5,0.1,1.5,0.2,3,45,2.5,39.90532,116.40532,4532,4000,358.2743641
53:24.0,1.74958E+12,FU_025,0,1.74954E+12,1.74955E+12,1,1,1,1,1,1,0.1,0.1,0.1,1,1,1,1,1,1,1,1,1,1,1,1,1,41.90567344,-4.454229334,3670,0.587212717,-0.227152835,50,0.1,0.1,0.1,356.8,-36.7,10.34,2,-0.5,0.1,1.5,0.2,3,45,2.5,39.90534,116.40534,4534,4000,358.6824919
53:36.0,1.74958E+12,FU_025,0,1.74954E+12,1.74955E+12,1,1,1,1,1,1,0.1,0.1,0.1,1,1,1,1,1,1,1,1,1,1,1,1,1,42.02472696,-4.476721529,3680,0.603282852,-0.222687322,50,0.1,0.1,0.1,357.2,-36.8,10.36,2,-0.5,0.1,1.5,0.2,3,45,2.5,39.90536,116.40536,4536,4000,359.0906292
53:48.0,1.74958E+12,FU_025,0,1.74954E+12,1.74955E+12,1,1,1,1,1,1,0.1,0.1,0.1,1,1,1,1,1,1,1,1,1,1,1,1,1,42.14697049,-4.498766056,3690,0.619111682,-0.218199541,50,0.1,0.1,0.1,357.6,-36.9,10.38,2,-0.5,0.1,1.5,0.2,3,45,2.5,39.90538,116.40538,4538,4000,359.4987761
54:00.0,1.74958E+12,FU_025,0,1.74954E+12,1.74955E+12,1,1,1,1,1,1,0.1,0.1,0.1,1,1,1,1,1,1,1,1,1,1,1,1,1,42.27235512,-4.52036071,3700,0.634692876,-0.21368994,50,0.1,0.1,0.1,358,-37,10.4,2,-0.5,0.1,1.5,0.2,3,45,2.5,39.9054,116.4054,4540,4000,359.9069324
54:12.0,1.74958E+12,FU_025,0,1.74954E+12,1.74955E+12,1,1,1,1,1,1,0.1,0.1,0.1,1,1,1,1,1,1,1,1,1,1,1,1,1,42.40083071,-4.541503332,3710,0.650020201,-0.20915897,50,0.1,0.1,0.1,358.4,-37.1,10.42,2,-0.5,0.1,1.5,0.2,3,45,2.5,39.90542,116.40542,4542,4000,360.3150982
54:24.0,1.74958E+12,FU_025,0,1.74954E+12,1.74955E+12,1,1,1,1,1,1,0.1,0.1,0.1,1,1,1,1,1,1,1,1,1,1,1,1,1,42.53234587,-4.562191807,3720,0.665087527,-0.204607085,50,0.1,0.1,0.1,358.8,-37.2,10.44,2,-0.5,0.1,1.5,0.2,3,45,2.5,39.90544,116.40544,4544,4000,360.7232734
54:36.0,1.74958E+12,FU_025,0,1.74954E+12,1.74955E+12,1,1,1,1,1,1,0.1,0.1,0.1,1,1,1,1,1,1,1,1,1,1,1,1,1,42.66684799,-4.582424067,3730,0.679888826,-0.200034739,50,0.1,0.1,0.1,359.2,-37.3,10.46,2,-0.5,0.1,1.5,0.2,3,45,2.5,39.90546,116.40546,4546,4000,361.1314581
54:48.0,1.74958E+12,FU_025,0,1.74954E+12,1.74955E+12,1,1,1,1,1,1,0.1,0.1,0.1,1,1,1,1,1,1,1,1,1,1,1,1,1,42.80428327,-4.602198088,3740,0.694418179,-0.195442389,50,0.1,0.1,0.1,359.6,-37.4,10.48,2,-0.5,0.1,1.5,0.2,3,45,2.5,39.90548,116.40548,4548,4000,361.539652
55:00.0,1.74958E+12,FU_025,0,1.74954E+12,1.74955E+12,1,1,1,1,1,1,0.1,0.1,0.1,1,1,1,1,1,1,1,1,1,1,1,1,1,42.94459674,-4.621511893,3750,0.708669774,-0.190830496,50,0.1,0.1,0.1,360,-37.5,10.5,2,-0.5,0.1,1.5,0.2,3,45,2.5,39.9055,116.4055,4550,4000,361.9478554
55:12.0,1.74958E+12,FU_025,0,1.74954E+12,1.74955E+12,1,1,1,1,1,1,0.1,0.1,0.1,1,1,1,1,1,1,1,1,1,1,1,1,1,43.08773228,-4.640363551,3760,0.722637911,-0.18619952,50,0.1,0.1,0.1,360.4,-37.6,10.52,2,-0.5,0.1,1.5,0.2,3,45,2.5,39.90552,116.40552,4552,4000,362.356068
55:24.0,1.74958E+12,FU_025,0,1.74954E+12,1.74955E+12,1,1,1,1,1,1,0.1,0.1,0.1,1,1,1,1,1,1,1,1,1,1,1,1,1,43.23363264,-4.658751176,3770,0.736317002,-0.181549924,50,0.1,0.1,0.1,360.8,-37.7,10.54,2,-0.5,0.1,1.5,0.2,3,45,2.5,39.90554,116.40554,4554,4000,362.7642899
55:36.0,1.74958E+12,FU_025,0,1.74954E+12,1.74955E+12,1,1,1,1,1,1,0.1,0.1,0.1,1,1,1,1,1,1,1,1,1,1,1,1,1,43.38223945,-4.676672931,3780,0.749701576,-0.176882173,50,0.1,0.1,0.1,361.2,-37.8,10.56,2,-0.5,0.1,1.5,0.2,3,45,2.5,39.90556,116.40556,4556,4000,363.172521
55:48.0,1.74958E+12,FU_025,0,1.74954E+12,1.74955E+12,1,1,1,1,1,1,0.1,0.1,0.1,1,1,1,1,1,1,1,1,1,1,1,1,1,43.53349328,-4.694127021,3790,0.762786279,-0.172196734,50,0.1,0.1,0.1,361.6,-37.9,10.58,2,-0.5,0.1,1.5,0.2,3,45,2.5,39.90558,116.40558,4558,4000,363.5807613
56:00.0,1.74958E+12,FU_025,0,1.74954E+12,1.74955E+12,1,1,1,1,1,1,0.1,0.1,0.1,1,1,1,1,1,1,1,1,1,1,1,1,1,43.68733362,-4.711111703,3800,0.775565879,-0.167494075,50,0.1,0.1,0.1,362,-38,10.6,2,-0.5,0.1,1.5,0.2,3,45,2.5,39.9056,116.4056,4560,4000,363.9890108
56:12.0,1.74958E+12,FU_025,0,1.74954E+12,1.74955E+12,1,1,1,1,1,1,0.1,0.1,0.1,1,1,1,1,1,1,1,1,1,1,1,1,1,43.84369895,-4.727625278,3810,0.788035262,-0.162774667,50,0.1,0.1,0.1,362.4,-38.1,10.62,2,-0.5,0.1,1.5,0.2,3,45,2.5,39.90562,116.40562,4562,4000,364.3972695
56:24.0,1.74958E+12,FU_025,0,1.74954E+12,1.74955E+12,1,1,1,1,1,1,0.1,0.1,0.1,1,1,1,1,1,1,1,1,1,1,1,1,1,44.00252671,-4.743666094,3820,0.800189441,-0.158038982,50,0.1,0.1,0.1,362.8,-38.2,10.64,2,-0.5,0.1,1.5,0.2,3,45,2.5,39.90564,116.40564,4564,4000,364.8055372
56:36.0,1.74958E+12,FU_025,0,1.74954E+12,1.74955E+12,1,1,1,1,1,1,0.1,0.1,0.1,1,1,1,1,1,1,1,1,1,1,1,1,1,44.16375339,-4.759232548,3830,0.812023555,-0.153287493,50,0.1,0.1,0.1,363.2,-38.3,10.66,2,-0.5,0.1,1.5,0.2,3,45,2.5,39.90566,116.40566,4566,4000,365.2138141
56:48.0,1.74958E+12,FU_025,0,1.74954E+12,1.74955E+12,1,1,1,1,1,1,0.1,0.1,0.1,1,1,1,1,1,1,1,1,1,1,1,1,1,44.32731448,-4.774323082,3840,0.823532871,-0.148520676,50,0.1,0.1,0.1,363.6,-38.4,10.68,2,-0.5,0.1,1.5,0.2,3,45,2.5,39.90568,116.40568,4568,4000,365.6221
57:00.0,1.74958E+12,FU_025,0,1.74954E+12,1.74955E+12,1,1,1,1,1,1,0.1,0.1,0.1,1,1,1,1,1,1,1,1,1,1,1,1,1,44.49314457,-4.788936188,3850,0.834712785,-0.143739006,50,0.1,0.1,0.1,364,-38.5,10.7,2,-0.5,0.1,1.5,0.2,3,45,2.5,39.9057,116.4057,4570,4000,366.0303949
57:12.0,1.74958E+12,FU_025,0,1.74954E+12,1.74955E+12,1,1,1,1,1,1,0.1,0.1,0.1,1,1,1,1,1,1,1,1,1,1,1,1,1,44.66117734,-4.803070404,3860,0.845558824,-0.138942963,50,0.1,0.1,0.1,364.4,-38.6,10.72,2,-0.5,0.1,1.5,0.2,3,45,2.5,39.90572,116.40572,4572,4000,366.4386988
57:24.0,1.74958E+12,FU_025,0,1.74954E+12,1.74955E+12,1,1,1,1,1,1,0.1,0.1,0.1,1,1,1,1,1,1,1,1,1,1,1,1,1,44.83134556,-4.816724317,3870,0.856066652,-0.134133025,50,0.1,0.1,0.1,364.8,-38.7,10.74,2,-0.5,0.1,1.5,0.2,3,45,2.5,39.90574,116.40574,4574,4000,366.8470117
57:36.0,1.74958E+12,FU_025,0,1.74954E+12,1.74955E+12,1,1,1,1,1,1,0.1,0.1,0.1,1,1,1,1,1,1,1,1,1,1,1,1,1,45.00358117,-4.829896562,3880,0.866232064,-0.129309675,50,0.1,0.1,0.1,365.2,-38.8,10.76,2,-0.5,0.1,1.5,0.2,3,45,2.5,39.90576,116.40576,4576,4000,367.2553335
57:48.0,1.74958E+12,FU_025,0,1.74954E+12,1.74955E+12,1,1,1,1,1,1,0.1,0.1,0.1,1,1,1,1,1,1,1,1,1,1,1,1,1,45.17781528,-4.842585821,3890,0.876050995,-0.124473393,50,0.1,0.1,0.1,365.6,-38.9,10.78,2,-0.5,0.1,1.5,0.2,3,45,2.5,39.90578,116.40578,4578,4000,367.6636642
58:00.0,1.74958E+12,FU_025,0,1.74954E+12,1.74955E+12,1,1,1,1,1,1,0.1,0.1,0.1,1,1,1,1,1,1,1,1,1,1,1,1,1,45.35397821,-4.854790826,3900,0.885519517,-0.119624665,50,0.1,0.1,0.1,366,-39,10.8,2,-0.5,0.1,1.5,0.2,3,45,2.5,39.9058,116.4058,4580,4000,368.0720038
58:12.0,1.74958E+12,FU_025,0,1.74954E+12,1.74955E+12,1,1,1,1,1,1,0.1,0.1,0.1,1,1,1,1,1,1,1,1,1,1,1,1,1,45.53199948,-4.866510355,3910,0.894633843,-0.114763974,50,0.1,0.1,0.1,366.4,-39.1,10.82,2,-0.5,0.1,1.5,0.2,3,45,2.5,39.90582,116.40582,4582,4000,368.4803523
58:24.0,1.74958E+12,FU_025,0,1.74954E+12,1.74955E+12,1,1,1,1,1,1,0.1,0.1,0.1,1,1,1,1,1,1,1,1,1,1,1,1,1,45.71180789,-4.877743238,3920,0.903390328,-0.109891806,50,0.1,0.1,0.1,366.8,-39.2,10.84,2,-0.5,0.1,1.5,0.2,3,45,2.5,39.90584,116.40584,4584,4000,368.8887095
58:36.0,1.74958E+12,FU_025,0,1.74954E+12,1.74955E+12,1,1,1,1,1,1,0.1,0.1,0.1,1,1,1,1,1,1,1,1,1,1,1,1,1,45.89333152,-4.88848835,3930,0.911785468,-0.10500865,50,0.1,0.1,0.1,367.2,-39.3,10.86,2,-0.5,0.1,1.5,0.2,3,45,2.5,39.90586,116.40586,4586,4000,369.2970755
58:48.0,1.74958E+12,FU_025,0,1.74954E+12,1.74955E+12,1,1,1,1,1,1,0.1,0.1,0.1,1,1,1,1,1,1,1,1,1,1,1,1,1,46.07649776,-4.898744618,3940,0.919815906,-0.100114992,50,0.1,0.1,0.1,367.6,-39.4,10.88,2,-0.5,0.1,1.5,0.2,3,45,2.5,39.90588,116.40588,4588,4000,369.7054503
59:00.0,1.74958E+12,FU_025,0,1.74954E+12,1.74955E+12,1,1,1,1,1,1,0.1,0.1,0.1,1,1,1,1,1,1,1,1,1,1,1,1,1,46.26123335,-4.908511015,3950,0.927478431,-0.095211324,50,0.1,0.1,0.1,368,-39.5,10.9,2,-0.5,0.1,1.5,0.2,3,45,2.5,39.9059,116.4059,4590,4000,370.1138338
59:12.0,1.74958E+12,FU_025,0,1.74954E+12,1.74955E+12,1,1,1,1,1,1,0.1,0.1,0.1,1,1,1,1,1,1,1,1,1,1,1,1,1,46.4474644,-4.917786565,3960,0.934769976,-0.090298134,50,0.1,0.1,0.1,368.4,-39.6,10.92,2,-0.5,0.1,1.5,0.2,3,45,2.5,39.90592,116.40592,4592,4000,370.5222261
59:24.0,1.74958E+12,FU_025,0,1.74954E+12,1.74955E+12,1,1,1,1,1,1,0.1,0.1,0.1,1,1,1,1,1,1,1,1,1,1,1,1,1,46.63511642,-4.926570341,3970,0.941687626,-0.085375914,50,0.1,0.1,0.1,368.8,-39.7,10.94,2,-0.5,0.1,1.5,0.2,3,45,2.5,39.90594,116.40594,4594,4000,370.9306269
59:36.0,1.74958E+12,FU_025,0,1.74954E+12,1.74955E+12,1,1,1,1,1,1,0.1,0.1,0.1,1,1,1,1,1,1,1,1,1,1,1,1,1,46.82411434,-4.934861463,3980,0.948228613,-0.080445157,50,0.1,0.1,0.1,369.2,-39.8,10.96,2,-0.5,0.1,1.5,0.2,3,45,2.5,39.90596,116.40596,4596,4000,371.3390365
59:48.0,1.74958E+12,FU_025,0,1.74954E+12,1.74955E+12,1,1,1,1,1,1,0.1,0.1,0.1,1,1,1,1,1,1,1,1,1,1,1,1,1,47.01438258,-4.942659104,3990,0.954390322,-0.075506356,50,0.1,0.1,0.1,369.6,-39.9,10.98,2,-0.5,0.1,1.5,0.2,3,45,2.5,39.90598,116.40598,4598,4000,371.7474546
00:00.0,1.74958E+12,FU_025,0,1.74954E+12,1.74955E+12,1,1,1,1,1,1,0.1,0.1,0.1,1,1,1,1,1,1,1,1,1,1,1,1,1,47.20584502,-4.949962483,4000,0.960170287,-0.070560004,50,0.1,0.1,0.1,370,-40,11,2,-0.5,0.1,1.5,0.2,3,45,2.5,39.906,116.406,4600,4000,372.1558813
00:12.0,1.74958E+12,FU_025,0,1.74954E+12,1.74955E+12,1,1,1,1,1,1,0.1,0.1,0.1,1,1,1,1,1,1,1,1,1,1,1,1,1,47.39842509,-4.95677087,4010,0.965566196,-0.065606596,50,0.1,0.1,0.1,370.4,-40.1,11.02,2,-0.5,0.1,1.5,0.2,3,45,2.5,39.90602,116.40602,4602,4000,372.5643166
00:24.0,1.74958E+12,FU_025,0,1.74954E+12,1.74955E+12,1,1,1,1,1,1,0.1,0.1,0.1,1,1,1,1,1,1,1,1,1,1,1,1,1,47.59204575,-4.963083584,4020,0.970575893,-0.060646628,50,0.1,0.1,0.1,370.8,-40.2,11.04,2,-0.5,0.1,1.5,0.2,3,45,2.5,39.90604,116.40604,4604,4000,372.9727604
00:36.0,1.74958E+12,FU_025,0,1.74954E+12,1.74955E+12,1,1,1,1,1,1,0.1,0.1,0.1,1,1,1,1,1,1,1,1,1,1,1,1,1,47.78662956,-4.968899993,4030,0.975197371,-0.055680594,50,0.1,0.1,0.1,371.2,-40.3,11.06,2,-0.5,0.1,1.5,0.2,3,45,2.5,39.90606,116.40606,4606,4000,373.3812127
00:48.0,1.74958E+12,FU_025,0,1.74954E+12,1.74955E+12,1,1,1,1,1,1,0.1,0.1,0.1,1,1,1,1,1,1,1,1,1,1,1,1,1,47.98209869,-4.974219517,4040,0.979428784,-0.050708993,50,0.1,0.1,0.1,371.6,-40.4,11.08,2,-0.5,0.1,1.5,0.2,3,45,2.5,39.90608,116.40608,4608,4000,373.7896735
01:00.0,1.74958E+12,FU_025,0,1.74954E+12,1.74955E+12,1,1,1,1,1,1,0.1,0.1,0.1,1,1,1,1,1,1,1,1,1,1,1,1,1,48.17837496,-4.979041623,4050,0.983268438,-0.045732321,50,0.1,0.1,0.1,372,-40.5,11.1,2,-0.5,0.1,1.5,0.2,3,45,2.5,39.9061,116.4061,4610,4000,374.1981427
01:12.0,1.74958E+12,FU_025,0,1.74954E+12,1.74955E+12,1,1,1,1,1,1,0.1,0.1,0.1,1,1,1,1,1,1,1,1,1,1,1,1,1,48.37537985,-4.983365829,4060,0.986714799,-0.040751076,50,0.1,0.1,0.1,372.4,-40.6,11.12,2,-0.5,0.1,1.5,0.2,3,45,2.5,39.90612,116.40612,4612,4000,374.6066203
01:24.0,1.74958E+12,FU_025,0,1.74954E+12,1.74955E+12,1,1,1,1,1,1,0.1,0.1,0.1,1,1,1,1,1,1,1,1,1,1,1,1,1,48.57303456,-4.987191702,4070,0.989766486,-0.035765756,50,0.1,0.1,0.1,372.8,-40.7,11.14,2,-0.5,0.1,1.5,0.2,3,45,2.5,39.90614,116.40614,4614,4000,375.0151064
01:36.0,1.74958E+12,FU_025,0,1.74954E+12,1.74955E+12,1,1,1,1,1,1,0.1,0.1,0.1,1,1,1,1,1,1,1,1,1,1,1,1,1,48.77126005,-4.99051886,4080,0.99242228,-0.030776859,50,0.1,0.1,0.1,373.2,-40.8,11.16,2,-0.5,0.1,1.5,0.2,3,45,2.5,39.90616,116.40616,4616,4000,375.4236007
01:48.0,1.74958E+12,FU_025,0,1.74954E+12,1.74955E+12,1,1,1,1,1,1,0.1,0.1,0.1,1,1,1,1,1,1,1,1,1,1,1,1,1,48.96997701,-4.993346971,4090,0.994681118,-0.025784884,50,0.1,0.1,0.1,373.6,-40.9,11.18,2,-0.5,0.1,1.5,0.2,3,45,2.5,39.90618,116.40618,4618,4000,375.8321035
02:00.0,1.74958E+12,FU_025,0,1.74954E+12,1.74955E+12,1,1,1,1,1,1,0.1,0.1,0.1,1,1,1,1,1,1,1,1,1,1,1,1,1,49.16910597,-4.995675751,4100,0.996542097,-0.020790331,50,0.1,0.1,0.1,374,-41,11.2,2,-0.5,0.1,1.5,0.2,3,45,2.5,39.9062,116.4062,4620,4000,376.2406145
02:12.0,1.74958E+12,FU_025,0,1.74954E+12,1.74955E+12,1,1,1,1,1,1,0.1,0.1,0.1,1,1,1,1,1,1,1,1,1,1,1,1,1,49.36856728,-4.997504968,4110,0.998004473,-0.015793699,50,0.1,0.1,0.1,374.4,-41.1,11.22,2,-0.5,0.1,1.5,0.2,3,45,2.5,39.90622,116.40622,4622,4000,376.6491338
02:24.0,1.74958E+12,FU_025,0,1.74954E+12,1.74955E+12,1,1,1,1,1,1,0.1,0.1,0.1,1,1,1,1,1,1,1,1,1,1,1,1,1,49.56828115,-4.998834439,4120,0.99906766,-0.010795488,50,0.1,0.1,0.1,374.8,-41.2,11.24,2,-0.5,0.1,1.5,0.2,3,45,2.5,39.90624,116.40624,4624,4000,377.0576614
02:36.0,1.74958E+12,FU_025,0,1.74954E+12,1.74955E+12,1,1,1,1,1,1,0.1,0.1,0.1,1,1,1,1,1,1,1,1,1,1,1,1,1,49.7681677,-4.99966403,4130,0.999731233,-0.005796197,50,0.1,0.1,0.1,375.2,-41.3,11.26,2,-0.5,0.1,1.5,0.2,3,45,2.5,39.90626,116.40626,4626,4000,377.4661972
02:48.0,1.74958E+12,FU_025,0,1.74954E+12,1.74955E+12,1,1,1,1,1,1,0.1,0.1,0.1,1,1,1,1,1,1,1,1,1,1,1,1,1,49.96814698,-4.999993659,4140,0.999994927,-0.000796326,50,0.1,0.1,0.1,375.6,-41.4,11.28,2,-0.5,0.1,1.5,0.2,3,45,2.5,39.90628,116.40628,4628,4000,377.8747412
03:00.0,1.74958E+12,FU_025,0,1.74954E+12,1.74955E+12,1,1,1,1,1,1,0.1,0.1,0.1,1,1,1,1,1,1,1,1,1,1,1,1,1,50.168139,-4.999823292,4150,0.999858636,0.004203624,50,0.1,0.1,0.1,376,-41.5,11.3,2,-0.5,0.1,1.5,0.2,3,45,2.5,39.9063,116.4063,4630,4000,378.2832933
03:12.0,1.74958E+12,FU_025,0,1.74954E+12,1.74955E+12,1,1,1,1,1,1,0.1,0.1,0.1,1,1,1,1,1,1,1,1,1,1,1,1,1,50.36806377,-4.999152948,4160,0.999322416,0.009203153,50,0.1,0.1,0.1,376.4,-41.6,11.32,2,-0.5,0.1,1.5,0.2,3,45,2.5,39.90632,116.40632,4632,4000,378.6918536
03:24.0,1.74958E+12,FU_025,0,1.74954E+12,1.74955E+12,1,1,1,1,1,1,0.1,0.1,0.1,1,1,1,1,1,1,1,1,1,1,1,1,1,50.56784132,-4.997982692,4170,0.998386479,0.014201763,50,0.1,0.1,0.1,376.8,-41.7,11.34,2,-0.5,0.1,1.5,0.2,3,45,2.5,39.90634,116.40634,4634,4000,379.1004221
03:36.0,1.74958E+12,FU_025,0,1.74954E+12,1.74955E+12,1,1,1,1,1,1,0.1,0.1,0.1,1,1,1,1,1,1,1,1,1,1,1,1,1,50.76739174,-4.996312643,4180,0.997051202,0.019198952,50,0.1,0.1,0.1,377.2,-41.8,11.36,2,-0.5,0.1,1.5,0.2,3,45,2.5,39.90636,116.40636,4636,4000,379.5089986
03:48.0,1.74958E+12,FU_025,0,1.74954E+12,1.74955E+12,1,1,1,1,1,1,0.1,0.1,0.1,1,1,1,1,1,1,1,1,1,1,1,1,1,50.96663522,-4.994142966,4190,0.995317117,0.024194222,50,0.1,0.1,0.1,377.6,-41.9,11.38,2,-0.5,0.1,1.5,0.2,3,45,2.5,39.90638,116.40638,4638,4000,379.9175832
04:00.0,1.74958E+12,FU_025,0,1.74954E+12,1.74955E+12,1,1,1,1,1,1,0.1,0.1,0.1,1,1,1,1,1,1,1,1,1,1,1,1,1,51.16549205,-4.991473879,4200,0.993184919,0.029187072,50,0.1,0.1,0.1,378,-42,11.4,2,-0.5,0.1,1.5,0.2,3,45,2.5,39.9064,116.4064,4640,4000,380.3261758
04:12.0,1.74958E+12,FU_025,0,1.74954E+12,1.74955E+12,1,1,1,1,1,1,0.1,0.1,0.1,1,1,1,1,1,1,1,1,1,1,1,1,1,51.3638827,-4.988305649,4210,0.99065546,0.034177003,50,0.1,0.1,0.1,378.4,-42.1,11.42,2,-0.5,0.1,1.5,0.2,3,45,2.5,39.90642,116.40642,4642,4000,380.7347765
04:24.0,1.74958E+12,FU_025,0,1.74954E+12,1.74955E+12,1,1,1,1,1,1,0.1,0.1,0.1,1,1,1,1,1,1,1,1,1,1,1,1,1,51.56172782,-4.984638592,4220,0.987729752,0.039163517,50,0.1,0.1,0.1,378.8,-42.2,11.44,2,-0.5,0.1,1.5,0.2,3,45,2.5,39.90644,116.40644,4644,4000,381.1433851
04:36.0,1.74958E+12,FU_025,0,1.74954E+12,1.74955E+12,1,1,1,1,1,1,0.1,0.1,0.1,1,1,1,1,1,1,1,1,1,1,1,1,1,51.75894826,-4.980473076,4230,0.984408965,0.044146114,50,0.1,0.1,0.1,379.2,-42.3,11.46,2,-0.5,0.1,1.5,0.2,3,45,2.5,39.90646,116.40646,4646,4000,381.5520017
04:48.0,1.74958E+12,FU_025,0,1.74954E+12,1.74955E+12,1,1,1,1,1,1,0.1,0.1,0.1,1,1,1,1,1,1,1,1,1,1,1,1,1,51.95546515,-4.975809517,4240,0.980694428,0.049124297,50,0.1,0.1,0.1,379.6,-42.4,11.48,2,-0.5,0.1,1.5,0.2,3,45,2.5,39.90648,116.40648,4648,4000,381.9606262
05:00.0,1.74958E+12,FU_025,0,1.74954E+12,1.74955E+12,1,1,1,1,1,1,0.1,0.1,0.1,1,1,1,1,1,1,1,1,1,1,1,1,1,52.15119988,-4.97064838,4250,0.976587626,0.054097567,50,0.1,0.1,0.1,380,-42.5,11.5,2,-0.5,0.1,1.5,0.2,3,45,2.5,39.9065,116.4065,4650,4000,382.3692587
05:12.0,1.74958E+12,FU_025,0,1.74954E+12,1.74955E+12,1,1,1,1,1,1,0.1,0.1,0.1,1,1,1,1,1,1,1,1,1,1,1,1,1,52.34607416,-4.964990183,4260,0.972090202,0.059065428,50,0.1,0.1,0.1,380.4,-42.6,11.52,2,-0.5,0.1,1.5,0.2,3,45,2.5,39.90652,116.40652,4652,4000,382.777899
05:24.0,1.74958E+12,FU_025,0,1.74954E+12,1.74955E+12,1,1,1,1,1,1,0.1,0.1,0.1,1,1,1,1,1,1,1,1,1,1,1,1,1,52.54001004,-4.958835492,4270,0.967203955,0.064027382,50,0.1,0.1,0.1,380.8,-42.7,11.54,2,-0.5,0.1,1.5,0.2,3,45,2.5,39.90654,116.40654,4654,4000,383.1865473
05:36.0,1.74958E+12,FU_025,0,1.74954E+12,1.74955E+12,1,1,1,1,1,1,0.1,0.1,0.1,1,1,1,1,1,1,1,1,1,1,1,1,1,52.73292995,-4.95218492,4280,0.961930839,0.068982934,50,0.1,0.1,0.1,381.2,-42.8,11.56,2,-0.5,0.1,1.5,0.2,3,45,2.5,39.90656,116.40656,4656,4000,383.5952033
05:48.0,1.74958E+12,FU_025,0,1.74954E+12,1.74955E+12,1,1,1,1,1,1,0.1,0.1,0.1,1,1,1,1,1,1,1,1,1,1,1,1,1,52.92475672,-4.945039135,4290,0.956272964,0.073931587,50,0.1,0.1,0.1,381.6,-42.9,11.58,2,-0.5,0.1,1.5,0.2,3,45,2.5,39.90658,116.40658,4658,4000,384.0038672
06:00.0,1.74958E+12,FU_025,0,1.74954E+12,1.74955E+12,1,1,1,1,1,1,0.1,0.1,0.1,1,1,1,1,1,1,1,1,1,1,1,1,1,53.11541364,-4.93739885,4300,0.950232592,0.078872847,50,0.1,0.1,0.1,382,-43,11.6,2,-0.5,0.1,1.5,0.2,3,45,2.5,39.9066,116.4066,4660,4000,384.4125388
06:12.0,1.74958E+12,FU_025,0,1.74954E+12,1.74955E+12,1,1,1,1,1,1,0.1,0.1,0.1,1,1,1,1,1,1,1,1,1,1,1,1,1,53.30482442,-4.929264828,4310,0.94381214,0.08380622,50,0.1,0.1,0.1,382.4,-43.1,11.62,2,-0.5,0.1,1.5,0.2,3,45,2.5,39.90662,116.40662,4662,4000,384.8212182
06:24.0,1.74958E+12,FU_025,0,1.74954E+12,1.74955E+12,1,1,1,1,1,1,0.1,0.1,0.1,1,1,1,1,1,1,1,1,1,1,1,1,1,53.49291332,-4.920637885,4320,0.937014176,0.088731212,50,0.1,0.1,0.1,382.8,-43.2,11.64,2,-0.5,0.1,1.5,0.2,3,45,2.5,39.90664,116.40664,4664,4000,385.2299054
06:36.0,1.74958E+12,FU_025,0,1.74954E+12,1.74955E+12,1,1,1,1,1,1,0.1,0.1,0.1,1,1,1,1,1,1,1,1,1,1,1,1,1,53.67960511,-4.911518882,4330,0.929841418,0.093647332,50,0.1,0.1,0.1,383.2,-43.3,11.66,2,-0.5,0.1,1.5,0.2,3,45,2.5,39.90666,116.40666,4666,4000,385.6386002
06:48.0,1.74958E+12,FU_025,0,1.74954E+12,1.74955E+12,1,1,1,1,1,1,0.1,0.1,0.1,1,1,1,1,1,1,1,1,1,1,1,1,1,53.8648251,-4.901908731,4340,0.922296736,0.098554086,50,0.1,0.1,0.1,383.6,-43.4,11.68,2,-0.5,0.1,1.5,0.2,3,45,2.5,39.90668,116.40668,4668,4000,386.0473028
07:00.0,1.74958E+12,FU_025,0,1.74954E+12,1.74955E+12,1,1,1,1,1,1,0.1,0.1,0.1,1,1,1,1,1,1,1,1,1,1,1,1,1,54.04849921,-4.891808393,4350,0.914383148,0.103450986,50,0.1,0.1,0.1,384,-43.5,11.7,2,-0.5,0.1,1.5,0.2,3,45,2.5,39.9067,116.4067,4670,4000,386.456013
07:12.0,1.74958E+12,FU_025,0,1.74954E+12,1.74955E+12,1,1,1,1,1,1,0.1,0.1,0.1,1,1,1,1,1,1,1,1,1,1,1,1,1,54.23055397,-4.881218878,4360,0.906103819,0.10833754,50,0.1,0.1,0.1,384.4,-43.6,11.72,2,-0.5,0.1,1.5,0.2,3,45,2.5,39.90672,116.40672,4672,4000,386.8647309
07:24.0,1.74958E+12,FU_025,0,1.74954E+12,1.74955E+12,1,1,1,1,1,1,0.1,0.1,0.1,1,1,1,1,1,1,1,1,1,1,1,1,1,54.41091657,-4.870141246,4370,0.89746206,0.113213261,50,0.1,0.1,0.1,384.8,-43.7,11.74,2,-0.5,0.1,1.5,0.2,3,45,2.5,39.90674,116.40674,4674,4000,387.2734564
07:36.0,1.74958E+12,FU_025,0,1.74954E+12,1.74955E+12,1,1,1,1,1,1,0.1,0.1,0.1,1,1,1,1,1,1,1,1,1,1,1,1,1,54.58951486,-4.858576604,4380,0.888461329,0.11807766,50,0.1,0.1,0.1,385.2,-43.8,11.76,2,-0.5,0.1,1.5,0.2,3,45,2.5,39.90676,116.40676,4676,4000,387.6821894
07:48.0,1.74958E+12,FU_025,0,1.74954E+12,1.74955E+12,1,1,1,1,1,1,0.1,0.1,0.1,1,1,1,1,1,1,1,1,1,1,1,1,1,54.76627741,-4.846526108,4390,0.879105225,0.122930252,50,0.1,0.1,0.1,385.6,-43.9,11.78,2,-0.5,0.1,1.5,0.2,3,45,2.5,39.90678,116.40678,4678,4000,388.0909301
08:00.0,1.74958E+12,FU_025,0,1.74954E+12,1.74955E+12,1,1,1,1,1,1,0.1,0.1,0.1,1,1,1,1,1,1,1,1,1,1,1,1,1,54.94113351,-4.833990963,4400,0.86939749,0.127770551,50,0.1,0.1,0.1,386,-44,11.8,2,-0.5,0.1,1.5,0.2,3,45,2.5,39.9068,116.4068,4680,4000,388.4996782
08:12.0,1.74958E+12,FU_025,0,1.74954E+12,1.74955E+12,1,1,1,1,1,1,0.1,0.1,0.1,1,1,1,1,1,1,1,1,1,1,1,1,1,55.11401322,-4.820972423,4410,0.859342008,0.132598073,50,0.1,0.1,0.1,386.4,-44.1,11.82,2,-0.5,0.1,1.5,0.2,3,45,2.5,39.90682,116.40682,4682,4000,388.908434
08:24.0,1.74958E+12,FU_025,0,1.74954E+12,1.74955E+12,1,1,1,1,1,1,0.1,0.1,0.1,1,1,1,1,1,1,1,1,1,1,1,1,1,55.2848474,-4.80747179,4420,0.848942801,0.137412335,50,0.1,0.1,0.1,386.8,-44.2,11.84,2,-0.5,0.1,1.5,0.2,3,45,2.5,39.90684,116.40684,4684,4000,389.3171972
08:36.0,1.74958E+12,FU_025,0,1.74954E+12,1.74955E+12,1,1,1,1,1,1,0.1,0.1,0.1,1,1,1,1,1,1,1,1,1,1,1,1,1,55.45356771,-4.793490414,4430,0.838204028,0.142212856,50,0.1,0.1,0.1,387.2,-44.3,11.86,2,-0.5,0.1,1.5,0.2,3,45,2.5,39.90686,116.40686,4686,4000,389.7259678
08:48.0,1.74958E+12,FU_025,0,1.74954E+12,1.74955E+12,1,1,1,1,1,1,0.1,0.1,0.1,1,1,1,1,1,1,1,1,1,1,1,1,1,55.62010666,-4.779029693,4440,0.827129985,0.146999156,50,0.1,0.1,0.1,387.6,-44.4,11.88,2,-0.5,0.1,1.5,0.2,3,45,2.5,39.90688,116.40688,4688,4000,390.134746
09:00.0,1.74958E+12,FU_025,0,1.74954E+12,1.74955E+12,1,1,1,1,1,1,0.1,0.1,0.1,1,1,1,1,1,1,1,1,1,1,1,1,1,55.78439764,-4.764091073,4450,0.8157251,0.151770756,50,0.1,0.1,0.1,388,-44.5,11.9,2,-0.5,0.1,1.5,0.2,3,45,2.5,39.9069,116.4069,4690,4000,390.5435315
09:12.0,1.74958E+12,FU_025,0,1.74954E+12,1.74955E+12,1,1,1,1,1,1,0.1,0.1,0.1,1,1,1,1,1,1,1,1,1,1,1,1,1,55.94637495,-4.748676048,4460,0.803993936,0.15652718,50,0.1,0.1,0.1,388.4,-44.6,11.92,2,-0.5,0.1,1.5,0.2,3,45,2.5,39.90692,116.40692,4692,4000,390.9523245
09:24.0,1.74958E+12,FU_025,0,1.74954E+12,1.74955E+12,1,1,1,1,1,1,0.1,0.1,0.1,1,1,1,1,1,1,1,1,1,1,1,1,1,56.10597378,-4.732786159,4470,0.791941186,0.16126795,50,0.1,0.1,0.1,388.8,-44.7,11.94,2,-0.5,0.1,1.5,0.2,3,45,2.5,39.90694,116.40694,4694,4000,391.3611248
09:36.0,1.74958E+12,FU_025,0,1.74954E+12,1.74955E+12,1,1,1,1,1,1,0.1,0.1,0.1,1,1,1,1,1,1,1,1,1,1,1,1,1,56.2631303,-4.716422995,4480,0.77957167,0.165992594,50,0.1,0.1,0.1,389.2,-44.8,11.96,2,-0.5,0.1,1.5,0.2,3,45,2.5,39.90696,116.40696,4696,4000,391.7699325
09:48.0,1.74958E+12,FU_025,0,1.74954E+12,1.74955E+12,1,1,1,1,1,1,0.1,0.1,0.1,1,1,1,1,1,1,1,1,1,1,1,1,1,56.41778166,-4.699588193,4490,0.766890335,0.170700639,50,0.1,0.1,0.1,389.6,-44.9,11.98,2,-0.5,0.1,1.5,0.2,3,45,2.5,39.90698,116.40698,4698,4000,392.1787475
10:00.0,1.74958E+12,FU_025,0,1.74954E+12,1.74955E+12,1,1,1,1,1,1,0.1,0.1,0.1,1,1,1,1,1,1,1,1,1,1,1,1,1,56.56986599,-4.682283436,4500,0.753902254,0.175391614,50,0.1,0.1,0.1,390,-45,12,2,-0.5,0.1,1.5,0.2,3,45,2.5,39.907,116.407,4700,4000,392.5875698
10:12.0,1.74958E+12,FU_025,0,1.74954E+12,1.74955E+12,1,1,1,1,1,1,0.1,0.1,0.1,1,1,1,1,1,1,1,1,1,1,1,1,1,56.71932246,-4.664510455,4510,0.740612623,0.18006505,50,0.1,0.1,0.1,390.4,-45.1,12.02,2,-0.5,0.1,1.5,0.2,3,45,2.5,39.90702,116.40702,4702,4000,392.9963995
10:24.0,1.74958E+12,FU_025,0,1.74954E+12,1.74955E+12,1,1,1,1,1,1,0.1,0.1,0.1,1,1,1,1,1,1,1,1,1,1,1,1,1,56.86609129,-4.646271027,4520,0.727026756,0.184720479,50,0.1,0.1,0.1,390.8,-45.2,12.04,2,-0.5,0.1,1.5,0.2,3,45,2.5,39.90704,116.40704,4704,4000,393.4052364
10:36.0,1.74958E+12,FU_025,0,1.74954E+12,1.74955E+12,1,1,1,1,1,1,0.1,0.1,0.1,1,1,1,1,1,1,1,1,1,1,1,1,1,57.01011377,-4.627566975,4530,0.713150089,0.189357437,50,0.1,0.1,0.1,391.2,-45.3,12.06,2,-0.5,0.1,1.5,0.2,3,45,2.5,39.90706,116.40706,4706,4000,393.8140805
10:48.0,1.74958E+12,FU_025,0,1.74954E+12,1.74955E+12,1,1,1,1,1,1,0.1,0.1,0.1,1,1,1,1,1,1,1,1,1,1,1,1,1,57.15133231,-4.608400171,4540,0.698988171,0.193975459,50,0.1,0.1,0.1,391.6,-45.4,12.08,2,-0.5,0.1,1.5,0.2,3,45,2.5,39.90708,116.40708,4708,4000,394.2229319
11:00.0,1.74958E+12,FU_025,0,1.74954E+12,1.74955E+12,1,1,1,1,1,1,0.1,0.1,0.1,1,1,1,1,1,1,1,1,1,1,1,1,1,57.2896904,-4.58877253,4550,0.684546666,0.198574084,50,0.1,0.1,0.1,392,-45.5,12.1,2,-0.5,0.1,1.5,0.2,3,45,2.5,39.9071,116.4071,4710,4000,394.6317904
11:12.0,1.74958E+12,FU_025,0,1.74954E+12,1.74955E+12,1,1,1,1,1,1,0.1,0.1,0.1,1,1,1,1,1,1,1,1,1,1,1,1,1,57.42513272,-4.568686016,4560,0.669831353,0.203152851,50,0.1,0.1,0.1,392.4,-45.6,12.12,2,-0.5,0.1,1.5,0.2,3,45,2.5,39.90712,116.40712,4712,4000,395.0406561
11:24.0,1.74958E+12,FU_025,0,1.74954E+12,1.74955E+12,1,1,1,1,1,1,0.1,0.1,0.1,1,1,1,1,1,1,1,1,1,1,1,1,1,57.55760508,-4.548142637,4570,0.654848116,0.207711303,50,0.1,0.1,0.1,392.8,-45.7,12.14,2,-0.5,0.1,1.5,0.2,3,45,2.5,39.90714,116.40714,4714,4000,395.449529
11:36.0,1.74958E+12,FU_025,0,1.74954E+12,1.74955E+12,1,1,1,1,1,1,0.1,0.1,0.1,1,1,1,1,1,1,1,1,1,1,1,1,1,57.6870545,-4.527144447,4580,0.639602948,0.212248985,50,0.1,0.1,0.1,393.2,-45.8,12.16,2,-0.5,0.1,1.5,0.2,3,45,2.5,39.90716,116.40716,4716,4000,395.858409
11:48.0,1.74958E+12,FU_025,0,1.74954E+12,1.74955E+12,1,1,1,1,1,1,0.1,0.1,0.1,1,1,1,1,1,1,1,1,1,1,1,1,1,57.8134292,-4.505693547,4590,0.624101947,0.216765441,50,0.1,0.1,0.1,393.6,-45.9,12.18,2,-0.5,0.1,1.5,0.2,3,45,2.5,39.90718,116.40718,4718,4000,396.2672962
12:00.0,1.74958E+12,FU_025,0,1.74954E+12,1.74955E+12,1,1,1,1,1,1,0.1,0.1,0.1,1,1,1,1,1,1,1,1,1,1,1,1,1,57.93667864,-4.483792082,4600,0.608351315,0.221260222,50,0.1,0.1,0.1,394,-46,12.2,2,-0.5,0.1,1.5,0.2,3,45,2.5,39.9072,116.4072,4720,4000,396.6761904
12:12.0,1.74958E+12,FU_025,0,1.74954E+12,1.74955E+12,1,1,1,1,1,1,0.1,0.1,0.1,1,1,1,1,1,1,1,1,1,1,1,1,1,58.05675351,-4.461442241,4610,0.592357349,0.225732876,50,0.1,0.1,0.1,394.4,-46.1,12.22,2,-0.5,0.1,1.5,0.2,3,45,2.5,39.90722,116.40722,4722,4000,397.0850916
12:24.0,1.74958E+12,FU_025,0,1.74954E+12,1.74955E+12,1,1,1,1,1,1,0.1,0.1,0.1,1,1,1,1,1,1,1,1,1,1,1,1,1,58.17360578,-4.438646259,4620,0.576126449,0.230182957,50,0.1,0.1,0.1,394.8,-46.2,12.24,2,-0.5,0.1,1.5,0.2,3,45,2.5,39.90724,116.40724,4724,4000,397.494
12:36.0,1.74958E+12,FU_025,0,1.74954E+12,1.74955E+12,1,1,1,1,1,1,0.1,0.1,0.1,1,1,1,1,1,1,1,1,1,1,1,1,1,58.28718872,-4.415406416,4630,0.559665106,0.234610021,50,0.1,0.1,0.1,395.2,-46.3,12.26,2,-0.5,0.1,1.5,0.2,3,45,2.5,39.90726,116.40726,4726,4000,397.9029153
12:48.0,1.74958E+12,FU_025,0,1.74954E+12,1.74955E+12,1,1,1,1,1,1,0.1,0.1,0.1,1,1,1,1,1,1,1,1,1,1,1,1,1,58.3974569,-4.391725037,4640,0.542979904,0.239013623,50,0.1,0.1,0.1,395.6,-46.4,12.28,2,-0.5,0.1,1.5,0.2,3,45,2.5,39.90728,116.40728,4728,4000,398.3118376
13:00.0,1.74958E+12,FU_025,0,1.74954E+12,1.74955E+12,1,1,1,1,1,1,0.1,0.1,0.1,1,1,1,1,1,1,1,1,1,1,1,1,1,58.50436621,-4.367604488,4650,0.526077517,0.243393324,50,0.1,0.1,0.1,396,-46.5,12.3,2,-0.5,0.1,1.5,0.2,3,45,2.5,39.9073,116.4073,4730,4000,398.720767
13:12.0,1.74958E+12,FU_025,0,1.74954E+12,1.74955E+12,1,1,1,1,1,1,0.1,0.1,0.1,1,1,1,1,1,1,1,1,1,1,1,1,1,58.60787388,-4.343047183,4660,0.508964707,0.247748686,50,0.1,0.1,0.1,396.4,-46.6,12.32,2,-0.5,0.1,1.5,0.2,3,45,2.5,39.90732,116.40732,4732,4000,399.1297032
13:24.0,1.74958E+12,FU_025,0,1.74954E+12,1.74955E+12,1,1,1,1,1,1,0.1,0.1,0.1,1,1,1,1,1,1,1,1,1,1,1,1,1,58.70793852,-4.318055577,4670,0.491648317,0.252079274,50,0.1,0.1,0.1,396.8,-46.7,12.34,2,-0.5,0.1,1.5,0.2,3,45,2.5,39.90734,116.40734,4734,4000,399.5386464
13:36.0,1.74958E+12,FU_025,0,1.74954E+12,1.74955E+12,1,1,1,1,1,1,0.1,0.1,0.1,1,1,1,1,1,1,1,1,1,1,1,1,1,58.8045201,-4.292632169,4680,0.474135275,0.256384654,50,0.1,0.1,0.1,397.2,-46.8,12.36,2,-0.5,0.1,1.5,0.2,3,45,2.5,39.90736,116.40736,4736,4000,399.9475966
13:48.0,1.74958E+12,FU_025,0,1.74954E+12,1.74955E+12,1,1,1,1,1,1,0.1,0.1,0.1,1,1,1,1,1,1,1,1,1,1,1,1,1,58.89757998,-4.266779501,4690,0.456432585,0.260664395,50,0.1,0.1,0.1,397.6,-46.9,12.38,2,-0.5,0.1,1.5,0.2,3,45,2.5,39.90738,116.40738,4738,4000,400.3565536
14:00.0,1.74958E+12,FU_025,0,1.74954E+12,1.74955E+12,1,1,1,1,1,1,0.1,0.1,0.1,1,1,1,1,1,1,1,1,1,1,1,1,1,58.98708096,-4.240500159,4700,0.438547328,0.26491807,50,0.1,0.1,0.1,398,-47,12.4,2,-0.5,0.1,1.5,0.2,3,45,2.5,39.9074,116.4074,4740,4000,400.7655175
14:12.0,1.74958E+12,FU_025,0,1.74954E+12,1.74955E+12,1,1,1,1,1,1,0.1,0.1,0.1,1,1,1,1,1,1,1,1,1,1,1,1,1,59.07298722,-4.21379677,4710,0.420486657,0.269145254,50,0.1,0.1,0.1,398.4,-47.1,12.42,2,-0.5,0.1,1.5,0.2,3,45,2.5,39.90742,116.40742,4742,4000,401.1744882
14:24.0,1.74958E+12,FU_025,0,1.74954E+12,1.74955E+12,1,1,1,1,1,1,0.1,0.1,0.1,1,1,1,1,1,1,1,1,1,1,1,1,1,59.15526441,-4.186672005,4720,0.402257798,0.273345524,50,0.1,0.1,0.1,398.8,-47.2,12.44,2,-0.5,0.1,1.5,0.2,3,45,2.5,39.90744,116.40744,4744,4000,401.5834658
14:36.0,1.74958E+12,FU_025,0,1.74954E+12,1.74955E+12,1,1,1,1,1,1,0.1,0.1,0.1,1,1,1,1,1,1,1,1,1,1,1,1,1,59.23387961,-4.159128576,4730,0.383868041,0.277518459,50,0.1,0.1,0.1,399.2,-47.3,12.46,2,-0.5,0.1,1.5,0.2,3,45,2.5,39.90746,116.40746,4746,4000,401.9924502
14:48.0,1.74958E+12,FU_025,0,1.74954E+12,1.74955E+12,1,1,1,1,1,1,0.1,0.1,0.1,1,1,1,1,1,1,1,1,1,1,1,1,1,59.30880139,-4.131169238,4740,0.365324742,0.281663642,50,0.1,0.1,0.1,399.6,-47.4,12.48,2,-0.5,0.1,1.5,0.2,3,45,2.5,39.90748,116.40748,4748,4000,402.4014413
15:00.0,1.74958E+12,FU_025,0,1.74954E+12,1.74955E+12,1,1,1,1,1,1,0.1,0.1,0.1,1,1,1,1,1,1,1,1,1,1,1,1,1,59.37999977,-4.102796787,4750,0.346635318,0.285780659,50,0.1,0.1,0.1,400,-47.5,12.5,2,-0.5,0.1,1.5,0.2,3,45,2.5,39.9075,116.4075,4750,4000,402.8104393
15:12.0,1.74958E+12,FU_025,0,1.74954E+12,1.74955E+12,1,1,1,1,1,1,0.1,0.1,0.1,1,1,1,1,1,1,1,1,1,1,1,1,1,59.44744627,-4.074014059,4760,0.327807244,0.289869099,50,0.1,0.1,0.1,400.4,-47.6,12.52,2,-0.5,0.1,1.5,0.2,3,45,2.5,39.90752,116.40752,4752,4000,403.219444
15:24.0,1.74958E+12,FU_025,0,1.74954E+12,1.74955E+12,1,1,1,1,1,1,0.1,0.1,0.1,1,1,1,1,1,1,1,1,1,1,1,1,1,59.51111392,-4.044823933,4770,0.308848052,0.293928552,50,0.1,0.1,0.1,400.8,-47.7,12.54,2,-0.5,0.1,1.5,0.2,3,45,2.5,39.90754,116.40754,4754,4000,403.6284554
15:36.0,1.74958E+12,FU_025,0,1.74954E+12,1.74955E+12,1,1,1,1,1,1,0.1,0.1,0.1,1,1,1,1,1,1,1,1,1,1,1,1,1,59.57097726,-4.015229328,4780,0.289765325,0.297958612,50,0.1,0.1,0.1,401.2,-47.8,12.56,2,-0.5,0.1,1.5,0.2,3,45,2.5,39.90756,116.40756,4756,4000,404.0374735
15:48.0,1.74958E+12,FU_025,0,1.74954E+12,1.74955E+12,1,1,1,1,1,1,0.1,0.1,0.1,1,1,1,1,1,1,1,1,1,1,1,1,1,59.62701233,-3.985233204,4790,0.270566695,0.301958877,50,0.1,0.1,0.1,401.6,-47.9,12.58,2,-0.5,0.1,1.5,0.2,3,45,2.5,39.90758,116.40758,4758,4000,404.4464983
16:00.0,1.74958E+12,FU_025,0,1.74954E+12,1.74955E+12,1,1,1,1,1,1,0.1,0.1,0.1,1,1,1,1,1,1,1,1,1,1,1,1,1,59.67919672,-3.95483856,4800,0.251259843,0.305928945,50,0.1,0.1,0.1,402,-48,12.6,2,-0.5,0.1,1.5,0.2,3,45,2.5,39.9076,116.4076,4760,4000,404.8555298
16:12.0,1.74958E+12,FU_025,0,1.74954E+12,1.74955E+12,1,1,1,1,1,1,0.1,0.1,0.1,1,1,1,1,1,1,1,1,1,1,1,1,1,59.72750956,-3.924048435,4810,0.231852489,0.309868422,50,0.1,0.1,0.1,402.4,-48.1,12.62,2,-0.5,0.1,1.5,0.2,3,45,2.5,39.90762,116.40762,4762,4000,405.2645679
16:24.0,1.74958E+12,FU_025,0,1.74954E+12,1.74955E+12,1,1,1,1,1,1,0.1,0.1,0.1,1,1,1,1,1,1,1,1,1,1,1,1,1,59.77193153,-3.892865908,4820,0.212352398,0.313776912,50,0.1,0.1,0.1,402.8,-48.2,12.64,2,-0.5,0.1,1.5,0.2,3,45,2.5,39.90764,116.40764,4764,4000,405.6736126
16:36.0,1.74958E+12,FU_025,0,1.74954E+12,1.74955E+12,1,1,1,1,1,1,0.1,0.1,0.1,1,1,1,1,1,1,1,1,1,1,1,1,1,59.81244486,-3.861294098,4830,0.192767369,0.317654024,50,0.1,0.1,0.1,403.2,-48.3,12.66,2,-0.5,0.1,1.5,0.2,3,45,2.5,39.90766,116.40766,4766,4000,406.082664
16:48.0,1.74958E+12,FU_025,0,1.74954E+12,1.74955E+12,1,1,1,1,1,1,0.1,0.1,0.1,1,1,1,1,1,1,1,1,1,1,1,1,1,59.84903334,-3.829336162,4840,0.173105235,0.321499371,50,0.1,0.1,0.1,403.6,-48.4,12.68,2,-0.5,0.1,1.5,0.2,3,45,2.5,39.90768,116.40768,4768,4000,406.4917219
17:00.0,1.74958E+12,FU_025,0,1.74954E+12,1.74955E+12,1,1,1,1,1,1,0.1,0.1,0.1,1,1,1,1,1,1,1,1,1,1,1,1,1,59.88168234,-3.796995296,4850,0.153373862,0.325312569,50,0.1,0.1,0.1,404,-48.5,12.7,2,-0.5,0.1,1.5,0.2,3,45,2.5,39.9077,116.4077,4770,4000,406.9007864
17:12.0,1.74958E+12,FU_025,0,1.74954E+12,1.74955E+12,1,1,1,1,1,1,0.1,0.1,0.1,1,1,1,1,1,1,1,1,1,1,1,1,1,59.9103788,-3.764274733,4860,0.133581141,0.329093235,50,0.1,0.1,0.1,404.4,-48.6,12.72,2,-0.5,0.1,1.5,0.2,3,45,2.5,39.90772,116.40772,4772,4000,407.3098575
17:24.0,1.74958E+12,FU_025,0,1.74954E+12,1.74955E+12,1,1,1,1,1,1,0.1,0.1,0.1,1,1,1,1,1,1,1,1,1,1,1,1,1,59.93511123,-3.731177746,4870,0.11373499,0.332840993,50,0.1,0.1,0.1,404.8,-48.7,12.74,2,-0.5,0.1,1.5,0.2,3,45,2.5,39.90774,116.40774,4774,4000,407.7189351
17:36.0,1.74958E+12,FU_025,0,1.74954E+12,1.74955E+12,1,1,1,1,1,1,0.1,0.1,0.1,1,1,1,1,1,1,1,1,1,1,1,1,1,59.95586976,-3.697707644,4880,0.093843346,0.336555466,50,0.1,0.1,0.1,405.2,-48.8,12.76,2,-0.5,0.1,1.5,0.2,3,45,2.5,39.90776,116.40776,4776,4000,408.1280191
17:48.0,1.74958E+12,FU_025,0,1.74954E+12,1.74955E+12,1,1,1,1,1,1,0.1,0.1,0.1,1,1,1,1,1,1,1,1,1,1,1,1,1,59.97264607,-3.663867774,4890,0.073914165,0.340236285,50,0.1,0.1,0.1,405.6,-48.9,12.78,2,-0.5,0.1,1.5,0.2,3,45,2.5,39.90778,116.40778,4778,4000,408.5371097
18:00.0,1.74958E+12,FU_025,0,1.74954E+12,1.74955E+12,1,1,1,1,1,1,0.1,0.1,0.1,1,1,1,1,1,1,1,1,1,1,1,1,1,59.98543345,-3.629661521,4900,0.053955421,0.34388308,50,0.1,0.1,0.1,406,-49,12.8,2,-0.5,0.1,1.5,0.2,3,45,2.5,39.9078,116.4078,4780,4000,408.9462067
18:12.0,1.74958E+12,FU_025,0,1.74954E+12,1.74955E+12,1,1,1,1,1,1,0.1,0.1,0.1,1,1,1,1,1,1,1,1,1,1,1,1,1,59.9942268,-3.595092305,4910,0.033975094,0.347495487,50,0.1,0.1,0.1,406.4,-49.1,12.82,2,-0.5,0.1,1.5,0.2,3,45,2.5,39.90782,116.40782,4782,4000,409.3553102
18:24.0,1.74958E+12,FU_025,0,1.74954E+12,1.74955E+12,1,1,1,1,1,1,0.1,0.1,0.1,1,1,1,1,1,1,1,1,1,1,1,1,1,59.99902259,-3.560163582,4920,0.013981178,0.351073144,50,0.1,0.1,0.1,406.8,-49.2,12.84,2,-0.5,0.1,1.5,0.2,3,45,2.5,39.90784,116.40784,4784,4000,409.7644201
18:36.0,1.74958E+12,FU_025,0,1.74954E+12,1.74955E+12,1,1,1,1,1,1,0.1,0.1,0.1,1,1,1,1,1,1,1,1,1,1,1,1,1,59.9998189,-3.524878846,4930,-0.00601833,0.354615695,50,0.1,0.1,0.1,407.2,-49.3,12.86,2,-0.5,0.1,1.5,0.2,3,45,2.5,39.90786,116.40786,4786,4000,410.1735364
18:48.0,1.74958E+12,FU_025,0,1.74954E+12,1.74955E+12,1,1,1,1,1,1,0.1,0.1,0.1,1,1,1,1,1,1,1,1,1,1,1,1,1,59.99661541,-3.489241625,4940,-0.026015431,0.358122785,50,0.1,0.1,0.1,407.6,-49.4,12.88,2,-0.5,0.1,1.5,0.2,3,45,2.5,39.90788,116.40788,4788,4000,410.5826592
19:00.0,1.74958E+12,FU_025,0,1.74954E+12,1.74955E+12,1,1,1,1,1,1,0.1,0.1,0.1,1,1,1,1,1,1,1,1,1,1,1,1,1,59.98941342,-3.453255483,4950,-0.046002126,0.361594062,50,0.1,0.1,0.1,408,-49.5,12.9,2,-0.5,0.1,1.5,0.2,3,45,2.5,39.9079,116.4079,4790,4000,410.9917882
19:12.0,1.74958E+12,FU_025,0,1.74954E+12,1.74955E+12,1,1,1,1,1,1,0.1,0.1,0.1,1,1,1,1,1,1,1,1,1,1,1,1,1,59.97821579,-3.416924018,4960,-0.06597042,0.36502918,50,0.1,0.1,0.1,408.4,-49.6,12.92,2,-0.5,0.1,1.5,0.2,3,45,2.5,39.90792,116.40792,4792,4000,411.4009237
19:24.0,1.74958E+12,FU_025,0,1.74954E+12,1.74955E+12,1,1,1,1,1,1,0.1,0.1,0.1,1,1,1,1,1,1,1,1,1,1,1,1,1,59.96302701,-3.380250863,4970,-0.085912328,0.368427796,50,0.1,0.1,0.1,408.8,-49.7,12.94,2,-0.5,0.1,1.5,0.2,3,45,2.5,39.90794,116.40794,4794,4000,411.8100654
19:36.0,1.74958E+12,FU_025,0,1.74954E+12,1.74955E+12,1,1,1,1,1,1,0.1,0.1,0.1,1,1,1,1,1,1,1,1,1,1,1,1,1,59.94385315,-3.343239687,4980,-0.105819872,0.371789569,50,0.1,0.1,0.1,409.2,-49.8,12.96,2,-0.5,0.1,1.5,0.2,3,45,2.5,39.90796,116.40796,4796,4000,412.2192135
19:48.0,1.74958E+12,FU_025,0,1.74954E+12,1.74955E+12,1,1,1,1,1,1,0.1,0.1,0.1,1,1,1,1,1,1,1,1,1,1,1,1,1,59.92070188,-3.305894189,4990,-0.125685089,0.375114164,50,0.1,0.1,0.1,409.6,-49.9,12.98,2,-0.5,0.1,1.5,0.2,3,45,2.5,39.90798,116.40798,4798,4000,412.6283679
20:00.0,1.74958E+12,FU_025,0,1.74954E+12,1.74955E+12,1,1,1,1,1,1,0.1,0.1,0.1,1,1,1,1,1,1,1,1,1,1,1,1,1,59.89358247,-3.268218104,5000,-0.145500034,0.378401248,50,0.1,0.1,0.1,410,-50,13,2,-0.5,0.1,1.5,0.2,3,45,2.5,39.908,116.408,4800,4000,413.0375286
20:12.0,1.74958E+12,FU_025,0,1.74954E+12,1.74955E+12,1,1,1,1,1,1,0.1,0.1,0.1,1,1,1,1,1,1,1,1,1,1,1,1,1,59.86250575,-3.230215201,5010,-0.165256781,0.381650491,50,0.1,0.1,0.1,410.4,-50.1,13.02,2,-0.5,0.1,1.5,0.2,3,45,2.5,39.90802,116.40802,4802,4000,413.4466955
20:24.0,1.74958E+12,FU_025,0,1.74954E+12,1.74955E+12,1,1,1,1,1,1,0.1,0.1,0.1,1,1,1,1,1,1,1,1,1,1,1,1,1,59.82748416,-3.191889278,5020,-0.184947427,0.38486157,50,0.1,0.1,0.1,410.8,-50.2,13.04,2,-0.5,0.1,1.5,0.2,3,45,2.5,39.90804,116.40804,4804,4000,413.8558686
20:36.0,1.74958E+12,FU_025,0,1.74954E+12,1.74955E+12,1,1,1,1,1,1,0.1,0.1,0.1,1,1,1,1,1,1,1,1,1,1,1,1,1,59.78853171,-3.153244169,5030,-0.204564097,0.388034164,50,0.1,0.1,0.1,411.2,-50.3,13.06,2,-0.5,0.1,1.5,0.2,3,45,2.5,39.90806,116.40806,4806,4000,414.265048
20:48.0,1.74958E+12,FU_025,0,1.74954E+12,1.74955E+12,1,1,1,1,1,1,0.1,0.1,0.1,1,1,1,1,1,1,1,1,1,1,1,1,1,59.74566398,-3.114283739,5040,-0.224098943,0.391167954,50,0.1,0.1,0.1,411.6,-50.4,13.08,2,-0.5,0.1,1.5,0.2,3,45,2.5,39.90808,116.40808,4808,4000,414.6742336
21:00.0,1.74958E+12,FU_025,0,1.74954E+12,1.74955E+12,1,1,1,1,1,1,0.1,0.1,0.1,1,1,1,1,1,1,1,1,1,1,1,1,1,59.69889811,-3.075011883,5050,-0.243544154,0.394262627,50,0.1,0.1,0.1,412,-50.5,13.1,2,-0.5,0.1,1.5,0.2,3,45,2.5,39.9081,116.4081,4810,4000,415.0834253
21:12.0,1.74958E+12,FU_025,0,1.74954E+12,1.74955E+12,1,1,1,1,1,1,0.1,0.1,0.1,1,1,1,1,1,1,1,1,1,1,1,1,1,59.64825281,-3.035432528,5060,-0.26289195,0.397317875,50,0.1,0.1,0.1,412.4,-50.6,13.12,2,-0.5,0.1,1.5,0.2,3,45,2.5,39.90812,116.40812,4812,4000,415.4926233
21:24.0,1.74958E+12,FU_025,0,1.74954E+12,1.74955E+12,1,1,1,1,1,1,0.1,0.1,0.1,1,1,1,1,1,1,1,1,1,1,1,1,1,59.59374834,-2.995549632,5070,-0.282134592,0.400333391,50,0.1,0.1,0.1,412.8,-50.7,13.14,2,-0.5,0.1,1.5,0.2,3,45,2.5,39.90814,116.40814,4814,4000,415.9018274
21:36.0,1.74958E+12,FU_025,0,1.74954E+12,1.74955E+12,1,1,1,1,1,1,0.1,0.1,0.1,1,1,1,1,1,1,1,1,1,1,1,1,1,59.5354065,-2.955367184,5080,-0.301264385,0.403308874,50,0.1,0.1,0.1,413.2,-50.8,13.16,2,-0.5,0.1,1.5,0.2,3,45,2.5,39.90816,116.40816,4816,4000,416.3110376
21:48.0,1.74958E+12,FU_025,0,1.74954E+12,1.74955E+12,1,1,1,1,1,1,0.1,0.1,0.1,1,1,1,1,1,1,1,1,1,1,1,1,1,59.47325062,-2.914889202,5090,-0.320273675,0.406244027,50,0.1,0.1,0.1,413.6,-50.9,13.18,2,-0.5,0.1,1.5,0.2,3,45,2.5,39.90818,116.40818,4818,4000,416.7202539
22:00.0,1.74958E+12,FU_025,0,1.74954E+12,1.74955E+12,1,1,1,1,1,1,0.1,0.1,0.1,1,1,1,1,1,1,1,1,1,1,1,1,1,59.40730557,-2.874119733,5100,-0.339154861,0.409138556,50,0.1,0.1,0.1,414,-51,13.2,2,-0.5,0.1,1.5,0.2,3,45,2.5,39.9082,116.4082,4820,4000,417.1294763
22:12.0,1.74958E+12,FU_025,0,1.74954E+12,1.74955E+12,1,1,1,1,1,1,0.1,0.1,0.1,1,1,1,1,1,1,1,1,1,1,1,1,1,59.33759772,-2.833062854,5110,-0.357900389,0.411992171,50,0.1,0.1,0.1,414.4,-51.1,13.22,2,-0.5,0.1,1.5,0.2,3,45,2.5,39.90822,116.40822,4822,4000,417.5387048
22:24.0,1.74958E+12,FU_025,0,1.74954E+12,1.74955E+12,1,1,1,1,1,1,0.1,0.1,0.1,1,1,1,1,1,1,1,1,1,1,1,1,1,59.26415495,-2.791722672,5120,-0.376502762,0.414804587,50,0.1,0.1,0.1,414.8,-51.2,13.24,2,-0.5,0.1,1.5,0.2,3,45,2.5,39.90824,116.40824,4824,4000,417.9479393
22:36.0,1.74958E+12,FU_025,0,1.74954E+12,1.74955E+12,1,1,1,1,1,1,0.1,0.1,0.1,1,1,1,1,1,1,1,1,1,1,1,1,1,59.18700665,-2.75010332,5130,-0.394954539,0.417575523,50,0.1,0.1,0.1,415.2,-51.3,13.26,2,-0.5,0.1,1.5,0.2,3,45,2.5,39.90826,116.40826,4826,4000,418.3571799
22:48.0,1.74958E+12,FU_025,0,1.74954E+12,1.74955E+12,1,1,1,1,1,1,0.1,0.1,0.1,1,1,1,1,1,1,1,1,1,1,1,1,1,59.10618367,-2.708208959,5140,-0.413248339,0.420304702,50,0.1,0.1,0.1,415.6,-51.4,13.28,2,-0.5,0.1,1.5,0.2,3,45,2.5,39.90828,116.40828,4828,4000,418.7664265
23:00.0,1.74958E+12,FU_025,0,1.74954E+12,1.74955E+12,1,1,1,1,1,1,0.1,0.1,0.1,1,1,1,1,1,1,1,1,1,1,1,1,1,59.02171834,-2.66604378,5150,-0.431376845,0.422991851,50,0.1,0.1,0.1,416,-51.5,13.3,2,-0.5,0.1,1.5,0.2,3,45,2.5,39.9083,116.4083,4830,4000,419.1756792
23:12.0,1.74958E+12,FU_025,0,1.74954E+12,1.74955E+12,1,1,1,1,1,1,0.1,0.1,0.1,1,1,1,1,1,1,1,1,1,1,1,1,1,58.93364444,-2.623611999,5160,-0.449332806,0.4256367,50,0.1,0.1,0.1,416.4,-51.6,13.32,2,-0.5,0.1,1.5,0.2,3,45,2.5,39.90832,116.40832,4832,4000,419.5849378
23:24.0,1.74958E+12,FU_025,0,1.74954E+12,1.74955E+12,1,1,1,1,1,1,0.1,0.1,0.1,1,1,1,1,1,1,1,1,1,1,1,1,1,58.8419972,-2.580917859,5170,-0.46710904,0.428238987,50,0.1,0.1,0.1,416.8,-51.7,13.34,2,-0.5,0.1,1.5,0.2,3,45,2.5,39.90834,116.40834,4834,4000,419.9942023
23:36.0,1.74958E+12,FU_025,0,1.74954E+12,1.74955E+12,1,1,1,1,1,1,0.1,0.1,0.1,1,1,1,1,1,1,1,1,1,1,1,1,1,58.74681328,-2.537965629,5180,-0.484698437,0.43079845,50,0.1,0.1,0.1,417.2,-51.8,13.36,2,-0.5,0.1,1.5,0.2,3,45,2.5,39.90836,116.40836,4836,4000,420.4034729
23:48.0,1.74958E+12,FU_025,0,1.74954E+12,1.74955E+12,1,1,1,1,1,1,0.1,0.1,0.1,1,1,1,1,1,1,1,1,1,1,1,1,1,58.64813075,-2.494759605,5190,-0.502093961,0.433314834,50,0.1,0.1,0.1,417.6,-51.9,13.38,2,-0.5,0.1,1.5,0.2,3,45,2.5,39.90838,116.40838,4838,4000,420.8127493
24:00.0,1.74958E+12,FU_025,0,1.74954E+12,1.74955E+12,1,1,1,1,1,1,0.1,0.1,0.1,1,1,1,1,1,1,1,1,1,1,1,1,1,58.54598908,-2.451304107,5200,-0.519288654,0.435787886,50,0.1,0.1,0.1,418,-52,13.4,2,-0.5,0.1,1.5,0.2,3,45,2.5,39.9084,116.4084,4840,4000,421.2220317
24:12.0,1.74958E+12,FU_025,0,1.74954E+12,1.74955E+12,1,1,1,1,1,1,0.1,0.1,0.1,1,1,1,1,1,1,1,1,1,1,1,1,1,58.44042913,-2.40760348,5210,-0.536275639,0.43821736,50,0.1,0.1,0.1,418.4,-52.1,13.42,2,-0.5,0.1,1.5,0.2,3,45,2.5,39.90842,116.40842,4842,4000,421.63132
24:24.0,1.74958E+12,FU_025,0,1.74954E+12,1.74955E+12,1,1,1,1,1,1,0.1,0.1,0.1,1,1,1,1,1,1,1,1,1,1,1,1,1,58.33149313,-2.363662095,5220,-0.55304812,0.440603013,50,0.1,0.1,0.1,418.8,-52.2,13.44,2,-0.5,0.1,1.5,0.2,3,45,2.5,39.90844,116.40844,4844,4000,422.0406142
24:36.0,1.74958E+12,FU_025,0,1.74954E+12,1.74955E+12,1,1,1,1,1,1,0.1,0.1,0.1,1,1,1,1,1,1,1,1,1,1,1,1,1,58.21922463,-2.319484346,5230,-0.569599389,0.442944606,50,0.1,0.1,0.1,419.2,-52.3,13.46,2,-0.5,0.1,1.5,0.2,3,45,2.5,39.90846,116.40846,4846,4000,422.4499142
24:48.0,1.74958E+12,FU_025,0,1.74954E+12,1.74955E+12,1,1,1,1,1,1,0.1,0.1,0.1,1,1,1,1,1,1,1,1,1,1,1,1,1,58.10366856,-2.275074651,5240,-0.585922827,0.445241904,50,0.1,0.1,0.1,419.6,-52.4,13.48,2,-0.5,0.1,1.5,0.2,3,45,2.5,39.90848,116.40848,4848,4000,422.8592201
25:00.0,1.74958E+12,FU_025,0,1.74954E+12,1.74955E+12,1,1,1,1,1,1,0.1,0.1,0.1,1,1,1,1,1,1,1,1,1,1,1,1,1,57.98487113,-2.23043745,5250,-0.602011903,0.447494679,50,0.1,0.1,0.1,420,-52.5,13.5,2,-0.5,0.1,1.5,0.2,3,45,2.5,39.9085,116.4085,4850,4000,423.2685318
25:12.0,1.74958E+12,FU_025,0,1.74954E+12,1.74955E+12,1,1,1,1,1,1,0.1,0.1,0.1,1,1,1,1,1,1,1,1,1,1,1,1,1,57.86287985,-2.185577207,5260,-0.617860182,0.449702705,50,0.1,0.1,0.1,420.4,-52.6,13.52,2,-0.5,0.1,1.5,0.2,3,45,2.5,39.90852,116.40852,4852,4000,423.6778493
25:24.0,1.74958E+12,FU_025,0,1.74954E+12,1.74955E+12,1,1,1,1,1,1,0.1,0.1,0.1,1,1,1,1,1,1,1,1,1,1,1,1,1,57.73774353,-2.140498408,5270,-0.633461325,0.451865761,50,0.1,0.1,0.1,420.8,-52.7,13.54,2,-0.5,0.1,1.5,0.2,3,45,2.5,39.90854,116.40854,4854,4000,424.0871726
25:36.0,1.74958E+12,FU_025,0,1.74954E+12,1.74955E+12,1,1,1,1,1,1,0.1,0.1,0.1,1,1,1,1,1,1,1,1,1,1,1,1,1,57.60951221,-2.095205561,5280,-0.648809093,0.45398363,50,0.1,0.1,0.1,421.2,-52.8,13.56,2,-0.5,0.1,1.5,0.2,3,45,2.5,39.90856,116.40856,4856,4000,424.4965018
25:48.0,1.74958E+12,FU_025,0,1.74954E+12,1.74955E+12,1,1,1,1,1,1,0.1,0.1,0.1,1,1,1,1,1,1,1,1,1,1,1,1,1,57.47823719,-2.049703195,5290,-0.663897345,0.456056102,50,0.1,0.1,0.1,421.6,-52.9,13.58,2,-0.5,0.1,1.5,0.2,3,45,2.5,39.90858,116.40858,4858,4000,424.9058366
26:00.0,1.74958E+12,FU_025,0,1.74954E+12,1.74955E+12,1,1,1,1,1,1,0.1,0.1,0.1,1,1,1,1,1,1,1,1,1,1,1,1,1,57.34397098,-2.00399586,5300,-0.678720047,0.458082968,50,0.1,0.1,0.1,422,-53,13.6,2,-0.5,0.1,1.5,0.2,3,45,2.5,39.9086,116.4086,4860,4000,425.3151773
26:12.0,1.74958E+12,FU_025,0,1.74954E+12,1.74955E+12,1,1,1,1,1,1,0.1,0.1,0.1,1,1,1,1,1,1,1,1,1,1,1,1,1,57.20676727,-1.958088128,5310,-0.693271271,0.460064027,50,0.1,0.1,0.1,422.4,-53.1,13.62,2,-0.5,0.1,1.5,0.2,3,45,2.5,39.90862,116.40862,4862,4000,425.7245236
26:24.0,1.74958E+12,FU_025,0,1.74954E+12,1.74955E+12,1,1,1,1,1,1,0.1,0.1,0.1,1,1,1,1,1,1,1,1,1,1,1,1,1,57.06668096,-1.911984589,5320,-0.707545195,0.461999079,50,0.1,0.1,0.1,422.8,-53.2,13.64,2,-0.5,0.1,1.5,0.2,3,45,2.5,39.90864,116.40864,4864,4000,426.1338757
26:36.0,1.74958E+12,FU_025,0,1.74954E+12,1.74955E+12,1,1,1,1,1,1,0.1,0.1,0.1,1,1,1,1,1,1,1,1,1,1,1,1,1,56.92376806,-1.865689852,5330,-0.72153611,0.463887932,50,0.1,0.1,0.1,423.2,-53.3,13.66,2,-0.5,0.1,1.5,0.2,3,45,2.5,39.90866,116.40866,4866,4000,426.5432334
26:48.0,1.74958E+12,FU_025,0,1.74954E+12,1.74955E+12,1,1,1,1,1,1,0.1,0.1,0.1,1,1,1,1,1,1,1,1,1,1,1,1,1,56.77808575,-1.819208548,5340,-0.735238421,0.465730397,50,0.1,0.1,0.1,423.6,-53.4,13.68,2,-0.5,0.1,1.5,0.2,3,45,2.5,39.90868,116.40868,4868,4000,426.9525969
27:00.0,1.74958E+12,FU_025,0,1.74954E+12,1.74955E+12,1,1,1,1,1,1,0.1,0.1,0.1,1,1,1,1,1,1,1,1,1,1,1,1,1,56.6296923,-1.772545325,5350,-0.748646646,0.467526289,50,0.1,0.1,0.1,424,-53.5,13.7,2,-0.5,0.1,1.5,0.2,3,45,2.5,39.9087,116.4087,4870,4000,427.361966
27:12.0,1.74958E+12,FU_025,0,1.74954E+12,1.74955E+12,1,1,1,1,1,1,0.1,0.1,0.1,1,1,1,1,1,1,1,1,1,1,1,1,1,56.47864706,-1.725704849,5360,-0.761755422,0.469275428,50,0.1,0.1,0.1,424.4,-53.6,13.72,2,-0.5,0.1,1.5,0.2,3,45,2.5,39.90872,116.40872,4872,4000,427.7713408
27:24.0,1.74958E+12,FU_025,0,1.74954E+12,1.74955E+12,1,1,1,1,1,1,0.1,0.1,0.1,1,1,1,1,1,1,1,1,1,1,1,1,1,56.32501045,-1.678691804,5370,-0.774559506,0.470977641,50,0.1,0.1,0.1,424.8,-53.7,13.74,2,-0.5,0.1,1.5,0.2,3,45,2.5,39.90874,116.40874,4874,4000,428.1807212
27:36.0,1.74958E+12,FU_025,0,1.74954E+12,1.74955E+12,1,1,1,1,1,1,0.1,0.1,0.1,1,1,1,1,1,1,1,1,1,1,1,1,1,56.16884391,-1.631510891,5380,-0.787053777,0.472632756,50,0.1,0.1,0.1,425.2,-53.8,13.76,2,-0.5,0.1,1.5,0.2,3,45,2.5,39.90876,116.40876,4876,4000,428.5901072
27:48.0,1.74958E+12,FU_025,0,1.74954E+12,1.74955E+12,1,1,1,1,1,1,0.1,0.1,0.1,1,1,1,1,1,1,1,1,1,1,1,1,1,56.01020992,-1.584166828,5390,-0.799233237,0.474240608,50,0.1,0.1,0.1,425.6,-53.9,13.78,2,-0.5,0.1,1.5,0.2,3,45,2.5,39.90878,116.40878,4878,4000,428.9994988
28:00.0,1.74958E+12,FU_025,0,1.74954E+12,1.74955E+12,1,1,1,1,1,1,0.1,0.1,0.1,1,1,1,1,1,1,1,1,1,1,1,1,1,55.84917193,-1.53666435,5400,-0.811093014,0.475801037,50,0.1,0.1,0.1,426,-54,13.8,2,-0.5,0.1,1.5,0.2,3,45,2.5,39.9088,116.4088,4880,4000,429.408896
28:12.0,1.74958E+12,FU_025,0,1.74954E+12,1.74955E+12,1,1,1,1,1,1,0.1,0.1,0.1,1,1,1,1,1,1,1,1,1,1,1,1,1,55.68579435,-1.489008207,5410,-0.822628365,0.477313886,50,0.1,0.1,0.1,426.4,-54.1,13.82,2,-0.5,0.1,1.5,0.2,3,45,2.5,39.90882,116.40882,4882,4000,429.8182988
28:24.0,1.74958E+12,FU_025,0,1.74954E+12,1.74955E+12,1,1,1,1,1,1,0.1,0.1,0.1,1,1,1,1,1,1,1,1,1,1,1,1,1,55.52014252,-1.441203164,5420,-0.833834675,0.478779004,50,0.1,0.1,0.1,426.8,-54.2,13.84,2,-0.5,0.1,1.5,0.2,3,45,2.5,39.90884,116.40884,4884,4000,430.2277072
28:36.0,1.74958E+12,FU_025,0,1.74954E+12,1.74955E+12,1,1,1,1,1,1,0.1,0.1,0.1,1,1,1,1,1,1,1,1,1,1,1,1,1,55.35228271,-1.393254002,5430,-0.844707463,0.480196244,50,0.1,0.1,0.1,427.2,-54.3,13.86,2,-0.5,0.1,1.5,0.2,3,45,2.5,39.90886,116.40886,4886,4000,430.637121
28:48.0,1.74958E+12,FU_025,0,1.74954E+12,1.74955E+12,1,1,1,1,1,1,0.1,0.1,0.1,1,1,1,1,1,1,1,1,1,1,1,1,1,55.18228206,-1.345165516,5440,-0.855242379,0.481565465,50,0.1,0.1,0.1,427.6,-54.4,13.88,2,-0.5,0.1,1.5,0.2,3,45,2.5,39.90888,116.40888,4888,4000,431.0465404
29:00.0,1.74958E+12,FU_025,0,1.74954E+12,1.74955E+12,1,1,1,1,1,1,0.1,0.1,0.1,1,1,1,1,1,1,1,1,1,1,1,1,1,55.01020856,-1.296942514,5450,-0.865435209,0.48288653,50,0.1,0.1,0.1,428,-54.5,13.9,2,-0.5,0.1,1.5,0.2,3,45,2.5,39.9089,116.4089,4890,4000,431.4559653
29:12.0,1.74958E+12,FU_025,0,1.74954E+12,1.74955E+12,1,1,1,1,1,1,0.1,0.1,0.1,1,1,1,1,1,1,1,1,1,1,1,1,1,54.83613105,-1.248589819,5460,-0.875281877,0.484159307,50,0.1,0.1,0.1,428.4,-54.6,13.92,2,-0.5,0.1,1.5,0.2,3,45,2.5,39.90892,116.40892,4892,4000,431.8653957
29:24.0,1.74958E+12,FU_025,0,1.74954E+12,1.74955E+12,1,1,1,1,1,1,0.1,0.1,0.1,1,1,1,1,1,1,1,1,1,1,1,1,1,54.66011915,-1.200112266,5470,-0.884778444,0.485383668,50,0.1,0.1,0.1,428.8,-54.7,13.94,2,-0.5,0.1,1.5,0.2,3,45,2.5,39.90894,116.40894,4894,4000,432.2748316
29:36.0,1.74958E+12,FU_025,0,1.74954E+12,1.74955E+12,1,1,1,1,1,1,0.1,0.1,0.1,1,1,1,1,1,1,1,1,1,1,1,1,1,54.48224327,-1.151514703,5480,-0.893921111,0.486559492,50,0.1,0.1,0.1,429.2,-54.8,13.96,2,-0.5,0.1,1.5,0.2,3,45,2.5,39.90896,116.40896,4896,4000,432.6842729
29:48.0,1.74958E+12,FU_025,0,1.74954E+12,1.74955E+12,1,1,1,1,1,1,0.1,0.1,0.1,1,1,1,1,1,1,1,1,1,1,1,1,1,54.30257455,-1.10280199,5490,-0.902706222,0.487686659,50,0.1,0.1,0.1,429.6,-54.9,13.98,2,-0.5,0.1,1.5,0.2,3,45,2.5,39.90898,116.40898,4898,4000,433.0937196
30:00.0,1.74958E+12,FU_025,0,1.74954E+12,1.74955E+12,1,1,1,1,1,1,0.1,0.1,0.1,1,1,1,1,1,1,1,1,1,1,1,1,1,54.12118485,-1.053978997,5500,-0.911130262,0.488765059,50,0.1,0.1,0.1,430,-55,14,2,-0.5,0.1,1.5,0.2,3,45,2.5,39.909,116.409,4900,4000,433.5031718
30:12.0,1.74958E+12,FU_025,0,1.74954E+12,1.74955E+12,1,1,1,1,1,1,0.1,0.1,0.1,1,1,1,1,1,1,1,1,1,1,1,1,1,53.93814674,-1.005050607,5510,-0.919189862,0.489794582,50,0.1,0.1,0.1,430.4,-55.1,14.02,2,-0.5,0.1,1.5,0.2,3,45,2.5,39.90902,116.40902,4902,4000,433.9126295
30:24.0,1.74958E+12,FU_025,0,1.74954E+12,1.74955E+12,1,1,1,1,1,1,0.1,0.1,0.1,1,1,1,1,1,1,1,1,1,1,1,1,1,53.75353342,-0.956021713,5520,-0.926881799,0.490775127,50,0.1,0.1,0.1,430.8,-55.2,14.04,2,-0.5,0.1,1.5,0.2,3,45,2.5,39.90904,116.40904,4904,4000,434.3220925
30:36.0,1.74958E+12,FU_025,0,1.74954E+12,1.74955E+12,1,1,1,1,1,1,0.1,0.1,0.1,1,1,1,1,1,1,1,1,1,1,1,1,1,53.56741874,-0.906897218,5530,-0.934202995,0.491706594,50,0.1,0.1,0.1,431.2,-55.3,14.06,2,-0.5,0.1,1.5,0.2,3,45,2.5,39.90906,116.40906,4906,4000,434.7315609
30:48.0,1.74958E+12,FU_025,0,1.74954E+12,1.74955E+12,1,1,1,1,1,1,0.1,0.1,0.1,1,1,1,1,1,1,1,1,1,1,1,1,1,53.37987713,-0.857682034,5540,-0.941150522,0.492588891,50,0.1,0.1,0.1,431.6,-55.4,14.08,2,-0.5,0.1,1.5,0.2,3,45,2.5,39.90908,116.40908,4908,4000,435.1410346
31:00.0,1.74958E+12,FU_025,0,1.74954E+12,1.74955E+12,1,1,1,1,1,1,0.1,0.1,0.1,1,1,1,1,1,1,1,1,1,1,1,1,1,53.19098362,-0.808381082,5550,-0.947721602,0.493421929,50,0.1,0.1,0.1,432,-55.5,14.1,2,-0.5,0.1,1.5,0.2,3,45,2.5,39.9091,116.4091,4910,4000,435.5505137
31:12.0,1.74958E+12,FU_025,0,1.74954E+12,1.74955E+12,1,1,1,1,1,1,0.1,0.1,0.1,1,1,1,1,1,1,1,1,1,1,1,1,1,53.00081376,-0.758999292,5560,-0.953913606,0.494205626,50,0.1,0.1,0.1,432.4,-55.6,14.12,2,-0.5,0.1,1.5,0.2,3,45,2.5,39.90912,116.40912,4912,4000,435.9599982
31:24.0,1.74958E+12,FU_025,0,1.74954E+12,1.74955E+12,1,1,1,1,1,1,0.1,0.1,0.1,1,1,1,1,1,1,1,1,1,1,1,1,1,52.80944362,-0.709541604,5570,-0.959724057,0.494939903,50,0.1,0.1,0.1,432.8,-55.7,14.14,2,-0.5,0.1,1.5,0.2,3,45,2.5,39.90914,116.40914,4914,4000,436.3694879
31:36.0,1.74958E+12,FU_025,0,1.74954E+12,1.74955E+12,1,1,1,1,1,1,0.1,0.1,0.1,1,1,1,1,1,1,1,1,1,1,1,1,1,52.61694973,-0.660012962,5580,-0.965150631,0.495624686,50,0.1,0.1,0.1,433.2,-55.8,14.16,2,-0.5,0.1,1.5,0.2,3,45,2.5,39.90916,116.40916,4916,4000,436.778983
31:48.0,1.74958E+12,FU_025,0,1.74954E+12,1.74955E+12,1,1,1,1,1,1,0.1,0.1,0.1,1,1,1,1,1,1,1,1,1,1,1,1,1,52.4234091,-0.610418319,5590,-0.970191158,0.496259906,50,0.1,0.1,0.1,433.6,-55.9,14.18,2,-0.5,0.1,1.5,0.2,3,45,2.5,39.90918,116.40918,4918,4000,437.1884834
32:00.0,1.74958E+12,FU_025,0,1.74954E+12,1.74955E+12,1,1,1,1,1,1,0.1,0.1,0.1,1,1,1,1,1,1,1,1,1,1,1,1,1,52.22889914,-0.560762635,5600,-0.974843621,0.496845502,50,0.1,0.1,0.1,434,-56,14.2,2,-0.5,0.1,1.5,0.2,3,45,2.5,39.9092,116.4092,4920,4000,437.597989
32:12.0,1.74958E+12,FU_025,0,1.74954E+12,1.74955E+12,1,1,1,1,1,1,0.1,0.1,0.1,1,1,1,1,1,1,1,1,1,1,1,1,1,52.03349765,-0.511050875,5610,-0.97910616,0.497381413,50,0.1,0.1,0.1,434.4,-56.1,14.22,2,-0.5,0.1,1.5,0.2,3,45,2.5,39.90922,116.40922,4922,4000,438.0074999
32:24.0,1.74958E+12,FU_025,0,1.74954E+12,1.74955E+12,1,1,1,1,1,1,0.1,0.1,0.1,1,1,1,1,1,1,1,1,1,1,1,1,1,51.83728279,-0.46128801,5620,-0.98297707,0.497867587,50,0.1,0.1,0.1,434.8,-56.2,14.24,2,-0.5,0.1,1.5,0.2,3,45,2.5,39.90924,116.40924,4924,4000,438.4170161
32:36.0,1.74958E+12,FU_025,0,1.74954E+12,1.74955E+12,1,1,1,1,1,1,0.1,0.1,0.1,1,1,1,1,1,1,1,1,1,1,1,1,1,51.64033303,-0.411479017,5630,-0.986454801,0.498303974,50,0.1,0.1,0.1,435.2,-56.3,14.26,2,-0.5,0.1,1.5,0.2,3,45,2.5,39.90926,116.40926,4926,4000,438.8265375
32:48.0,1.74958E+12,FU_025,0,1.74954E+12,1.74955E+12,1,1,1,1,1,1,0.1,0.1,0.1,1,1,1,1,1,1,1,1,1,1,1,1,1,51.44272717,-0.361628876,5640,-0.989537964,0.498690531,50,0.1,0.1,0.1,435.6,-56.4,14.28,2,-0.5,0.1,1.5,0.2,3,45,2.5,39.90928,116.40928,4928,4000,439.2360641
33:00.0,1.74958E+12,FU_025,0,1.74954E+12,1.74955E+12,1,1,1,1,1,1,0.1,0.1,0.1,1,1,1,1,1,1,1,1,1,1,1,1,1,51.24454424,-0.311742573,5650,-0.992225325,0.499027219,50,0.1,0.1,0.1,436,-56.5,14.3,2,-0.5,0.1,1.5,0.2,3,45,2.5,39.9093,116.4093,4930,4000,439.6455959
33:12.0,1.74958E+12,FU_025,0,1.74954E+12,1.74955E+12,1,1,1,1,1,1,0.1,0.1,0.1,1,1,1,1,1,1,1,1,1,1,1,1,1,51.0458635,-0.261825096,5660,-0.99451581,0.499314006,50,0.1,0.1,0.1,436.4,-56.6,14.32,2,-0.5,0.1,1.5,0.2,3,45,2.5,39.90932,116.40932,4932,4000,440.0551329
33:24.0,1.74958E+12,FU_025,0,1.74954E+12,1.74955E+12,1,1,1,1,1,1,0.1,0.1,0.1,1,1,1,1,1,1,1,1,1,1,1,1,1,50.84676443,-0.211881436,5670,-0.996408501,0.499550861,50,0.1,0.1,0.1,436.8,-56.7,14.34,2,-0.5,0.1,1.5,0.2,3,45,2.5,39.90934,116.40934,4934,4000,440.4646751
33:36.0,1.74958E+12,FU_025,0,1.74954E+12,1.74955E+12,1,1,1,1,1,1,0.1,0.1,0.1,1,1,1,1,1,1,1,1,1,1,1,1,1,50.64732667,-0.161916589,5680,-0.997902641,0.499737761,50,0.1,0.1,0.1,437.2,-56.8,14.36,2,-0.5,0.1,1.5,0.2,3,45,2.5,39.90936,116.40936,4936,4000,440.8742224
33:48.0,1.74958E+12,FU_025,0,1.74954E+12,1.74955E+12,1,1,1,1,1,1,0.1,0.1,0.1,1,1,1,1,1,1,1,1,1,1,1,1,1,50.44762998,-0.11193555,5690,-0.998997635,0.499874689,50,0.1,0.1,0.1,437.6,-56.9,14.38,2,-0.5,0.1,1.5,0.2,3,45,2.5,39.90938,116.40938,4938,4000,441.2837749
34:00.0,1.74958E+12,FU_025,0,1.74954E+12,1.74955E+12,1,1,1,1,1,1,0.1,0.1,0.1,1,1,1,1,1,1,1,1,1,1,1,1,1,50.24775425,-0.061943317,5700,-0.999693042,0.499961629,50,0.1,0.1,0.1,438,-57,14.4,2,-0.5,0.1,1.5,0.2,3,45,2.5,39.9094,116.4094,4940,4000,441.6933325
34:12.0,1.74958E+12,FU_025,0,1.74954E+12,1.74955E+12,1,1,1,1,1,1,0.1,0.1,0.1,1,1,1,1,1,1,1,1,1,1,1,1,1,50.04777943,-0.011944891,5710,-0.999988586,0.499998573,50,0.1,0.1,0.1,438.4,-57.1,14.42,2,-0.5,0.1,1.5,0.2,3,45,2.5,39.90942,116.40942,4942,4000,442.1028953
34:24.0,1.74958E+12,FU_025,0,1.74954E+12,1.74955E+12,1,1,1,1,1,1,0.1,0.1,0.1,1,1,1,1,1,1,1,1,1,1,1,1,1,49.84778549,0.038054731,5720,-0.999884147,0.499985518,50,0.1,0.1,0.1,438.8,-57.2,14.44,2,-0.5,0.1,1.5,0.2,3,45,2.5,39.90944,116.40944,4944,4000,442.5124631
34:36.0,1.74958E+12,FU_025,0,1.74954E+12,1.74955E+12,1,1,1,1,1,1,0.1,0.1,0.1,1,1,1,1,1,1,1,1,1,1,1,1,1,49.64785243,0.088050546,5730,-0.999379768,0.499922465,50,0.1,0.1,0.1,439.2,-57.3,14.46,2,-0.5,0.1,1.5,0.2,3,45,2.5,39.90946,116.40946,4946,4000,442.922036
34:48.0,1.74958E+12,FU_025,0,1.74954E+12,1.74955E+12,1,1,1,1,1,1,0.1,0.1,0.1,1,1,1,1,1,1,1,1,1,1,1,1,1,49.44806023,0.138037557,5740,-0.998475651,0.49980942,50,0.1,0.1,0.1,439.6,-57.4,14.48,2,-0.5,0.1,1.5,0.2,3,45,2.5,39.90948,116.40948,4948,4000,443.331614
35:00.0,1.74958E+12,FU_025,0,1.74954E+12,1.74955E+12,1,1,1,1,1,1,0.1,0.1,0.1,1,1,1,1,1,1,1,1,1,1,1,1,1,49.2484888,0.188010764,5750,-0.997172156,0.499646394,50,0.1,0.1,0.1,440,-57.5,14.5,2,-0.5,0.1,1.5,0.2,3,45,2.5,39.9095,116.4095,4950,4000,443.7411971
35:12.0,1.74958E+12,FU_025,0,1.74954E+12,1.74955E+12,1,1,1,1,1,1,0.1,0.1,0.1,1,1,1,1,1,1,1,1,1,1,1,1,1,49.04921796,0.237965171,5760,-0.995469806,0.499433405,50,0.1,0.1,0.1,440.4,-57.6,14.52,2,-0.5,0.1,1.5,0.2,3,45,2.5,39.90952,116.40952,4952,4000,444.1507852
35:24.0,1.74958E+12,FU_025,0,1.74954E+12,1.74955E+12,1,1,1,1,1,1,0.1,0.1,0.1,1,1,1,1,1,1,1,1,1,1,1,1,1,48.85032742,0.287895781,5770,-0.993369282,0.499170472,50,0.1,0.1,0.1,440.8,-57.7,14.54,2,-0.5,0.1,1.5,0.2,3,45,2.5,39.90954,116.40954,4954,4000,444.5603784
35:36.0,1.74958E+12,FU_025,0,1.74954E+12,1.74955E+12,1,1,1,1,1,1,0.1,0.1,0.1,1,1,1,1,1,1,1,1,1,1,1,1,1,48.65189673,0.337797601,5780,-0.990871422,0.498857623,50,0.1,0.1,0.1,441.2,-57.8,14.56,2,-0.5,0.1,1.5,0.2,3,45,2.5,39.90956,116.40956,4956,4000,444.9699765
35:48.0,1.74958E+12,FU_025,0,1.74954E+12,1.74955E+12,1,1,1,1,1,1,0.1,0.1,0.1,1,1,1,1,1,1,1,1,1,1,1,1,1,48.45400527,0.387665642,5790,-0.987977228,0.498494888,50,0.1,0.1,0.1,441.6,-57.9,14.58,2,-0.5,0.1,1.5,0.2,3,45,2.5,39.90958,116.40958,4958,4000,445.3795797
36:00.0,1.74958E+12,FU_025,0,1.74954E+12,1.74955E+12,1,1,1,1,1,1,0.1,0.1,0.1,1,1,1,1,1,1,1,1,1,1,1,1,1,48.25673219,0.437494917,5800,-0.984687856,0.498082304,50,0.1,0.1,0.1,442,-58,14.6,2,-0.5,0.1,1.5,0.2,3,45,2.5,39.9096,116.4096,4960,4000,445.7891878
36:12.0,1.74958E+12,FU_025,0,1.74954E+12,1.74955E+12,1,1,1,1,1,1,0.1,0.1,0.1,1,1,1,1,1,1,1,1,1,1,1,1,1,48.06015639,0.487280443,5810,-0.981004622,0.497619913,50,0.1,0.1,0.1,442.4,-58.1,14.62,2,-0.5,0.1,1.5,0.2,3,45,2.5,39.90962,116.40962,4962,4000,446.198801
36:24.0,1.74958E+12,FU_025,0,1.74954E+12,1.74955E+12,1,1,1,1,1,1,0.1,0.1,0.1,1,1,1,1,1,1,1,1,1,1,1,1,1,47.8643565,0.537017241,5820,-0.976928999,0.49710776,50,0.1,0.1,0.1,442.8,-58.2,14.64,2,-0.5,0.1,1.5,0.2,3,45,2.5,39.90964,116.40964,4964,4000,446.6084191
36:36.0,1.74958E+12,FU_025,0,1.74954E+12,1.74955E+12,1,1,1,1,1,1,0.1,0.1,0.1,1,1,1,1,1,1,1,1,1,1,1,1,1,47.66941084,0.586700338,5830,-0.972462617,0.496545896,50,0.1,0.1,0.1,443.2,-58.3,14.66,2,-0.5,0.1,1.5,0.2,3,45,2.5,39.90966,116.40966,4966,4000,447.0180421
36:48.0,1.74958E+12,FU_025,0,1.74954E+12,1.74955E+12,1,1,1,1,1,1,0.1,0.1,0.1,1,1,1,1,1,1,1,1,1,1,1,1,1,47.47539738,0.636324765,5840,-0.967607263,0.495934379,50,0.1,0.1,0.1,443.6,-58.4,14.68,2,-0.5,0.1,1.5,0.2,3,45,2.5,39.90968,116.40968,4968,4000,447.4276701
37:00.0,1.74958E+12,FU_025,0,1.74954E+12,1.74955E+12,1,1,1,1,1,1,0.1,0.1,0.1,1,1,1,1,1,1,1,1,1,1,1,1,1,47.28239374,0.685885561,5850,-0.96236488,0.495273268,50,0.1,0.1,0.1,444,-58.5,14.7,2,-0.5,0.1,1.5,0.2,3,45,2.5,39.9097,116.4097,4970,4000,447.837303
37:12.0,1.74958E+12,FU_025,0,1.74954E+12,1.74955E+12,1,1,1,1,1,1,0.1,0.1,0.1,1,1,1,1,1,1,1,1,1,1,1,1,1,47.09047709,0.735377768,5860,-0.956737563,0.49456263,50,0.1,0.1,0.1,444.4,-58.6,14.72,2,-0.5,0.1,1.5,0.2,3,45,2.5,39.90972,116.40972,4972,4000,448.2469409
37:24.0,1.74958E+12,FU_025,0,1.74954E+12,1.74955E+12,1,1,1,1,1,1,0.1,0.1,0.1,1,1,1,1,1,1,1,1,1,1,1,1,1,46.89972422,0.784796438,5870,-0.950727564,0.493802537,50,0.1,0.1,0.1,444.8,-58.7,14.74,2,-0.5,0.1,1.5,0.2,3,45,2.5,39.90974,116.40974,4974,4000,448.6565836
37:36.0,1.74958E+12,FU_025,0,1.74954E+12,1.74955E+12,1,1,1,1,1,1,0.1,0.1,0.1,1,1,1,1,1,1,1,1,1,1,1,1,1,46.71021142,0.834136629,5880,-0.944337287,0.492993064,50,0.1,0.1,0.1,445.2,-58.8,14.76,2,-0.5,0.1,1.5,0.2,3,45,2.5,39.90976,116.40976,4976,4000,449.0662312
37:48.0,1.74958E+12,FU_025,0,1.74954E+12,1.74955E+12,1,1,1,1,1,1,0.1,0.1,0.1,1,1,1,1,1,1,1,1,1,1,1,1,1,46.52201449,0.883393407,5890,-0.937569287,0.492134292,50,0.1,0.1,0.1,445.6,-58.9,14.78,2,-0.5,0.1,1.5,0.2,3,45,2.5,39.90978,116.40978,4978,4000,449.4758837
38:00.0,1.74958E+12,FU_025,0,1.74954E+12,1.74955E+12,1,1,1,1,1,1,0.1,0.1,0.1,1,1,1,1,1,1,1,1,1,1,1,1,1,46.33520871,0.932561847,5900,-0.930426272,0.491226306,50,0.1,0.1,0.1,446,-59,14.8,2,-0.5,0.1,1.5,0.2,3,45,2.5,39.9098,116.4098,4980,4000,449.885541
38:12.0,1.74958E+12,FU_025,0,1.74954E+12,1.74955E+12,1,1,1,1,1,1,0.1,0.1,0.1,1,1,1,1,1,1,1,1,1,1,1,1,1,46.14986879,0.981637031,5910,-0.922911099,0.490269199,50,0.1,0.1,0.1,446.4,-59.1,14.82,2,-0.5,0.1,1.5,0.2,3,45,2.5,39.90982,116.40982,4982,4000,450.2952032
38:24.0,1.74958E+12,FU_025,0,1.74954E+12,1.74955E+12,1,1,1,1,1,1,0.1,0.1,0.1,1,1,1,1,1,1,1,1,1,1,1,1,1,45.96606888,1.030614053,5920,-0.915026774,0.489263065,50,0.1,0.1,0.1,446.8,-59.2,14.84,2,-0.5,0.1,1.5,0.2,3,45,2.5,39.90984,116.40984,4984,4000,450.7048702
38:36.0,1.74958E+12,FU_025,0,1.74954E+12,1.74955E+12,1,1,1,1,1,1,0.1,0.1,0.1,1,1,1,1,1,1,1,1,1,1,1,1,1,45.78388248,1.079488013,5930,-0.90677645,0.488208005,50,0.1,0.1,0.1,447.2,-59.3,14.86,2,-0.5,0.1,1.5,0.2,3,45,2.5,39.90986,116.40986,4986,4000,451.114542
38:48.0,1.74958E+12,FU_025,0,1.74954E+12,1.74955E+12,1,1,1,1,1,1,0.1,0.1,0.1,1,1,1,1,1,1,1,1,1,1,1,1,1,45.60338248,1.128254026,5940,-0.898163428,0.487104125,50,0.1,0.1,0.1,447.6,-59.4,14.88,2,-0.5,0.1,1.5,0.2,3,45,2.5,39.90988,116.40988,4988,4000,451.5242186
39:00.0,1.74958E+12,FU_025,0,1.74954E+12,1.74955E+12,1,1,1,1,1,1,0.1,0.1,0.1,1,1,1,1,1,1,1,1,1,1,1,1,1,45.42464106,1.176907215,5950,-0.889191153,0.485951535,50,0.1,0.1,0.1,448,-59.5,14.9,2,-0.5,0.1,1.5,0.2,3,45,2.5,39.9099,116.4099,4990,4000,451.9339
39:12.0,1.74958E+12,FU_025,0,1.74954E+12,1.74955E+12,1,1,1,1,1,1,0.1,0.1,0.1,1,1,1,1,1,1,1,1,1,1,1,1,1,45.24772973,1.225442713,5960,-0.879863212,0.48475035,50,0.1,0.1,0.1,448.4,-59.6,14.92,2,-0.5,0.1,1.5,0.2,3,45,2.5,39.90992,116.40992,4992,4000,452.3435862
39:24.0,1.74958E+12,FU_025,0,1.74954E+12,1.74955E+12,1,1,1,1,1,1,0.1,0.1,0.1,1,1,1,1,1,1,1,1,1,1,1,1,1,45.07271924,1.273855669,5970,-0.870183339,0.48350069,50,0.1,0.1,0.1,448.8,-59.7,14.94,2,-0.5,0.1,1.5,0.2,3,45,2.5,39.90994,116.40994,4994,4000,452.7532772
39:36.0,1.74958E+12,FU_025,0,1.74954E+12,1.74955E+12,1,1,1,1,1,1,0.1,0.1,0.1,1,1,1,1,1,1,1,1,1,1,1,1,1,44.8996796,1.32214124,5980,-0.860155403,0.482202681,50,0.1,0.1,0.1,449.2,-59.8,14.96,2,-0.5,0.1,1.5,0.2,3,45,2.5,39.90996,116.40996,4996,4000,453.1629729
39:48.0,1.74958E+12,FU_025,0,1.74954E+12,1.74955E+12,1,1,1,1,1,1,0.1,0.1,0.1,1,1,1,1,1,1,1,1,1,1,1,1,1,44.72868002,1.370294598,5990,-0.849783417,0.480856452,50,0.1,0.1,0.1,449.6,-59.9,14.98,2,-0.5,0.1,1.5,0.2,3,45,2.5,39.90998,116.40998,4998,4000,453.5726733
