flightTime,trackId,planId,lng,lat,alt,heading,pitch,roll
2026-06-04 10:00:00.000,drone_001,PLAN1,104.070015,30.569996,500.6,89.93,4.73,-0.12
2026-06-04 10:00:00.000,drone_002,PLAN1,103.900009,30.700005,500.0,44.93,2.49,-0.18
2026-06-04 10:00:00.500,drone_001,PLAN1,104.070231,30.570142,499.5,89.75,3.71,-0.29
2026-06-04 10:00:00.500,drone_002,PLAN1,103.900146,30.700153,501.4,45.37,4.12,-0.63
2026-06-04 10:00:01.000,drone_001,PLAN1,104.070367,30.570251,501.0,89.83,3.21,-0.21
2026-06-04 10:00:01.000,drone_002,PLAN1,103.900325,30.700297,499.3,44.53,3.6,0.16
2026-06-04 10:00:01.500,drone_001,PLAN1,104.070712,30.570327,500.6,90.12,3.26,-0.27
2026-06-04 10:00:01.500,drone_002,PLAN1,103.900461,30.700436,501.3,44.21,3.49,0.35
2026-06-04 10:00:02.000,drone_001,PLAN1,104.070857,30.570457,500.3,90.67,3.83,-0.3
2026-06-04 10:00:02.000,drone_002,PLAN1,103.900588,30.700522,500.9,44.69,4.3,-0.56
2026-06-04 10:00:02.500,drone_001,PLAN1,104.071098,30.570557,501.2,90.47,4.17,-0.63
2026-06-04 10:00:02.500,drone_002,PLAN1,103.900792,30.70071,501.6,45.17,3.06,0.56
2026-06-04 10:00:03.000,drone_001,PLAN1,104.07142,30.570704,502.3,89.69,4.41,-0.5
2026-06-04 10:00:03.000,drone_002,PLAN1,103.901032,30.700836,500.2,44.5,4.02,-0.14
2026-06-04 10:00:03.500,drone_001,PLAN1,104.071546,30.570812,503.2,90.08,3.09,0.16
2026-06-04 10:00:03.500,drone_002,PLAN1,103.901172,30.700985,504.2,44.9,3.89,-0.26
2026-06-04 10:00:04.000,drone_001,PLAN1,104.071762,30.57091,504.7,90.13,4.44,-0.42
2026-06-04 10:00:04.000,drone_002,PLAN1,103.901382,30.701138,504.4,44.68,3.29,-0.36
2026-06-04 10:00:04.500,drone_001,PLAN1,104.07196,30.571036,504.5,89.98,3.77,0.59
2026-06-04 10:00:04.500,drone_002,PLAN1,103.901535,30.701242,503.3,45.07,4.1,0.8
2026-06-04 10:00:05.000,drone_001,PLAN1,104.072253,30.571123,504.7,90.52,3.93,0.49
2026-06-04 10:00:05.000,drone_002,PLAN1,103.901652,30.701377,504.6,45.08,3.69,-0.49
2026-06-04 10:00:05.500,drone_001,PLAN1,104.07245,30.571273,504.3,90.22,4.38,0.04
2026-06-04 10:00:05.500,drone_002,PLAN1,103.901778,30.701536,505.0,44.84,3.17,-0.46
2026-06-04 10:00:06.000,drone_001,PLAN1,104.072677,30.571277,508.0,90.18,4.15,0.74
2026-06-04 10:00:06.000,drone_002,PLAN1,103.901982,30.701678,507.0,44.89,3.39,-0.18
2026-06-04 10:00:06.500,drone_001,PLAN1,104.072891,30.571436,510.1,90.46,4.55,0.13
2026-06-04 10:00:06.500,drone_002,PLAN1,103.902209,30.70181,509.3,45.48,3.99,-0.35
2026-06-04 10:00:07.000,drone_001,PLAN1,104.073161,30.571565,510.8,90.28,4.31,-0.13
2026-06-04 10:00:07.000,drone_002,PLAN1,103.90235,30.701925,510.5,44.65,4.57,-0.02
2026-06-04 10:00:07.500,drone_001,PLAN1,104.073352,30.571679,512.7,90.29,3.86,-0.71
2026-06-04 10:00:07.500,drone_002,PLAN1,103.902556,30.702049,510.9,44.81,3.87,0.58
2026-06-04 10:00:08.000,drone_001,PLAN1,104.073555,30.571759,514.3,90.5,4.17,0.94
2026-06-04 10:00:08.000,drone_002,PLAN1,103.902701,30.702221,510.8,44.64,3.06,-0.72
2026-06-04 10:00:08.500,drone_001,PLAN1,104.073788,30.571844,515.2,90.34,3.48,0.05
2026-06-04 10:00:08.500,drone_002,PLAN1,103.902905,30.702397,510.6,44.48,3.25,-0.91
2026-06-04 10:00:09.000,drone_001,PLAN1,104.073991,30.572006,518.7,90.37,3.84,-0.29
2026-06-04 10:00:09.000,drone_002,PLAN1,103.902914,30.702503,513.4,44.77,3.56,-0.81
2026-06-04 10:00:09.500,drone_001,PLAN1,104.074268,30.57214,521.1,90.11,3.52,0.7
2026-06-04 10:00:09.500,drone_002,PLAN1,103.903233,30.702613,517.1,44.55,4.11,-1.17
2026-06-04 10:00:10.000,drone_001,PLAN1,104.074474,30.572294,521.4,90.41,3.69,0.05
2026-06-04 10:00:10.000,drone_002,PLAN1,103.903387,30.702746,519.1,44.74,3.52,-0.03
2026-06-04 10:00:10.500,drone_001,PLAN1,104.07468,30.572329,525.3,90.31,3.36,0.27
2026-06-04 10:00:10.500,drone_002,PLAN1,103.903466,30.702953,520.7,44.5,3.93,-0.31
2026-06-04 10:00:11.000,drone_001,PLAN1,104.074921,30.572446,526.6,90.78,3.53,-0.18
2026-06-04 10:00:11.000,drone_002,PLAN1,103.903638,30.703067,520.5,44.55,2.94,-0.21
2026-06-04 10:00:11.500,drone_001,PLAN1,104.075132,30.572602,527.9,90.88,4.06,0.13
2026-06-04 10:00:11.500,drone_002,PLAN1,103.903851,30.703205,522.8,44.72,3.36,0.43
2026-06-04 10:00:12.000,drone_001,PLAN1,104.075311,30.572634,532.5,90.77,4.12,0.13
2026-06-04 10:00:12.000,drone_002,PLAN1,103.904028,30.703381,526.1,44.48,2.57,0.14
2026-06-04 10:00:12.500,drone_001,PLAN1,104.075578,30.572811,534.9,91.09,3.36,0.52
2026-06-04 10:00:12.500,drone_002,PLAN1,103.904179,30.703471,528.7,44.41,3.87,-0.31
2026-06-04 10:00:13.000,drone_001,PLAN1,104.075816,30.572868,536.7,91.1,3.41,0.38
2026-06-04 10:00:13.000,drone_002,PLAN1,103.904283,30.703626,529.9,45.04,4.1,0.18
2026-06-04 10:00:13.500,drone_001,PLAN1,104.076041,30.573065,540.1,90.51,3.6,-0.44
2026-06-04 10:00:13.500,drone_002,PLAN1,103.904542,30.703746,532.6,44.18,2.67,-0.06
2026-06-04 10:00:14.000,drone_001,PLAN1,104.076237,30.57313,543.5,91.22,4.39,0.01
2026-06-04 10:00:14.000,drone_002,PLAN1,103.904645,30.703873,535.3,44.56,3.46,0.02
2026-06-04 10:00:14.500,drone_001,PLAN1,104.07642,30.57323,545.3,90.77,4.46,0.02
2026-06-04 10:00:14.500,drone_002,PLAN1,103.904881,30.704074,537.5,44.39,3.62,-1.2
2026-06-04 10:00:15.000,drone_001,PLAN1,104.076682,30.573365,549.0,90.73,4.36,0.52
2026-06-04 10:00:15.000,drone_002,PLAN1,103.905,30.704122,538.4,44.83,2.54,-0.02
2026-06-04 10:00:15.500,drone_001,PLAN1,104.076915,30.573417,552.9,90.91,4.17,-0.44
2026-06-04 10:00:15.500,drone_002,PLAN1,103.905168,30.704349,540.2,44.51,2.79,0.33
2026-06-04 10:00:16.000,drone_001,PLAN1,104.077133,30.573531,556.4,91.21,4.25,0.54
2026-06-04 10:00:16.000,drone_002,PLAN1,103.905343,30.704429,545.1,44.21,3.13,0.04
2026-06-04 10:00:16.500,drone_001,PLAN1,104.077381,30.573659,559.8,91.18,4.1,0.01
2026-06-04 10:00:16.500,drone_002,PLAN1,103.90555,30.704561,548.0,44.81,3.53,-0.17
2026-06-04 10:00:17.000,drone_001,PLAN1,104.07762,30.573789,564.4,91.0,4.47,0.12
2026-06-04 10:00:17.000,drone_002,PLAN1,103.905709,30.704707,550.2,44.7,3.67,-0.14
2026-06-04 10:00:17.500,drone_001,PLAN1,104.077776,30.573893,566.2,90.41,4.01,1.16
2026-06-04 10:00:17.500,drone_002,PLAN1,103.905853,30.704868,551.5,44.22,4.85,0.36
2026-06-04 10:00:18.000,drone_001,PLAN1,104.078043,30.573963,569.9,90.68,4.52,0.03
2026-06-04 10:00:18.000,drone_002,PLAN1,103.906024,30.704974,555.8,44.02,2.79,-0.03
2026-06-04 10:00:18.500,drone_001,PLAN1,104.078262,30.574084,576.6,91.28,4.89,0.68
2026-06-04 10:00:18.500,drone_002,PLAN1,103.906203,30.705203,559.6,44.32,3.25,0.23
2026-06-04 10:00:19.000,drone_001,PLAN1,104.078468,30.574247,579.1,90.56,3.66,-0.22
2026-06-04 10:00:19.000,drone_002,PLAN1,103.906336,30.705247,563.4,44.16,3.34,0.09
2026-06-04 10:00:19.500,drone_001,PLAN1,104.078706,30.574371,580.9,90.89,3.81,-0.24
2026-06-04 10:00:19.500,drone_002,PLAN1,103.906535,30.70544,565.2,44.69,2.13,0.02
2026-06-04 10:00:20.000,drone_001,PLAN1,104.078967,30.574469,584.9,91.42,4.43,1.06
2026-06-04 10:00:20.000,drone_002,PLAN1,103.906766,30.705558,568.3,44.83,3.69,-0.13
2026-06-04 10:00:20.500,drone_001,PLAN1,104.079115,30.57453,590.1,90.86,4.91,-0.01
2026-06-04 10:00:20.500,drone_002,PLAN1,103.906836,30.705748,572.6,44.77,3.14,-0.24
2026-06-04 10:00:21.000,drone_001,PLAN1,104.07932,30.574677,592.7,91.57,3.32,0.77
2026-06-04 10:00:21.000,drone_002,PLAN1,103.907068,30.705895,576.5,44.5,3.41,-1.62
2026-06-04 10:00:21.500,drone_001,PLAN1,104.079625,30.574748,600.2,91.34,3.98,-0.49
2026-06-04 10:00:21.500,drone_002,PLAN1,103.907147,30.705988,580.6,44.6,3.56,0.34
2026-06-04 10:00:22.000,drone_001,PLAN1,104.079811,30.574885,603.5,91.42,3.78,0.06
2026-06-04 10:00:22.000,drone_002,PLAN1,103.907323,30.706154,582.5,44.57,3.4,1.05
2026-06-04 10:00:22.500,drone_001,PLAN1,104.080009,30.575077,608.7,91.22,4.01,0.22
2026-06-04 10:00:22.500,drone_002,PLAN1,103.907587,30.70627,582.6,44.13,4.15,-0.27
2026-06-04 10:00:23.000,drone_001,PLAN1,104.080236,30.575132,613.5,91.17,3.74,-0.31
2026-06-04 10:00:23.000,drone_002,PLAN1,103.907676,30.706393,590.7,44.46,2.75,-0.54
2026-06-04 10:00:23.500,drone_001,PLAN1,104.080501,30.575246,618.1,91.14,4.29,-0.41
2026-06-04 10:00:23.500,drone_002,PLAN1,103.907835,30.706568,594.2,44.61,3.46,0.27
2026-06-04 10:00:24.000,drone_001,PLAN1,104.080719,30.575367,622.1,91.16,4.03,0.64
2026-06-04 10:00:24.000,drone_002,PLAN1,103.908018,30.706662,596.4,44.0,3.66,1.08
2026-06-04 10:00:24.500,drone_001,PLAN1,104.080966,30.575446,626.6,91.64,4.1,0.01
2026-06-04 10:00:24.500,drone_002,PLAN1,103.908206,30.706838,602.5,44.97,3.29,-0.22
2026-06-04 10:00:25.000,drone_001,PLAN1,104.081126,30.5756,631.7,91.21,4.4,-0.14
2026-06-04 10:00:25.000,drone_002,PLAN1,103.908349,30.706986,605.6,44.13,2.61,-1.02
2026-06-04 10:00:25.500,drone_001,PLAN1,104.081368,30.5757,636.2,91.06,5.02,-0.5
2026-06-04 10:00:25.500,drone_002,PLAN1,103.908541,30.707116,608.9,44.89,4.3,-0.14
2026-06-04 10:00:26.000,drone_001,PLAN1,104.081622,30.575818,642.8,91.18,4.29,-0.01
2026-06-04 10:00:26.000,drone_002,PLAN1,103.908642,30.707234,613.6,45.3,3.51,0.36
2026-06-04 10:00:26.500,drone_001,PLAN1,104.081748,30.575958,647.1,91.88,4.37,0.31
2026-06-04 10:00:26.500,drone_002,PLAN1,103.908846,30.70735,616.0,44.69,3.02,0.06
2026-06-04 10:00:27.000,drone_001,PLAN1,104.08202,30.576023,653.2,91.36,4.41,0.58
2026-06-04 10:00:27.000,drone_002,PLAN1,103.909059,30.707528,621.8,44.76,3.67,-0.26
2026-06-04 10:00:27.500,drone_001,PLAN1,104.082235,30.576122,658.4,91.48,4.71,0.43
2026-06-04 10:00:27.500,drone_002,PLAN1,103.909192,30.707641,625.2,44.46,3.16,0.52
2026-06-04 10:00:28.000,drone_001,PLAN1,104.082479,30.576209,663.5,91.31,3.83,0.16
2026-06-04 10:00:28.000,drone_002,PLAN1,103.909364,30.707817,629.7,43.92,3.13,0.16
2026-06-04 10:00:28.500,drone_001,PLAN1,104.082717,30.576354,667.6,91.73,3.55,-0.17
2026-06-04 10:00:28.500,drone_002,PLAN1,103.9096,30.707962,634.4,44.62,4.1,-0.16
2026-06-04 10:00:29.000,drone_001,PLAN1,104.082927,30.576492,675.2,91.74,4.0,1.14
2026-06-04 10:00:29.000,drone_002,PLAN1,103.909718,30.70799,638.7,43.89,4.0,0.08
2026-06-04 10:00:29.500,drone_001,PLAN1,104.083212,30.576551,681.2,91.4,4.06,1.09
2026-06-04 10:00:29.500,drone_002,PLAN1,103.909921,30.708194,646.7,44.27,3.47,0.83
2026-06-04 10:00:30.000,drone_001,PLAN1,104.083345,30.576667,684.0,91.72,3.71,-0.38
2026-06-04 10:00:30.000,drone_002,PLAN1,103.910037,30.708412,649.7,43.71,3.72,-0.97
2026-06-04 10:00:30.500,drone_001,PLAN1,104.083536,30.576808,692.6,92.14,4.46,0.37
2026-06-04 10:00:30.500,drone_002,PLAN1,103.910173,30.7085,654.4,44.72,3.93,-0.71
2026-06-04 10:00:31.000,drone_001,PLAN1,104.083837,30.576904,697.9,91.4,3.83,0.15
2026-06-04 10:00:31.000,drone_002,PLAN1,103.910343,30.708627,657.4,43.88,4.88,0.12
2026-06-04 10:00:31.500,drone_001,PLAN1,104.084036,30.577057,702.4,91.77,3.67,0.0
2026-06-04 10:00:31.500,drone_002,PLAN1,103.910538,30.70878,663.7,44.34,3.48,-0.21
2026-06-04 10:00:32.000,drone_001,PLAN1,104.084248,30.57715,709.0,91.94,3.9,0.06
2026-06-04 10:00:32.000,drone_002,PLAN1,103.91069,30.708878,669.5,44.26,2.6,0.76
2026-06-04 10:00:32.500,drone_001,PLAN1,104.084516,30.577289,715.4,92.42,3.82,0.12
2026-06-04 10:00:32.500,drone_002,PLAN1,103.910859,30.709046,673.0,44.44,3.47,-0.11
2026-06-04 10:00:33.000,drone_001,PLAN1,104.084711,30.5774,722.6,91.89,4.55,0.51
2026-06-04 10:00:33.000,drone_002,PLAN1,103.911035,30.709214,679.0,43.67,3.73,-0.49
2026-06-04 10:00:33.500,drone_001,PLAN1,104.08495,30.577506,727.8,91.34,4.32,0.53
2026-06-04 10:00:33.500,drone_002,PLAN1,103.911188,30.709368,683.0,44.83,3.66,0.7
2026-06-04 10:00:34.000,drone_001,PLAN1,104.085118,30.577515,734.8,91.92,4.33,0.75
2026-06-04 10:00:34.000,drone_002,PLAN1,103.911349,30.709464,688.2,43.91,3.58,0.19
2026-06-04 10:00:34.500,drone_001,PLAN1,104.085405,30.577698,741.5,91.42,4.37,-0.14
2026-06-04 10:00:34.500,drone_002,PLAN1,103.911487,30.709593,693.7,44.33,3.92,1.1
2026-06-04 10:00:35.000,drone_001,PLAN1,104.085599,30.577812,749.2,91.93,3.25,-0.06
2026-06-04 10:00:35.000,drone_002,PLAN1,103.911697,30.709723,697.9,44.1,3.24,0.33
2026-06-04 10:00:35.500,drone_001,PLAN1,104.085833,30.577883,754.2,92.26,3.44,-0.03
2026-06-04 10:00:35.500,drone_002,PLAN1,103.911884,30.709854,704.1,44.34,3.81,0.05
2026-06-04 10:00:36.000,drone_001,PLAN1,104.086015,30.578037,760.8,91.69,3.58,-0.05
2026-06-04 10:00:36.000,drone_002,PLAN1,103.912016,30.71004,707.9,44.0,2.73,0.39
2026-06-04 10:00:36.500,drone_001,PLAN1,104.086269,30.578065,768.0,92.39,3.99,0.26
2026-06-04 10:00:36.500,drone_002,PLAN1,103.912195,30.710161,713.1,44.05,3.07,0.4
2026-06-04 10:00:37.000,drone_001,PLAN1,104.086516,30.578227,774.1,91.69,4.26,-0.27
2026-06-04 10:00:37.000,drone_002,PLAN1,103.912371,30.710316,720.0,43.53,4.15,0.06
2026-06-04 10:00:37.500,drone_001,PLAN1,104.086668,30.578398,783.4,92.18,3.85,0.29
2026-06-04 10:00:37.500,drone_002,PLAN1,103.91251,30.710467,724.0,44.12,2.85,-0.03
2026-06-04 10:00:38.000,drone_001,PLAN1,104.087028,30.578502,788.6,92.18,3.49,-0.8
2026-06-04 10:00:38.000,drone_002,PLAN1,103.912726,30.71061,731.4,44.23,2.73,-0.03
2026-06-04 10:00:38.500,drone_001,PLAN1,104.087153,30.578578,794.6,92.04,3.65,-0.39
2026-06-04 10:00:38.500,drone_002,PLAN1,103.912876,30.710759,737.2,43.22,3.45,0.68
2026-06-04 10:00:39.000,drone_001,PLAN1,104.087388,30.578718,803.8,92.17,4.3,-0.44
2026-06-04 10:00:39.000,drone_002,PLAN1,103.913098,30.710812,741.6,44.22,3.51,-0.07
2026-06-04 10:00:39.500,drone_001,PLAN1,104.08765,30.578818,808.9,91.79,3.88,-0.44
2026-06-04 10:00:39.500,drone_002,PLAN1,103.913228,30.710972,747.3,44.0,3.22,0.22
2026-06-04 10:00:40.000,drone_001,PLAN1,104.087855,30.578971,815.7,92.08,4.25,-0.33
2026-06-04 10:00:40.000,drone_002,PLAN1,103.913334,30.711155,753.5,44.38,2.62,-0.22
2026-06-04 10:00:40.500,drone_001,PLAN1,104.088025,30.579009,821.9,92.23,4.31,0.2
2026-06-04 10:00:40.500,drone_002,PLAN1,103.913515,30.711279,758.9,43.92,3.9,-0.14
2026-06-04 10:00:41.000,drone_001,PLAN1,104.08828,30.579145,831.0,92.35,3.71,0.26
2026-06-04 10:00:41.000,drone_002,PLAN1,103.913709,30.711426,765.3,44.28,3.79,-0.4
2026-06-04 10:00:41.500,drone_001,PLAN1,104.088446,30.579264,838.4,91.77,4.26,-0.38
2026-06-04 10:00:41.500,drone_002,PLAN1,103.913835,30.711554,773.1,43.99,4.16,1.02
2026-06-04 10:00:42.000,drone_001,PLAN1,104.08867,30.579361,846.8,91.84,3.52,0.32
2026-06-04 10:00:42.000,drone_002,PLAN1,103.914043,30.711669,777.5,43.49,3.47,0.39
2026-06-04 10:00:42.500,drone_001,PLAN1,104.089025,30.579422,853.9,92.6,3.77,-0.3
2026-06-04 10:00:42.500,drone_002,PLAN1,103.914236,30.711839,782.4,43.17,4.33,-0.38
2026-06-04 10:00:43.000,drone_001,PLAN1,104.089198,30.579605,860.9,92.09,5.19,-0.89
2026-06-04 10:00:43.000,drone_002,PLAN1,103.914387,30.711945,790.3,44.22,3.34,0.3
2026-06-04 10:00:43.500,drone_001,PLAN1,104.089398,30.579675,869.4,92.5,3.89,0.58
2026-06-04 10:00:43.500,drone_002,PLAN1,103.91456,30.712097,793.9,43.66,3.49,-0.23
2026-06-04 10:00:44.000,drone_001,PLAN1,104.08962,30.579793,876.5,92.32,3.76,0.2
2026-06-04 10:00:44.000,drone_002,PLAN1,103.914686,30.712278,799.0,43.84,4.25,0.5
2026-06-04 10:00:44.500,drone_001,PLAN1,104.089767,30.579927,884.5,92.87,4.45,-0.13
2026-06-04 10:00:44.500,drone_002,PLAN1,103.914865,30.712395,809.7,43.99,2.87,0.99
2026-06-04 10:00:45.000,drone_001,PLAN1,104.090035,30.579961,893.6,92.51,3.55,-0.79
2026-06-04 10:00:45.000,drone_002,PLAN1,103.915054,30.712505,814.6,43.46,3.17,0.63
2026-06-04 10:00:45.500,drone_001,PLAN1,104.090303,30.580073,900.7,92.88,4.36,-0.74
2026-06-04 10:00:45.500,drone_002,PLAN1,103.915258,30.712652,821.1,44.27,3.22,0.6
2026-06-04 10:00:46.000,drone_001,PLAN1,104.090512,30.580238,909.0,92.64,5.11,0.09
2026-06-04 10:00:46.000,drone_002,PLAN1,103.915368,30.712748,826.0,44.25,4.75,-0.3
2026-06-04 10:00:46.500,drone_001,PLAN1,104.090691,30.580338,917.9,92.84,4.17,-0.17
2026-06-04 10:00:46.500,drone_002,PLAN1,103.915575,30.712928,832.5,43.88,3.83,0.0
2026-06-04 10:00:47.000,drone_001,PLAN1,104.090986,30.58046,924.0,92.91,3.7,0.48
2026-06-04 10:00:47.000,drone_002,PLAN1,103.915717,30.713106,839.1,44.08,3.65,-0.46
2026-06-04 10:00:47.500,drone_001,PLAN1,104.091182,30.580641,931.8,93.1,3.35,-0.89
2026-06-04 10:00:47.500,drone_002,PLAN1,103.915908,30.713216,845.9,43.16,3.44,-0.5
2026-06-04 10:00:48.000,drone_001,PLAN1,104.091412,30.580695,941.0,92.71,3.41,1.22
2026-06-04 10:00:48.000,drone_002,PLAN1,103.916081,30.713349,852.3,43.51,3.17,-0.13
2026-06-04 10:00:48.500,drone_001,PLAN1,104.091669,30.580826,949.1,92.36,4.19,0.13
2026-06-04 10:00:48.500,drone_002,PLAN1,103.916226,30.713551,860.4,44.16,3.89,0.32
2026-06-04 10:00:49.000,drone_001,PLAN1,104.091798,30.580976,957.4,92.96,4.02,-0.05
2026-06-04 10:00:49.000,drone_002,PLAN1,103.916389,30.713668,865.4,43.63,2.85,-0.34
2026-06-04 10:00:49.500,drone_001,PLAN1,104.092063,30.581063,963.8,92.63,4.74,-0.08
2026-06-04 10:00:49.500,drone_002,PLAN1,103.916558,30.713766,871.9,43.66,3.54,-0.78
2026-06-04 10:00:50.000,drone_001,PLAN1,104.092254,30.581092,974.7,92.4,4.01,-0.64
2026-06-04 10:00:50.000,drone_002,PLAN1,103.916704,30.713901,879.1,43.75,2.69,0.04
2026-06-04 10:00:50.500,drone_001,PLAN1,104.092462,30.581246,981.2,92.42,3.9,-0.0
2026-06-04 10:00:50.500,drone_002,PLAN1,103.91687,30.714131,885.7,43.81,4.11,-0.2
2026-06-04 10:00:51.000,drone_001,PLAN1,104.092754,30.58136,991.8,93.0,3.05,-0.51
2026-06-04 10:00:51.000,drone_002,PLAN1,103.917075,30.714212,890.3,43.74,3.54,0.62
2026-06-04 10:00:51.500,drone_001,PLAN1,104.092945,30.581443,1001.9,92.86,4.0,0.01
2026-06-04 10:00:51.500,drone_002,PLAN1,103.917267,30.71436,899.7,43.6,3.39,0.27
2026-06-04 10:00:52.000,drone_001,PLAN1,104.093181,30.581583,1007.3,92.73,3.7,-0.02
2026-06-04 10:00:52.000,drone_002,PLAN1,103.917359,30.714475,905.4,44.04,3.54,0.08
2026-06-04 10:00:52.500,drone_001,PLAN1,104.09344,30.581619,1014.4,92.99,3.35,-0.59
2026-06-04 10:00:52.500,drone_002,PLAN1,103.917554,30.714605,911.6,43.7,3.85,-0.13
2026-06-04 10:00:53.000,drone_001,PLAN1,104.09363,30.581803,1025.0,92.55,4.24,0.42
2026-06-04 10:00:53.000,drone_002,PLAN1,103.917772,30.714699,919.4,43.03,3.43,0.73
2026-06-04 10:00:53.500,drone_001,PLAN1,104.093872,30.58196,1034.6,93.13,3.41,-0.26
2026-06-04 10:00:53.500,drone_002,PLAN1,103.917873,30.714907,927.9,43.04,3.25,0.64
2026-06-04 10:00:54.000,drone_001,PLAN1,104.09403,30.582055,1042.4,93.14,3.79,0.36
2026-06-04 10:00:54.000,drone_002,PLAN1,103.918038,30.715032,934.3,43.62,2.55,0.68
2026-06-04 10:00:54.500,drone_001,PLAN1,104.094339,30.582115,1050.8,93.57,3.5,-0.83
2026-06-04 10:00:54.500,drone_002,PLAN1,103.918175,30.715234,938.6,43.66,3.15,-0.23
2026-06-04 10:00:55.000,drone_001,PLAN1,104.094475,30.582232,1061.6,92.64,3.1,0.38
2026-06-04 10:00:55.000,drone_002,PLAN1,103.918391,30.715315,948.2,43.69,3.04,-0.75
2026-06-04 10:00:55.500,drone_001,PLAN1,104.094673,30.582419,1069.4,93.21,3.92,-0.27
2026-06-04 10:00:55.500,drone_002,PLAN1,103.918501,30.715487,955.9,42.92,3.3,0.85
2026-06-04 10:00:56.000,drone_001,PLAN1,104.094957,30.582512,1078.3,93.1,4.05,-0.18
2026-06-04 10:00:56.000,drone_002,PLAN1,103.918682,30.715583,962.2,43.38,4.26,0.02
2026-06-04 10:00:56.500,drone_001,PLAN1,104.095246,30.582611,1086.5,93.18,3.76,-0.64
2026-06-04 10:00:56.500,drone_002,PLAN1,103.918852,30.715703,971.0,43.24,2.96,0.25
2026-06-04 10:00:57.000,drone_001,PLAN1,104.095355,30.582719,1098.2,93.33,4.33,-0.23
2026-06-04 10:00:57.000,drone_002,PLAN1,103.919101,30.715854,978.1,42.82,3.62,0.13
2026-06-04 10:00:57.500,drone_001,PLAN1,104.095634,30.582843,1106.9,92.82,4.48,-0.92
2026-06-04 10:00:57.500,drone_002,PLAN1,103.919244,30.716008,983.9,43.67,3.41,0.92
2026-06-04 10:00:58.000,drone_001,PLAN1,104.095831,30.582926,1114.9,93.0,3.61,0.09
2026-06-04 10:00:58.000,drone_002,PLAN1,103.919374,30.716119,992.7,43.36,3.95,0.35
2026-06-04 10:00:58.500,drone_001,PLAN1,104.096027,30.583012,1124.9,92.73,3.53,0.29
2026-06-04 10:00:58.500,drone_002,PLAN1,103.919623,30.716253,999.6,43.63,4.36,-0.16
2026-06-04 10:00:59.000,drone_001,PLAN1,104.096358,30.583138,1132.8,92.83,4.06,0.3
2026-06-04 10:00:59.000,drone_002,PLAN1,103.919692,30.716414,1006.6,43.83,3.93,0.56
2026-06-04 10:00:59.500,drone_001,PLAN1,104.096595,30.583256,1143.1,93.85,3.62,-0.02
2026-06-04 10:00:59.500,drone_002,PLAN1,103.919921,30.716572,1014.2,43.6,3.43,-0.53
2026-06-04 10:01:00.000,drone_001,PLAN1,104.096722,30.583425,1152.0,93.63,3.69,0.32
2026-06-04 10:01:00.000,drone_002,PLAN1,103.920094,30.716787,1021.3,43.29,3.01,-0.16
2026-06-04 10:01:00.500,drone_001,PLAN1,104.096911,30.583516,1159.2,93.41,3.86,0.53
2026-06-04 10:01:00.500,drone_002,PLAN1,103.920249,30.716862,1027.3,43.36,4.22,1.02
2026-06-04 10:01:01.000,drone_001,PLAN1,104.097211,30.583612,1171.2,93.59,4.5,-0.23
2026-06-04 10:01:01.000,drone_002,PLAN1,103.920405,30.716998,1036.5,43.57,3.47,-0.02
2026-06-04 10:01:01.500,drone_001,PLAN1,104.097422,30.583711,1179.6,93.74,3.33,-0.54
2026-06-04 10:01:01.500,drone_002,PLAN1,103.920523,30.717137,1044.7,43.48,3.47,0.42
2026-06-04 10:01:02.000,drone_001,PLAN1,104.097631,30.583837,1188.8,93.3,3.99,0.47
2026-06-04 10:01:02.000,drone_002,PLAN1,103.920728,30.717287,1051.2,43.71,3.46,0.2
2026-06-04 10:01:02.500,drone_001,PLAN1,104.097813,30.583943,1197.2,93.52,4.61,-0.13
2026-06-04 10:01:02.500,drone_002,PLAN1,103.920898,30.717422,1060.0,43.12,3.1,-0.06
2026-06-04 10:01:03.000,drone_001,PLAN1,104.09809,30.583981,1207.1,93.59,4.49,0.43
2026-06-04 10:01:03.000,drone_002,PLAN1,103.921023,30.717539,1067.3,43.29,3.82,0.32
2026-06-04 10:01:03.500,drone_001,PLAN1,104.098303,30.584182,1216.7,93.43,4.68,1.15
2026-06-04 10:01:03.500,drone_002,PLAN1,103.921254,30.717713,1073.9,43.3,2.48,-0.86
2026-06-04 10:01:04.000,drone_001,PLAN1,104.09851,30.584305,1228.4,93.48,3.71,-0.21
2026-06-04 10:01:04.000,drone_002,PLAN1,103.921386,30.717849,1081.4,43.46,3.45,-1.21
2026-06-04 10:01:04.500,drone_001,PLAN1,104.098716,30.584342,1234.5,93.8,3.37,-0.54
2026-06-04 10:01:04.500,drone_002,PLAN1,103.921566,30.717959,1090.6,43.66,2.79,-0.38
2026-06-04 10:01:05.000,drone_001,PLAN1,104.098964,30.58446,1248.4,94.11,3.64,0.58
2026-06-04 10:01:05.000,drone_002,PLAN1,103.921731,30.718132,1098.9,43.11,3.19,-0.05
2026-06-04 10:01:05.500,drone_001,PLAN1,104.099173,30.58458,1255.1,94.01,3.69,-0.32
2026-06-04 10:01:05.500,drone_002,PLAN1,103.921928,30.718213,1105.1,43.32,3.92,0.17
2026-06-04 10:01:06.000,drone_001,PLAN1,104.099458,30.58469,1264.6,93.87,4.21,-0.28
2026-06-04 10:01:06.000,drone_002,PLAN1,103.922102,30.718361,1112.5,43.25,3.42,-0.92
2026-06-04 10:01:06.500,drone_001,PLAN1,104.099709,30.584847,1274.3,93.88,4.05,-0.18
2026-06-04 10:01:06.500,drone_002,PLAN1,103.922193,30.718541,1120.0,43.2,3.3,0.51
2026-06-04 10:01:07.000,drone_001,PLAN1,104.099877,30.584963,1284.1,93.36,4.02,-0.87
2026-06-04 10:01:07.000,drone_002,PLAN1,103.922397,30.718686,1127.5,43.33,4.32,-0.39
2026-06-04 10:01:07.500,drone_001,PLAN1,104.100083,30.585096,1294.2,94.12,4.08,-0.01
2026-06-04 10:01:07.500,drone_002,PLAN1,103.922586,30.718818,1134.6,43.28,2.45,0.21
2026-06-04 10:01:08.000,drone_001,PLAN1,104.100382,30.585137,1304.0,94.34,4.49,0.34
2026-06-04 10:01:08.000,drone_002,PLAN1,103.9227,30.718906,1144.3,42.84,4.46,-0.25
2026-06-04 10:01:08.500,drone_001,PLAN1,104.100536,30.585274,1315.3,94.03,4.18,0.2
2026-06-04 10:01:08.500,drone_002,PLAN1,103.922917,30.719059,1149.4,43.01,3.32,0.03
2026-06-04 10:01:09.000,drone_001,PLAN1,104.100767,30.585402,1325.2,93.99,4.74,-0.32
2026-06-04 10:01:09.000,drone_002,PLAN1,103.923029,30.719166,1158.9,43.43,3.98,0.63
2026-06-04 10:01:09.500,drone_001,PLAN1,104.10097,30.585492,1335.3,93.75,3.56,0.18
2026-06-04 10:01:09.500,drone_002,PLAN1,103.923259,30.719345,1166.6,43.08,4.11,-0.36
2026-06-04 10:01:10.000,drone_001,PLAN1,104.101199,30.585637,1344.2,94.12,4.0,-0.68
2026-06-04 10:01:10.000,drone_002,PLAN1,103.923396,30.719455,1175.4,43.1,3.58,0.18
2026-06-04 10:01:10.500,drone_001,PLAN1,104.101465,30.585717,1354.3,93.94,3.77,0.27
2026-06-04 10:01:10.500,drone_002,PLAN1,103.923575,30.71964,1182.9,43.12,3.57,0.24
2026-06-04 10:01:11.000,drone_001,PLAN1,104.10168,30.585778,1364.2,93.83,4.18,-0.09
2026-06-04 10:01:11.000,drone_002,PLAN1,103.923744,30.719817,1191.5,42.61,3.21,0.44
2026-06-04 10:01:11.500,drone_001,PLAN1,104.10187,30.585912,1375.2,94.1,3.21,-0.28
2026-06-04 10:01:11.500,drone_002,PLAN1,103.923888,30.719902,1198.2,42.85,3.69,0.37
2026-06-04 10:01:12.000,drone_001,PLAN1,104.102136,30.586043,1383.5,93.35,4.91,-0.72
2026-06-04 10:01:12.000,drone_002,PLAN1,103.924063,30.719994,1208.7,43.07,2.75,0.19
2026-06-04 10:01:12.500,drone_001,PLAN1,104.102331,30.586186,1395.2,93.69,4.63,-0.11
2026-06-04 10:01:12.500,drone_002,PLAN1,103.924213,30.720217,1215.2,42.76,3.39,0.22
2026-06-04 10:01:13.000,drone_001,PLAN1,104.102531,30.586286,1402.9,94.0,4.8,0.45
2026-06-04 10:01:13.000,drone_002,PLAN1,103.924391,30.720338,1222.8,42.74,3.87,0.93
2026-06-04 10:01:13.500,drone_001,PLAN1,104.10272,30.586422,1414.1,94.23,4.53,0.17
2026-06-04 10:01:13.500,drone_002,PLAN1,103.924547,30.720471,1232.8,43.19,3.27,-0.08
2026-06-04 10:01:14.000,drone_001,PLAN1,104.102998,30.586504,1425.0,94.34,4.64,0.1
2026-06-04 10:01:14.000,drone_002,PLAN1,103.924787,30.720593,1240.9,43.01,3.39,-0.44
2026-06-04 10:01:14.500,drone_001,PLAN1,104.103172,30.5866,1434.8,94.06,3.59,-0.68
2026-06-04 10:01:14.500,drone_002,PLAN1,103.924904,30.720711,1248.6,42.83,3.57,-0.88
2026-06-04 10:01:15.000,drone_001,PLAN1,104.103404,30.586713,1443.0,94.48,4.25,-0.32
2026-06-04 10:01:15.000,drone_002,PLAN1,103.925084,30.720881,1255.4,42.72,2.92,0.28
2026-06-04 10:01:15.500,drone_001,PLAN1,104.103635,30.586752,1453.2,94.33,4.35,0.39
2026-06-04 10:01:15.500,drone_002,PLAN1,103.925198,30.720989,1264.0,42.99,4.11,0.28
2026-06-04 10:01:16.000,drone_001,PLAN1,104.103843,30.586935,1465.0,94.5,3.39,0.75
2026-06-04 10:01:16.000,drone_002,PLAN1,103.925395,30.72119,1272.8,42.6,3.4,-0.47
2026-06-04 10:01:16.500,drone_001,PLAN1,104.104068,30.587048,1474.9,94.04,3.93,-0.09
2026-06-04 10:01:16.500,drone_002,PLAN1,103.925537,30.721371,1280.7,43.06,3.68,-0.53
2026-06-04 10:01:17.000,drone_001,PLAN1,104.104323,30.587127,1486.4,94.16,4.28,-0.25
2026-06-04 10:01:17.000,drone_002,PLAN1,103.925735,30.721455,1287.4,42.63,3.61,-0.21
2026-06-04 10:01:17.500,drone_001,PLAN1,104.104582,30.587298,1495.7,94.44,3.65,0.35
2026-06-04 10:01:17.500,drone_002,PLAN1,103.925942,30.7216,1295.7,42.26,3.97,-0.37
2026-06-04 10:01:18.000,drone_001,PLAN1,104.10479,30.587401,1507.0,94.4,3.7,0.66
2026-06-04 10:01:18.000,drone_002,PLAN1,103.926093,30.721776,1305.3,42.74,2.59,-0.01
2026-06-04 10:01:18.500,drone_001,PLAN1,104.104998,30.587559,1515.8,94.21,4.07,-0.52
2026-06-04 10:01:18.500,drone_002,PLAN1,103.926206,30.721886,1311.6,42.85,3.38,-0.5
2026-06-04 10:01:19.000,drone_001,PLAN1,104.105227,30.587638,1529.5,94.63,3.92,-0.47
2026-06-04 10:01:19.000,drone_002,PLAN1,103.926396,30.722011,1321.2,42.78,3.04,0.31
2026-06-04 10:01:19.500,drone_001,PLAN1,104.105433,30.587719,1537.4,93.93,3.46,-0.13
2026-06-04 10:01:19.500,drone_002,PLAN1,103.926589,30.722185,1327.3,42.96,3.21,0.07
2026-06-04 10:01:20.000,drone_001,PLAN1,104.105667,30.587847,1546.6,94.02,4.76,-0.61
2026-06-04 10:01:20.000,drone_002,PLAN1,103.926697,30.722297,1337.1,42.93,2.6,-0.38
2026-06-04 10:01:20.500,drone_001,PLAN1,104.105831,30.587999,1557.3,94.31,4.86,-0.82
2026-06-04 10:01:20.500,drone_002,PLAN1,103.92688,30.722407,1345.7,42.65,4.06,-0.58
2026-06-04 10:01:21.000,drone_001,PLAN1,104.106124,30.588056,1568.3,94.75,3.35,0.69
2026-06-04 10:01:21.000,drone_002,PLAN1,103.927104,30.722554,1354.7,42.68,3.46,0.13
2026-06-04 10:01:21.500,drone_001,PLAN1,104.106338,30.588169,1577.6,94.89,3.64,-0.01
2026-06-04 10:01:21.500,drone_002,PLAN1,103.927281,30.722715,1362.6,42.87,3.65,0.71
2026-06-04 10:01:22.000,drone_001,PLAN1,104.106562,30.588262,1589.3,94.05,2.55,0.57
2026-06-04 10:01:22.000,drone_002,PLAN1,103.927455,30.722829,1369.5,43.2,3.2,-0.28
2026-06-04 10:01:22.500,drone_001,PLAN1,104.10678,30.588382,1599.7,94.38,3.35,0.55
2026-06-04 10:01:22.500,drone_002,PLAN1,103.927595,30.722974,1378.8,42.95,4.22,-0.05
2026-06-04 10:01:23.000,drone_001,PLAN1,104.106945,30.588488,1607.2,94.99,4.1,-0.13
2026-06-04 10:01:23.000,drone_002,PLAN1,103.927737,30.72317,1386.7,42.55,3.23,0.76
2026-06-04 10:01:23.500,drone_001,PLAN1,104.10726,30.588633,1619.3,95.27,3.8,-0.16
2026-06-04 10:01:23.500,drone_002,PLAN1,103.927877,30.723288,1395.1,42.67,3.52,-0.06
2026-06-04 10:01:24.000,drone_001,PLAN1,104.107449,30.588732,1631.1,94.62,4.09,-0.13
2026-06-04 10:01:24.000,drone_002,PLAN1,103.928092,30.723368,1405.3,42.43,3.78,0.42
2026-06-04 10:01:24.500,drone_001,PLAN1,104.107662,30.588809,1640.3,94.84,3.46,-0.09
2026-06-04 10:01:24.500,drone_002,PLAN1,103.92826,30.723479,1412.2,42.94,2.95,-0.1
2026-06-04 10:01:25.000,drone_001,PLAN1,104.107865,30.588942,1651.0,95.06,4.2,-0.07
2026-06-04 10:01:25.000,drone_002,PLAN1,103.928421,30.723711,1421.0,42.68,2.88,-1.26
2026-06-04 10:01:25.500,drone_001,PLAN1,104.108169,30.589049,1662.4,94.45,3.45,0.31
2026-06-04 10:01:25.500,drone_002,PLAN1,103.928557,30.723812,1428.8,42.55,3.1,0.23
2026-06-04 10:01:26.000,drone_001,PLAN1,104.10831,30.589222,1671.5,94.94,4.08,0.44
2026-06-04 10:01:26.000,drone_002,PLAN1,103.928787,30.723936,1439.2,42.64,3.67,0.64
2026-06-04 10:01:26.500,drone_001,PLAN1,104.108551,30.589336,1683.1,94.84,4.13,-0.22
2026-06-04 10:01:26.500,drone_002,PLAN1,103.928923,30.724074,1445.7,42.24,3.41,0.24
2026-06-04 10:01:27.000,drone_001,PLAN1,104.10878,30.589401,1691.5,95.34,4.31,-0.54
2026-06-04 10:01:27.000,drone_002,PLAN1,103.92908,30.724246,1454.1,42.57,4.21,0.39
2026-06-04 10:01:27.500,drone_001,PLAN1,104.109006,30.589476,1702.9,95.0,4.14,0.16
2026-06-04 10:01:27.500,drone_002,PLAN1,103.929227,30.724402,1460.9,41.72,3.65,-0.4
2026-06-04 10:01:28.000,drone_001,PLAN1,104.109268,30.589624,1713.2,94.53,4.45,0.59
2026-06-04 10:01:28.000,drone_002,PLAN1,103.929407,30.724511,1470.5,42.57,3.65,-0.13
2026-06-04 10:01:28.500,drone_001,PLAN1,104.109465,30.589741,1725.2,94.62,3.84,0.06
2026-06-04 10:01:28.500,drone_002,PLAN1,103.92953,30.724631,1478.9,42.88,3.47,-0.74
2026-06-04 10:01:29.000,drone_001,PLAN1,104.109627,30.589784,1733.4,94.87,4.75,-0.78
2026-06-04 10:01:29.000,drone_002,PLAN1,103.929746,30.724792,1487.9,42.41,3.14,0.23
2026-06-04 10:01:29.500,drone_001,PLAN1,104.109938,30.589975,1744.1,94.89,5.1,0.49
2026-06-04 10:01:29.500,drone_002,PLAN1,103.929969,30.724913,1496.2,42.85,2.94,-0.46
2026-06-04 10:01:30.000,drone_001,PLAN1,104.110036,30.590124,1753.8,95.75,3.15,0.51
2026-06-04 10:01:30.000,drone_002,PLAN1,103.930095,30.725105,1505.3,42.58,2.49,-0.6
2026-06-04 10:01:30.500,drone_001,PLAN1,104.110355,30.590184,1765.4,95.21,4.17,-0.09
2026-06-04 10:01:30.500,drone_002,PLAN1,103.930219,30.725158,1512.4,42.57,4.34,-0.07
2026-06-04 10:01:31.000,drone_001,PLAN1,104.110556,30.59025,1775.2,94.88,3.48,0.49
2026-06-04 10:01:31.000,drone_002,PLAN1,103.930459,30.725336,1522.9,42.29,4.53,-0.07
2026-06-04 10:01:31.500,drone_001,PLAN1,104.110807,30.590343,1785.6,95.03,4.44,-0.49
2026-06-04 10:01:31.500,drone_002,PLAN1,103.930595,30.72551,1529.8,42.16,2.52,-0.23
2026-06-04 10:01:32.000,drone_001,PLAN1,104.111019,30.590472,1797.1,95.22,3.31,-0.3
2026-06-04 10:01:32.000,drone_002,PLAN1,103.930743,30.725623,1538.7,42.23,3.68,0.71
2026-06-04 10:01:32.500,drone_001,PLAN1,104.111268,30.590611,1806.9,95.19,4.0,0.24
2026-06-04 10:01:32.500,drone_002,PLAN1,103.93089,30.725756,1546.7,42.55,3.76,0.77
2026-06-04 10:01:33.000,drone_001,PLAN1,104.111485,30.590736,1817.6,94.79,4.17,0.25
2026-06-04 10:01:33.000,drone_002,PLAN1,103.931142,30.725921,1555.4,42.68,3.37,0.01
2026-06-04 10:01:33.500,drone_001,PLAN1,104.111634,30.590815,1827.6,95.58,4.42,-0.15
2026-06-04 10:01:33.500,drone_002,PLAN1,103.931279,30.72606,1562.8,42.08,3.42,-1.4
2026-06-04 10:01:34.000,drone_001,PLAN1,104.111874,30.590955,1837.9,95.33,5.05,-0.59
2026-06-04 10:01:34.000,drone_002,PLAN1,103.93143,30.726102,1571.0,42.56,3.86,0.42
2026-06-04 10:01:34.500,drone_001,PLAN1,104.112106,30.591072,1850.4,95.34,4.78,-0.77
2026-06-04 10:01:34.500,drone_002,PLAN1,103.931624,30.726384,1579.6,42.21,3.67,-0.76
2026-06-04 10:01:35.000,drone_001,PLAN1,104.112384,30.591119,1859.9,95.06,3.97,0.21
2026-06-04 10:01:35.000,drone_002,PLAN1,103.931749,30.726494,1587.0,42.3,3.93,-0.0
2026-06-04 10:01:35.500,drone_001,PLAN1,104.112613,30.591265,1870.5,95.26,4.79,-0.19
2026-06-04 10:01:35.500,drone_002,PLAN1,103.931897,30.72663,1595.1,42.13,3.47,0.47
2026-06-04 10:01:36.000,drone_001,PLAN1,104.112768,30.591362,1879.7,95.12,3.36,0.02
2026-06-04 10:01:36.000,drone_002,PLAN1,103.932101,30.726712,1604.5,42.34,3.82,-0.02
2026-06-04 10:01:36.500,drone_001,PLAN1,104.11299,30.591525,1891.8,96.01,4.03,0.23
2026-06-04 10:01:36.500,drone_002,PLAN1,103.932266,30.726897,1614.0,42.28,4.13,-0.27
2026-06-04 10:01:37.000,drone_001,PLAN1,104.113196,30.591579,1901.8,95.92,4.95,-0.13
2026-06-04 10:01:37.000,drone_002,PLAN1,103.932444,30.727052,1621.8,42.0,3.5,-0.63
2026-06-04 10:01:37.500,drone_001,PLAN1,104.113471,30.591729,1912.0,95.01,3.51,0.08
2026-06-04 10:01:37.500,drone_002,PLAN1,103.932593,30.727202,1628.9,42.75,3.32,-0.58
2026-06-04 10:01:38.000,drone_001,PLAN1,104.113674,30.591811,1921.1,95.64,4.59,0.55
2026-06-04 10:01:38.000,drone_002,PLAN1,103.932743,30.727334,1636.9,42.2,4.12,0.4
2026-06-04 10:01:38.500,drone_001,PLAN1,104.113884,30.591908,1932.3,95.86,4.36,0.04
2026-06-04 10:01:38.500,drone_002,PLAN1,103.93292,30.727435,1644.1,42.74,3.73,-0.04
2026-06-04 10:01:39.000,drone_001,PLAN1,104.1141,30.592068,1942.0,95.69,4.15,0.25
2026-06-04 10:01:39.000,drone_002,PLAN1,103.933064,30.727522,1654.7,41.78,3.71,-0.5
2026-06-04 10:01:39.500,drone_001,PLAN1,104.114322,30.592133,1951.1,94.9,4.23,-0.55
2026-06-04 10:01:39.500,drone_002,PLAN1,103.933249,30.727786,1662.5,42.61,3.51,-0.13
2026-06-04 10:01:40.000,drone_001,PLAN1,104.11458,30.592359,1963.2,95.54,4.39,0.04
2026-06-04 10:01:40.000,drone_002,PLAN1,103.933398,30.727883,1670.3,42.2,3.16,-0.12
2026-06-04 10:01:40.500,drone_001,PLAN1,104.114808,30.592414,1973.0,95.49,3.85,-0.59
2026-06-04 10:01:40.500,drone_002,PLAN1,103.933625,30.727939,1679.1,41.92,3.98,-0.73
2026-06-04 10:01:41.000,drone_001,PLAN1,104.114983,30.592546,1983.8,95.69,4.06,-0.11
2026-06-04 10:01:41.000,drone_002,PLAN1,103.933797,30.72815,1686.4,42.27,4.13,0.6
2026-06-04 10:01:41.500,drone_001,PLAN1,104.115236,30.592643,1995.5,95.26,4.25,0.01
2026-06-04 10:01:41.500,drone_002,PLAN1,103.933915,30.728257,1694.6,42.86,3.02,0.33
2026-06-04 10:01:42.000,drone_001,PLAN1,104.115428,30.592721,2003.7,95.84,3.88,0.03
2026-06-04 10:01:42.000,drone_002,PLAN1,103.934078,30.728398,1703.5,42.14,2.73,-0.35
2026-06-04 10:01:42.500,drone_001,PLAN1,104.115628,30.592822,2011.7,95.47,4.12,0.14
2026-06-04 10:01:42.500,drone_002,PLAN1,103.934297,30.728512,1712.2,41.78,2.7,-0.42
2026-06-04 10:01:43.000,drone_001,PLAN1,104.115921,30.592914,2023.8,95.72,4.18,-0.34
2026-06-04 10:01:43.000,drone_002,PLAN1,103.934452,30.728689,1719.8,41.9,2.98,-0.15
2026-06-04 10:01:43.500,drone_001,PLAN1,104.116133,30.593054,2034.4,95.82,3.82,-0.19
2026-06-04 10:01:43.500,drone_002,PLAN1,103.93461,30.728834,1729.1,41.9,3.68,0.18
2026-06-04 10:01:44.000,drone_001,PLAN1,104.116356,30.593176,2045.6,95.35,4.57,0.47
2026-06-04 10:01:44.000,drone_002,PLAN1,103.934723,30.728957,1735.4,42.36,3.45,-0.53
2026-06-04 10:01:44.500,drone_001,PLAN1,104.116542,30.593281,2055.2,95.47,4.47,-0.25
2026-06-04 10:01:44.500,drone_002,PLAN1,103.935013,30.729101,1742.4,41.86,4.28,0.31
2026-06-04 10:01:45.000,drone_001,PLAN1,104.116833,30.593389,2066.4,95.8,4.35,-0.01
2026-06-04 10:01:45.000,drone_002,PLAN1,103.935069,30.729268,1752.2,41.95,2.57,0.89
2026-06-04 10:01:45.500,drone_001,PLAN1,104.117003,30.593522,2074.2,96.05,4.06,-0.01
2026-06-04 10:01:45.500,drone_002,PLAN1,103.935305,30.729414,1759.5,41.89,2.94,-0.91
2026-06-04 10:01:46.000,drone_001,PLAN1,104.117246,30.593592,2087.0,95.63,3.89,-0.01
2026-06-04 10:01:46.000,drone_002,PLAN1,103.935434,30.729496,1769.1,41.65,3.86,-0.24
2026-06-04 10:01:46.500,drone_001,PLAN1,104.1175,30.593707,2093.6,95.25,3.75,-0.44
2026-06-04 10:01:46.500,drone_002,PLAN1,103.935612,30.729677,1776.7,42.13,3.98,-0.34
2026-06-04 10:01:47.000,drone_001,PLAN1,104.117697,30.59385,2107.1,95.84,3.41,-0.8
2026-06-04 10:01:47.000,drone_002,PLAN1,103.935719,30.729817,1786.7,41.81,3.03,-0.38
2026-06-04 10:01:47.500,drone_001,PLAN1,104.117976,30.593937,2116.7,96.46,4.12,0.65
2026-06-04 10:01:47.500,drone_002,PLAN1,103.935911,30.729933,1793.9,42.31,3.6,-0.59
2026-06-04 10:01:48.000,drone_001,PLAN1,104.118135,30.594044,2126.5,96.06,3.63,1.01
2026-06-04 10:01:48.000,drone_002,PLAN1,103.936152,30.730098,1801.7,42.55,4.14,-0.83
2026-06-04 10:01:48.500,drone_001,PLAN1,104.118364,30.594165,2135.2,95.65,4.62,-0.49
2026-06-04 10:01:48.500,drone_002,PLAN1,103.9363,30.73022,1808.7,41.68,2.76,-0.14
2026-06-04 10:01:49.000,drone_001,PLAN1,104.1186,30.594324,2145.5,95.86,3.75,0.14
2026-06-04 10:01:49.000,drone_002,PLAN1,103.936421,30.730329,1816.3,41.48,3.33,0.05
2026-06-04 10:01:49.500,drone_001,PLAN1,104.118832,30.594378,2154.5,96.03,4.72,-0.16
2026-06-04 10:01:49.500,drone_002,PLAN1,103.936623,30.730478,1825.3,42.53,3.42,-0.39
2026-06-04 10:01:50.000,drone_001,PLAN1,104.119065,30.594529,2166.3,96.41,5.05,-0.32
2026-06-04 10:01:50.000,drone_002,PLAN1,103.936786,30.730656,1831.7,41.76,2.9,-0.03
2026-06-04 10:01:50.500,drone_001,PLAN1,104.119292,30.594678,2176.5,96.26,4.27,-0.43
2026-06-04 10:01:50.500,drone_002,PLAN1,103.936937,30.730781,1839.7,42.06,3.57,0.7
2026-06-04 10:01:51.000,drone_001,PLAN1,104.119487,30.594729,2185.1,95.6,3.33,-0.87
2026-06-04 10:01:51.000,drone_002,PLAN1,103.937104,30.730914,1848.8,41.81,3.91,0.3
2026-06-04 10:01:51.500,drone_001,PLAN1,104.119687,30.594838,2195.8,96.04,4.38,0.43
2026-06-04 10:01:51.500,drone_002,PLAN1,103.937282,30.731105,1856.5,41.72,3.01,0.59
2026-06-04 10:01:52.000,drone_001,PLAN1,104.119911,30.594967,2205.1,96.46,4.78,0.25
2026-06-04 10:01:52.000,drone_002,PLAN1,103.937446,30.731203,1864.3,41.58,3.45,-0.83
2026-06-04 10:01:52.500,drone_001,PLAN1,104.120108,30.595085,2215.4,96.24,3.99,-0.05
2026-06-04 10:01:52.500,drone_002,PLAN1,103.937595,30.731377,1873.1,41.85,3.72,-0.75
2026-06-04 10:01:53.000,drone_001,PLAN1,104.120386,30.595198,2224.9,96.51,3.23,0.25
2026-06-04 10:01:53.000,drone_002,PLAN1,103.937754,30.731486,1879.1,42.22,3.02,-1.03
2026-06-04 10:01:53.500,drone_001,PLAN1,104.120592,30.595371,2235.2,96.44,3.09,0.38
2026-06-04 10:01:53.500,drone_002,PLAN1,103.937875,30.731615,1887.3,42.03,3.44,0.16
2026-06-04 10:01:54.000,drone_001,PLAN1,104.120846,30.595424,2244.1,96.1,3.36,-0.1
2026-06-04 10:01:54.000,drone_002,PLAN1,103.938156,30.731734,1896.2,41.57,3.89,-1.32
2026-06-04 10:01:54.500,drone_001,PLAN1,104.121038,30.595473,2254.7,96.05,4.7,-0.26
2026-06-04 10:01:54.500,drone_002,PLAN1,103.938278,30.731915,1903.8,42.0,3.29,-0.27
2026-06-04 10:01:55.000,drone_001,PLAN1,104.121262,30.59567,2262.1,96.16,3.42,-0.23
2026-06-04 10:01:55.000,drone_002,PLAN1,103.938462,30.732022,1909.3,42.34,3.43,0.31
2026-06-04 10:01:55.500,drone_001,PLAN1,104.121528,30.595726,2273.4,95.91,4.44,-0.71
2026-06-04 10:01:55.500,drone_002,PLAN1,103.938596,30.732139,1919.1,41.73,3.25,-0.42
2026-06-04 10:01:56.000,drone_001,PLAN1,104.121653,30.595887,2282.2,96.52,5.25,-0.28
2026-06-04 10:01:56.000,drone_002,PLAN1,103.938748,30.732311,1925.8,42.07,3.28,-0.25
2026-06-04 10:01:56.500,drone_001,PLAN1,104.121978,30.596018,2293.9,96.74,4.45,-0.31
2026-06-04 10:01:56.500,drone_002,PLAN1,103.938994,30.732463,1933.9,41.84,3.41,0.15
2026-06-04 10:01:57.000,drone_001,PLAN1,104.122145,30.596112,2302.9,96.72,3.65,0.47
2026-06-04 10:01:57.000,drone_002,PLAN1,103.939117,30.732594,1942.3,41.56,3.54,-0.49
2026-06-04 10:01:57.500,drone_001,PLAN1,104.122333,30.596178,2310.5,96.51,3.04,-0.04
2026-06-04 10:01:57.500,drone_002,PLAN1,103.939307,30.732726,1948.7,41.8,3.31,-0.18
2026-06-04 10:01:58.000,drone_001,PLAN1,104.122636,30.596314,2319.7,96.75,4.9,0.61
2026-06-04 10:01:58.000,drone_002,PLAN1,103.939413,30.732822,1955.5,42.05,3.72,-0.08
2026-06-04 10:01:58.500,drone_001,PLAN1,104.122848,30.596398,2331.3,96.71,3.0,-0.63
2026-06-04 10:01:58.500,drone_002,PLAN1,103.939557,30.733001,1963.1,41.18,3.57,0.72
2026-06-04 10:01:59.000,drone_001,PLAN1,104.122994,30.596483,2338.9,96.68,4.36,-0.95
2026-06-04 10:01:59.000,drone_002,PLAN1,103.939753,30.733131,1971.2,41.81,3.9,-0.09
2026-06-04 10:01:59.500,drone_001,PLAN1,104.123245,30.596582,2349.3,95.8,3.71,-0.58
2026-06-04 10:01:59.500,drone_002,PLAN1,103.93994,30.733281,1979.2,41.89,4.3,-0.06
2026-06-04 10:02:00.000,drone_001,PLAN1,104.123481,30.596794,2359.7,96.83,3.74,-0.3
2026-06-04 10:02:00.000,drone_002,PLAN1,103.940107,30.733458,1987.2,41.8,3.37,-0.2
2026-06-04 10:02:00.500,drone_001,PLAN1,104.123717,30.596835,2367.6,96.45,4.03,-0.49
2026-06-04 10:02:00.500,drone_002,PLAN1,103.940322,30.73351,1993.1,42.12,3.49,0.21
2026-06-04 10:02:01.000,drone_001,PLAN1,104.123938,30.596957,2375.6,97.21,3.51,-0.15
2026-06-04 10:02:01.000,drone_002,PLAN1,103.94039,30.73369,1999.1,42.11,3.55,0.14
2026-06-04 10:02:01.500,drone_001,PLAN1,104.12415,30.597053,2383.2,96.68,4.41,0.37
2026-06-04 10:02:01.500,drone_002,PLAN1,103.940566,30.733852,2008.7,41.24,4.11,0.26
2026-06-04 10:02:02.000,drone_001,PLAN1,104.124375,30.597202,2393.2,96.42,3.71,0.4
2026-06-04 10:02:02.000,drone_002,PLAN1,103.94081,30.733971,2017.5,41.36,3.35,-0.11
2026-06-04 10:02:02.500,drone_001,PLAN1,104.124556,30.59737,2403.9,96.73,4.15,-0.4
2026-06-04 10:02:02.500,drone_002,PLAN1,103.940934,30.734134,2022.1,41.81,2.93,0.62
2026-06-04 10:02:03.000,drone_001,PLAN1,104.124806,30.597393,2413.5,97.65,3.75,0.51
2026-06-04 10:02:03.000,drone_002,PLAN1,103.941116,30.734312,2030.0,41.27,4.19,0.09
2026-06-04 10:02:03.500,drone_001,PLAN1,104.125055,30.597542,2422.0,96.91,3.79,-0.41
2026-06-04 10:02:03.500,drone_002,PLAN1,103.941292,30.734442,2038.1,41.32,3.63,-0.92
2026-06-04 10:02:04.000,drone_001,PLAN1,104.125232,30.597545,2431.2,96.61,4.42,-1.18
2026-06-04 10:02:04.000,drone_002,PLAN1,103.941436,30.734481,2043.5,41.7,3.4,-0.05
2026-06-04 10:02:04.500,drone_001,PLAN1,104.125466,30.597746,2441.1,96.92,4.0,-0.32
2026-06-04 10:02:04.500,drone_002,PLAN1,103.941622,30.734639,2053.6,41.41,4.13,-0.1
2026-06-04 10:02:05.000,drone_001,PLAN1,104.125691,30.597873,2447.8,96.73,3.72,0.58
2026-06-04 10:02:05.000,drone_002,PLAN1,103.941814,30.734878,2059.8,41.27,4.62,-0.46
2026-06-04 10:02:05.500,drone_001,PLAN1,104.125943,30.597959,2457.1,96.97,3.19,0.44
2026-06-04 10:02:05.500,drone_002,PLAN1,103.94196,30.73499,2065.4,41.68,3.31,0.19
2026-06-04 10:02:06.000,drone_001,PLAN1,104.126151,30.598174,2466.4,97.36,3.6,-0.21
2026-06-04 10:02:06.000,drone_002,PLAN1,103.942087,30.735149,2072.3,41.67,4.01,0.23
2026-06-04 10:02:06.500,drone_001,PLAN1,104.126324,30.598195,2475.2,97.21,4.66,0.59
2026-06-04 10:02:06.500,drone_002,PLAN1,103.942245,30.735228,2080.2,41.31,3.25,0.39
2026-06-04 10:02:07.000,drone_001,PLAN1,104.126625,30.598295,2482.3,97.27,4.03,0.49
2026-06-04 10:02:07.000,drone_002,PLAN1,103.942494,30.735372,2087.5,40.85,3.91,-0.31
2026-06-04 10:02:07.500,drone_001,PLAN1,104.126814,30.5984,2491.2,96.78,4.18,1.03
2026-06-04 10:02:07.500,drone_002,PLAN1,103.942613,30.735525,2096.0,41.16,3.17,-0.47
2026-06-04 10:02:08.000,drone_001,PLAN1,104.127048,30.598566,2500.6,97.26,4.2,-0.53
2026-06-04 10:02:08.000,drone_002,PLAN1,103.942822,30.735633,2099.7,41.76,3.65,0.15
2026-06-04 10:02:08.500,drone_001,PLAN1,104.127235,30.598627,2509.3,97.23,3.84,0.9
2026-06-04 10:02:08.500,drone_002,PLAN1,103.942923,30.735809,2109.5,41.25,3.34,-0.19
2026-06-04 10:02:09.000,drone_001,PLAN1,104.127469,30.598764,2518.0,97.29,4.12,0.9
2026-06-04 10:02:09.000,drone_002,PLAN1,103.943105,30.735851,2114.6,41.63,3.11,-0.81
2026-06-04 10:02:09.500,drone_001,PLAN1,104.127755,30.598854,2524.0,97.21,3.67,0.65
2026-06-04 10:02:09.500,drone_002,PLAN1,103.943281,30.736051,2120.5,42.03,3.01,0.39
2026-06-04 10:02:10.000,drone_001,PLAN1,104.127909,30.598954,2535.3,97.13,4.25,-0.12
2026-06-04 10:02:10.000,drone_002,PLAN1,103.943433,30.736176,2128.6,41.86,3.69,0.17
2026-06-04 10:02:10.500,drone_001,PLAN1,104.128142,30.59902,2543.6,97.64,4.6,-0.76
2026-06-04 10:02:10.500,drone_002,PLAN1,103.943647,30.736342,2135.5,41.23,4.1,0.05
2026-06-04 10:02:11.000,drone_001,PLAN1,104.128381,30.599229,2551.1,97.06,4.04,0.19
2026-06-04 10:02:11.000,drone_002,PLAN1,103.943759,30.736489,2141.4,41.73,3.37,-1.1
2026-06-04 10:02:11.500,drone_001,PLAN1,104.128593,30.59931,2559.6,97.18,3.84,0.29
2026-06-04 10:02:11.500,drone_002,PLAN1,103.943985,30.736661,2147.7,40.92,4.74,0.99
2026-06-04 10:02:12.000,drone_001,PLAN1,104.128856,30.599375,2567.6,97.15,4.94,-0.5
2026-06-04 10:02:12.000,drone_002,PLAN1,103.944072,30.736793,2155.3,41.08,3.42,-0.25
2026-06-04 10:02:12.500,drone_001,PLAN1,104.129084,30.599487,2576.3,97.63,4.31,-0.61
2026-06-04 10:02:12.500,drone_002,PLAN1,103.944321,30.736889,2160.8,41.58,3.28,0.09
2026-06-04 10:02:13.000,drone_001,PLAN1,104.129284,30.599657,2582.6,96.73,4.05,-0.85
2026-06-04 10:02:13.000,drone_002,PLAN1,103.94442,30.737027,2167.1,41.91,4.73,-0.43
2026-06-04 10:02:13.500,drone_001,PLAN1,104.129433,30.599775,2591.1,97.49,3.93,0.17
2026-06-04 10:02:13.500,drone_002,PLAN1,103.944604,30.737196,2172.7,41.26,3.42,0.75
2026-06-04 10:02:14.000,drone_001,PLAN1,104.129743,30.599848,2600.1,97.65,3.84,0.37
2026-06-04 10:02:14.000,drone_002,PLAN1,103.944728,30.73732,2179.7,40.83,3.12,0.37
2026-06-04 10:02:14.500,drone_001,PLAN1,104.129971,30.599956,2608.1,97.3,3.78,0.17
2026-06-04 10:02:14.500,drone_002,PLAN1,103.944952,30.737456,2186.4,41.32,3.52,0.16
2026-06-04 10:02:15.000,drone_001,PLAN1,104.13014,30.600086,2613.3,97.75,3.82,-0.8
2026-06-04 10:02:15.000,drone_002,PLAN1,103.945159,30.737625,2192.4,41.63,4.29,0.21
2026-06-04 10:02:15.500,drone_001,PLAN1,104.130418,30.600246,2622.9,97.9,3.89,0.04
2026-06-04 10:02:15.500,drone_002,PLAN1,103.945333,30.737818,2199.8,41.14,3.29,0.09
2026-06-04 10:02:16.000,drone_001,PLAN1,104.130585,30.600314,2631.7,97.88,4.22,0.09
2026-06-04 10:02:16.000,drone_002,PLAN1,103.945447,30.73788,2205.8,41.58,2.74,-0.5
2026-06-04 10:02:16.500,drone_001,PLAN1,104.130781,30.600397,2639.8,97.67,3.8,0.44
2026-06-04 10:02:16.500,drone_002,PLAN1,103.945646,30.738067,2209.6,41.2,4.33,0.14
2026-06-04 10:02:17.000,drone_001,PLAN1,104.131122,30.600496,2647.1,97.87,4.85,-0.51
2026-06-04 10:02:17.000,drone_002,PLAN1,103.945782,30.73812,2217.7,41.48,3.14,-0.39
2026-06-04 10:02:17.500,drone_001,PLAN1,104.131274,30.600615,2655.6,97.83,3.88,0.06
2026-06-04 10:02:17.500,drone_002,PLAN1,103.94596,30.738294,2222.9,41.11,3.52,-0.84
2026-06-04 10:02:18.000,drone_001,PLAN1,104.131505,30.600803,2660.3,97.29,4.07,-0.37
2026-06-04 10:02:18.000,drone_002,PLAN1,103.946127,30.73847,2227.9,41.11,3.63,0.28
2026-06-04 10:02:18.500,drone_001,PLAN1,104.13172,30.600801,2668.7,97.52,3.35,-0.45
2026-06-04 10:02:18.500,drone_002,PLAN1,103.946331,30.738535,2234.4,41.14,3.76,0.29
2026-06-04 10:02:19.000,drone_001,PLAN1,104.131944,30.600975,2676.7,98.56,3.68,0.24
2026-06-04 10:02:19.000,drone_002,PLAN1,103.946479,30.738694,2242.1,40.81,4.03,-0.67
2026-06-04 10:02:19.500,drone_001,PLAN1,104.132168,30.601106,2683.1,97.53,3.6,-0.16
2026-06-04 10:02:19.500,drone_002,PLAN1,103.946618,30.738816,2246.2,41.23,3.76,-0.66
2026-06-04 10:02:20.000,drone_001,PLAN1,104.132428,30.601198,2692.0,97.35,3.94,-0.35
2026-06-04 10:02:20.000,drone_002,PLAN1,103.946816,30.739017,2252.5,41.21,2.92,-0.06
2026-06-04 10:02:20.500,drone_001,PLAN1,104.132643,30.601304,2698.0,97.66,4.74,0.46
2026-06-04 10:02:20.500,drone_002,PLAN1,103.946964,30.739095,2257.3,41.43,3.73,-0.64
2026-06-04 10:02:21.000,drone_001,PLAN1,104.132846,30.601402,2703.6,97.19,4.14,-0.42
2026-06-04 10:02:21.000,drone_002,PLAN1,103.947169,30.739238,2264.8,40.92,3.46,0.21
2026-06-04 10:02:21.500,drone_001,PLAN1,104.133058,30.601502,2711.2,97.69,4.01,-0.11
2026-06-04 10:02:21.500,drone_002,PLAN1,103.947315,30.739382,2268.6,40.46,3.84,0.21
2026-06-04 10:02:22.000,drone_001,PLAN1,104.133292,30.601657,2717.2,97.92,4.68,-0.05
2026-06-04 10:02:22.000,drone_002,PLAN1,103.947483,30.739538,2274.1,40.98,3.73,0.76
2026-06-04 10:02:22.500,drone_001,PLAN1,104.133516,30.601778,2725.5,97.72,4.29,0.03
2026-06-04 10:02:22.500,drone_002,PLAN1,103.947618,30.739698,2279.0,41.34,3.7,-0.23
2026-06-04 10:02:23.000,drone_001,PLAN1,104.133682,30.601847,2734.6,98.19,3.73,-0.98
2026-06-04 10:02:23.000,drone_002,PLAN1,103.947823,30.739818,2285.4,40.76,3.26,-0.71
2026-06-04 10:02:23.500,drone_001,PLAN1,104.133985,30.601991,2738.0,98.27,4.86,-0.6
2026-06-04 10:02:23.500,drone_002,PLAN1,103.947973,30.740027,2290.6,41.83,3.85,0.01
2026-06-04 10:02:24.000,drone_001,PLAN1,104.134208,30.602069,2746.7,98.1,3.85,0.14
2026-06-04 10:02:24.000,drone_002,PLAN1,103.948043,30.74009,2296.9,40.97,3.16,0.28
2026-06-04 10:02:24.500,drone_001,PLAN1,104.134347,30.60218,2750.1,98.28,4.56,0.79
2026-06-04 10:02:24.500,drone_002,PLAN1,103.948313,30.740256,2302.4,41.3,3.72,-0.23
2026-06-04 10:02:25.000,drone_001,PLAN1,104.134594,30.602356,2758.2,97.95,3.37,-0.48
2026-06-04 10:02:25.000,drone_002,PLAN1,103.948435,30.7404,2305.2,41.46,3.63,0.1
2026-06-04 10:02:25.500,drone_001,PLAN1,104.134886,30.602465,2764.3,97.86,3.87,-0.84
2026-06-04 10:02:25.500,drone_002,PLAN1,103.948627,30.74054,2313.3,40.93,3.72,0.08
2026-06-04 10:02:26.000,drone_001,PLAN1,104.135099,30.602583,2770.0,98.22,3.68,-0.01
2026-06-04 10:02:26.000,drone_002,PLAN1,103.948768,30.740662,2319.0,41.31,3.34,-0.08
2026-06-04 10:02:26.500,drone_001,PLAN1,104.135291,30.602612,2777.6,98.28,3.73,-0.05
2026-06-04 10:02:26.500,drone_002,PLAN1,103.948994,30.740768,2322.2,40.86,4.02,-1.04
2026-06-04 10:02:27.000,drone_001,PLAN1,104.135482,30.602747,2782.0,98.26,3.8,-0.05
2026-06-04 10:02:27.000,drone_002,PLAN1,103.94912,30.740926,2327.4,40.97,4.09,-0.07
2026-06-04 10:02:27.500,drone_001,PLAN1,104.135773,30.60288,2789.9,97.88,4.2,-0.79
2026-06-04 10:02:27.500,drone_002,PLAN1,103.949304,30.74108,2332.7,41.16,3.35,-0.29
2026-06-04 10:02:28.000,drone_001,PLAN1,104.135925,30.602985,2797.8,98.4,5.09,0.32
2026-06-04 10:02:28.000,drone_002,PLAN1,103.949458,30.741209,2334.4,40.72,3.01,-0.42
2026-06-04 10:02:28.500,drone_001,PLAN1,104.136152,30.603066,2800.8,98.42,3.54,0.03
2026-06-04 10:02:28.500,drone_002,PLAN1,103.949607,30.74134,2341.2,41.18,3.36,1.08
2026-06-04 10:02:29.000,drone_001,PLAN1,104.136436,30.603149,2807.8,99.0,3.42,-0.1
2026-06-04 10:02:29.000,drone_002,PLAN1,103.949836,30.741539,2345.4,41.25,2.92,-0.55
2026-06-04 10:02:29.500,drone_001,PLAN1,104.136663,30.603374,2812.6,98.3,4.22,-0.23
2026-06-04 10:02:29.500,drone_002,PLAN1,103.94993,30.74162,2350.7,40.79,3.78,0.04
2026-06-04 10:02:30.000,drone_001,PLAN1,104.136932,30.603381,2819.9,98.39,4.21,0.54
2026-06-04 10:02:30.000,drone_002,PLAN1,103.950125,30.741743,2356.3,40.49,3.82,-0.31
2026-06-04 10:02:30.500,drone_001,PLAN1,104.137064,30.603546,2824.7,98.03,4.41,-0.06
2026-06-04 10:02:30.500,drone_002,PLAN1,103.950323,30.741984,2360.9,40.49,3.77,0.27
2026-06-04 10:02:31.000,drone_001,PLAN1,104.137298,30.603661,2831.2,98.16,4.5,-0.72
2026-06-04 10:02:31.000,drone_002,PLAN1,103.950477,30.74206,2365.1,40.7,3.59,0.19
2026-06-04 10:02:31.500,drone_001,PLAN1,104.137503,30.603802,2834.3,98.51,5.54,0.53
2026-06-04 10:02:31.500,drone_002,PLAN1,103.950684,30.742203,2368.0,40.85,2.29,-0.02
2026-06-04 10:02:32.000,drone_001,PLAN1,104.137742,30.60388,2842.5,98.49,4.3,0.28
2026-06-04 10:02:32.000,drone_002,PLAN1,103.95079,30.742344,2374.0,40.75,4.03,-0.11
2026-06-04 10:02:32.500,drone_001,PLAN1,104.138002,30.603977,2847.2,98.55,4.47,1.17
2026-06-04 10:02:32.500,drone_002,PLAN1,103.950939,30.742493,2378.4,40.65,2.99,-0.07
2026-06-04 10:02:33.000,drone_001,PLAN1,104.138248,30.604087,2853.6,98.3,4.52,-0.2
2026-06-04 10:02:33.000,drone_002,PLAN1,103.95115,30.742585,2383.4,40.67,3.99,-0.18
2026-06-04 10:02:33.500,drone_001,PLAN1,104.138393,30.604232,2858.8,98.71,4.23,0.36
2026-06-04 10:02:33.500,drone_002,PLAN1,103.951328,30.742755,2385.6,40.47,3.12,0.11
2026-06-04 10:02:34.000,drone_001,PLAN1,104.138616,30.604331,2863.8,98.79,4.35,0.59
2026-06-04 10:02:34.000,drone_002,PLAN1,103.951509,30.742938,2390.3,40.5,4.1,-0.21
2026-06-04 10:02:34.500,drone_001,PLAN1,104.138835,30.604435,2867.2,98.12,3.96,-0.82
2026-06-04 10:02:34.500,drone_002,PLAN1,103.951663,30.743106,2395.5,40.99,4.24,0.11
2026-06-04 10:02:35.000,drone_001,PLAN1,104.139075,30.604524,2873.1,98.82,3.91,0.02
2026-06-04 10:02:35.000,drone_002,PLAN1,103.951789,30.743199,2399.0,40.52,3.68,0.66
2026-06-04 10:02:35.500,drone_001,PLAN1,104.139304,30.604627,2878.5,98.43,4.44,-0.8
2026-06-04 10:02:35.500,drone_002,PLAN1,103.951981,30.743295,2402.2,40.38,3.56,0.12
2026-06-04 10:02:36.000,drone_001,PLAN1,104.139503,30.604735,2883.5,98.09,3.88,-0.13
2026-06-04 10:02:36.000,drone_002,PLAN1,103.952137,30.743451,2403.9,40.73,3.95,0.08
2026-06-04 10:02:36.500,drone_001,PLAN1,104.139752,30.604875,2885.7,98.82,4.57,-0.43
2026-06-04 10:02:36.500,drone_002,PLAN1,103.952291,30.743568,2410.6,40.68,3.17,0.03
2026-06-04 10:02:37.000,drone_001,PLAN1,104.139972,30.605016,2894.2,98.8,3.33,-0.32
2026-06-04 10:02:37.000,drone_002,PLAN1,103.952488,30.743758,2412.3,41.17,2.58,-0.28
2026-06-04 10:02:37.500,drone_001,PLAN1,104.140219,30.605068,2897.0,99.6,4.23,0.53
2026-06-04 10:02:37.500,drone_002,PLAN1,103.952595,30.743885,2414.8,40.49,2.51,0.59
2026-06-04 10:02:38.000,drone_001,PLAN1,104.14043,30.605194,2901.0,98.68,3.09,-0.35
2026-06-04 10:02:38.000,drone_002,PLAN1,103.952879,30.74398,2420.5,40.52,3.8,0.24
2026-06-04 10:02:38.500,drone_001,PLAN1,104.140622,30.605321,2906.3,99.17,3.46,-0.43
2026-06-04 10:02:38.500,drone_002,PLAN1,103.952992,30.744119,2424.9,40.35,3.75,-0.54
2026-06-04 10:02:39.000,drone_001,PLAN1,104.140855,30.605408,2910.4,98.66,3.73,0.51
2026-06-04 10:02:39.000,drone_002,PLAN1,103.953168,30.744283,2429.3,40.57,3.78,-0.24
2026-06-04 10:02:39.500,drone_001,PLAN1,104.141112,30.605539,2914.2,98.71,3.92,0.13
2026-06-04 10:02:39.500,drone_002,PLAN1,103.953368,30.744438,2431.7,40.94,3.08,-0.18
2026-06-04 10:02:40.000,drone_001,PLAN1,104.141236,30.605651,2919.3,99.28,4.44,0.48
2026-06-04 10:02:40.000,drone_002,PLAN1,103.953465,30.744613,2435.4,40.45,3.91,-0.59
2026-06-04 10:02:40.500,drone_001,PLAN1,104.1415,30.605798,2922.1,98.98,3.83,-0.22
2026-06-04 10:02:40.500,drone_002,PLAN1,103.953665,30.744715,2436.3,40.0,3.34,-0.19
2026-06-04 10:02:41.000,drone_001,PLAN1,104.141767,30.605874,2923.0,98.91,3.98,-0.72
2026-06-04 10:02:41.000,drone_002,PLAN1,103.953787,30.744824,2442.1,40.07,3.63,0.33
2026-06-04 10:02:41.500,drone_001,PLAN1,104.141962,30.605984,2929.2,99.09,4.7,0.16
2026-06-04 10:02:41.500,drone_002,PLAN1,103.953962,30.745046,2444.7,40.84,3.3,-0.39
2026-06-04 10:02:42.000,drone_001,PLAN1,104.142219,30.606066,2934.4,98.7,3.93,0.34
2026-06-04 10:02:42.000,drone_002,PLAN1,103.954156,30.7451,2446.5,40.79,3.33,-0.41
2026-06-04 10:02:42.500,drone_001,PLAN1,104.142401,30.606199,2938.3,98.64,4.38,0.54
2026-06-04 10:02:42.500,drone_002,PLAN1,103.954292,30.745289,2450.5,40.33,3.96,-0.66
2026-06-04 10:02:43.000,drone_001,PLAN1,104.142693,30.6063,2940.7,98.66,3.9,-0.44
2026-06-04 10:02:43.000,drone_002,PLAN1,103.954509,30.745405,2451.3,41.0,3.76,-0.36
2026-06-04 10:02:43.500,drone_001,PLAN1,104.14287,30.606404,2944.7,98.81,3.72,-0.11
2026-06-04 10:02:43.500,drone_002,PLAN1,103.954655,30.745595,2455.8,40.55,3.95,-0.53
2026-06-04 10:02:44.000,drone_001,PLAN1,104.143015,30.60654,2949.7,99.06,4.36,-0.01
2026-06-04 10:02:44.000,drone_002,PLAN1,103.954818,30.745649,2458.7,40.56,3.12,-0.35
2026-06-04 10:02:44.500,drone_001,PLAN1,104.143375,30.606664,2951.6,99.63,3.61,0.06
2026-06-04 10:02:44.500,drone_002,PLAN1,103.955001,30.745805,2458.5,40.32,3.28,-0.15
2026-06-04 10:02:45.000,drone_001,PLAN1,104.14353,30.606775,2954.7,99.27,3.6,-1.08
2026-06-04 10:02:45.000,drone_002,PLAN1,103.955172,30.746021,2463.1,40.44,3.42,-0.13
2026-06-04 10:02:45.500,drone_001,PLAN1,104.143765,30.606882,2956.9,99.67,4.09,-0.11
2026-06-04 10:02:45.500,drone_002,PLAN1,103.955329,30.746117,2465.7,40.18,4.15,-0.51
2026-06-04 10:02:46.000,drone_001,PLAN1,104.143935,30.606967,2959.6,99.75,3.15,-0.09
2026-06-04 10:02:46.000,drone_002,PLAN1,103.95552,30.746195,2467.2,40.32,3.17,-0.78
2026-06-04 10:02:46.500,drone_001,PLAN1,104.144222,30.607105,2962.4,99.1,3.65,-0.33
2026-06-04 10:02:46.500,drone_002,PLAN1,103.955659,30.746386,2470.9,40.35,4.42,-0.68
2026-06-04 10:02:47.000,drone_001,PLAN1,104.144439,30.607185,2965.7,99.19,4.68,0.16
2026-06-04 10:02:47.000,drone_002,PLAN1,103.955813,30.746531,2472.5,40.01,3.36,-0.22
2026-06-04 10:02:47.500,drone_001,PLAN1,104.144699,30.607295,2967.2,99.47,3.34,-0.12
2026-06-04 10:02:47.500,drone_002,PLAN1,103.955983,30.746651,2474.5,40.66,3.31,-0.2
2026-06-04 10:02:48.000,drone_001,PLAN1,104.144904,30.607435,2970.2,99.99,4.05,-0.42
2026-06-04 10:02:48.000,drone_002,PLAN1,103.956147,30.746808,2475.5,40.88,3.31,-0.62
2026-06-04 10:02:48.500,drone_001,PLAN1,104.145099,30.607566,2973.0,99.45,3.16,-0.26
2026-06-04 10:02:48.500,drone_002,PLAN1,103.956331,30.746983,2479.0,39.89,3.62,-0.48
2026-06-04 10:02:49.000,drone_001,PLAN1,104.145346,30.607642,2977.5,99.39,3.03,-0.28
2026-06-04 10:02:49.000,drone_002,PLAN1,103.956513,30.74712,2479.8,40.0,2.96,-1.23
2026-06-04 10:02:49.500,drone_001,PLAN1,104.1455,30.607764,2977.2,99.58,4.27,-0.8
2026-06-04 10:02:49.500,drone_002,PLAN1,103.956659,30.747217,2484.1,39.79,3.43,0.14
2026-06-04 10:02:50.000,drone_001,PLAN1,104.145827,30.607842,2979.9,99.48,3.64,0.21
2026-06-04 10:02:50.000,drone_002,PLAN1,103.956824,30.747364,2482.4,40.1,3.07,0.24
2026-06-04 10:02:50.500,drone_001,PLAN1,104.145986,30.607957,2980.8,99.85,4.39,0.7
2026-06-04 10:02:50.500,drone_002,PLAN1,103.957009,30.74749,2485.3,40.81,4.19,-0.35
2026-06-04 10:02:51.000,drone_001,PLAN1,104.146219,30.60807,2983.7,99.46,4.75,0.31
2026-06-04 10:02:51.000,drone_002,PLAN1,103.957139,30.747635,2486.7,40.37,3.59,0.22
2026-06-04 10:02:51.500,drone_001,PLAN1,104.146397,30.608235,2986.4,99.63,3.75,-0.24
2026-06-04 10:02:51.500,drone_002,PLAN1,103.957319,30.747711,2486.8,40.45,3.89,-0.82
2026-06-04 10:02:52.000,drone_001,PLAN1,104.146644,30.608327,2989.4,99.39,3.85,-0.18
2026-06-04 10:02:52.000,drone_002,PLAN1,103.957497,30.747906,2489.7,40.22,3.79,-0.59
2026-06-04 10:02:52.500,drone_001,PLAN1,104.14684,30.608392,2989.1,99.79,4.05,0.05
2026-06-04 10:02:52.500,drone_002,PLAN1,103.95767,30.748019,2490.3,40.05,3.4,-0.53
2026-06-04 10:02:53.000,drone_001,PLAN1,104.147139,30.608534,2990.8,99.26,3.18,0.69
2026-06-04 10:02:53.000,drone_002,PLAN1,103.957791,30.748134,2493.3,40.41,2.88,-0.09
2026-06-04 10:02:53.500,drone_001,PLAN1,104.147326,30.608634,2991.4,99.84,4.32,0.05
2026-06-04 10:02:53.500,drone_002,PLAN1,103.958015,30.748315,2492.0,39.82,4.66,-0.08
2026-06-04 10:02:54.000,drone_001,PLAN1,104.147608,30.608727,2994.7,99.29,4.02,-0.45
2026-06-04 10:02:54.000,drone_002,PLAN1,103.958167,30.748465,2492.9,40.08,3.58,0.49
2026-06-04 10:02:54.500,drone_001,PLAN1,104.147814,30.608874,2993.9,99.32,2.24,0.2
2026-06-04 10:02:54.500,drone_002,PLAN1,103.958296,30.748589,2495.9,40.09,4.14,-0.75
2026-06-04 10:02:55.000,drone_001,PLAN1,104.147978,30.608966,2995.0,99.96,4.19,0.01
2026-06-04 10:02:55.000,drone_002,PLAN1,103.958504,30.748743,2493.8,40.16,3.78,0.76
2026-06-04 10:02:55.500,drone_001,PLAN1,104.14823,30.609121,2997.6,100.13,3.44,0.34
2026-06-04 10:02:55.500,drone_002,PLAN1,103.958673,30.748849,2498.3,40.38,4.01,-0.15
2026-06-04 10:02:56.000,drone_001,PLAN1,104.148387,30.60923,2996.7,99.66,3.93,0.17
2026-06-04 10:02:56.000,drone_002,PLAN1,103.95889,30.748993,2498.3,39.87,4.53,0.33
2026-06-04 10:02:56.500,drone_001,PLAN1,104.148684,30.609255,2997.2,99.61,3.46,-0.51
2026-06-04 10:02:56.500,drone_002,PLAN1,103.958978,30.749252,2497.1,40.72,2.99,0.12
2026-06-04 10:02:57.000,drone_001,PLAN1,104.148922,30.609468,2998.3,99.5,4.54,-0.53
2026-06-04 10:02:57.000,drone_002,PLAN1,103.959139,30.749296,2499.9,40.24,3.52,-0.17
2026-06-04 10:02:57.500,drone_001,PLAN1,104.149095,30.609568,2999.9,100.32,3.85,-0.3
2026-06-04 10:02:57.500,drone_002,PLAN1,103.959375,30.749499,2499.8,40.35,3.83,0.07
2026-06-04 10:02:58.000,drone_001,PLAN1,104.149384,30.609695,2999.6,100.07,3.57,-0.42
2026-06-04 10:02:58.000,drone_002,PLAN1,103.959425,30.749582,2499.0,40.05,3.61,0.55
2026-06-04 10:02:58.500,drone_001,PLAN1,104.149571,30.60978,2998.2,100.19,4.37,0.49
2026-06-04 10:02:58.500,drone_002,PLAN1,103.959686,30.749718,2497.9,39.21,3.05,0.45
2026-06-04 10:02:59.000,drone_001,PLAN1,104.149778,30.60986,2997.6,100.27,4.05,0.54
2026-06-04 10:02:59.000,drone_002,PLAN1,103.959868,30.749876,2501.3,40.14,3.43,-1.03
2026-06-04 10:02:59.500,drone_001,PLAN1,104.150007,30.610015,3000.7,99.81,4.18,0.42
2026-06-04 10:02:59.500,drone_002,PLAN1,103.960014,30.750052,2499.0,40.27,3.04,-0.41
2026-06-04 10:03:00.000,drone_001,PLAN2,104.149983,30.609967,3000.4,100.5,0.15,28.34
2026-06-04 10:03:00.000,drone_002,PLAN2,103.960009,30.749942,2500.3,39.75,0.01,25.62
2026-06-04 10:03:00.500,drone_001,PLAN2,104.149996,30.60903,3000.7,100.73,0.19,27.97
2026-06-04 10:03:00.500,drone_002,PLAN2,103.959266,30.749484,2499.7,38.8,0.51,25.47
2026-06-04 10:03:01.000,drone_001,PLAN2,104.150012,30.608073,3000.9,101.52,0.05,28.37
2026-06-04 10:03:01.000,drone_002,PLAN2,103.958593,30.749111,2500.0,38.54,-0.67,25.52
2026-06-04 10:03:01.500,drone_001,PLAN2,104.150107,30.607138,3000.5,102.58,-0.5,27.04
2026-06-04 10:03:01.500,drone_002,PLAN2,103.957831,30.748621,2499.1,37.93,0.15,25.57
2026-06-04 10:03:02.000,drone_001,PLAN2,104.1501,30.606142,3000.7,103.19,-0.43,28.64
2026-06-04 10:03:02.000,drone_002,PLAN2,103.957141,30.748133,2499.2,36.73,0.15,25.55
2026-06-04 10:03:02.500,drone_001,PLAN2,104.15018,30.605219,2999.6,103.88,-0.17,27.23
2026-06-04 10:03:02.500,drone_002,PLAN2,103.956417,30.747702,2500.3,36.47,-0.51,26.35
2026-06-04 10:03:03.000,drone_001,PLAN2,104.150142,30.604214,2998.4,104.97,0.32,27.8
2026-06-04 10:03:03.000,drone_002,PLAN2,103.955744,30.747222,2497.7,35.6,0.68,25.71
2026-06-04 10:03:03.500,drone_001,PLAN2,104.150186,30.603249,2998.8,105.1,0.38,28.04
2026-06-04 10:03:03.500,drone_002,PLAN2,103.955017,30.746805,2499.5,34.42,-0.13,25.26
2026-06-04 10:03:04.000,drone_001,PLAN2,104.150237,30.602361,3001.0,105.61,0.49,27.94
2026-06-04 10:03:04.000,drone_002,PLAN2,103.954257,30.746229,2500.5,33.73,1.13,26.71
2026-06-04 10:03:04.500,drone_001,PLAN2,104.150233,30.601364,3000.1,106.54,-0.26,28.13
2026-06-04 10:03:04.500,drone_002,PLAN2,103.95359,30.745827,2499.8,33.38,0.72,25.14
2026-06-04 10:03:05.000,drone_001,PLAN2,104.150286,30.600413,3000.6,107.24,0.28,27.19
2026-06-04 10:03:05.000,drone_002,PLAN2,103.952876,30.745363,2500.9,32.51,0.15,25.41
2026-06-04 10:03:05.500,drone_001,PLAN2,104.150322,30.599447,2998.8,108.29,-0.74,28.22
2026-06-04 10:03:05.500,drone_002,PLAN2,103.952182,30.744883,2499.3,31.8,-0.18,25.65
2026-06-04 10:03:06.000,drone_001,PLAN2,104.150334,30.598547,2999.1,109.42,-0.37,28.95
2026-06-04 10:03:06.000,drone_002,PLAN2,103.951495,30.744489,2501.0,31.49,0.19,25.22
2026-06-04 10:03:06.500,drone_001,PLAN2,104.150413,30.59756,3000.4,109.5,0.53,27.55
2026-06-04 10:03:06.500,drone_002,PLAN2,103.950757,30.743989,2501.4,30.36,0.36,26.18
2026-06-04 10:03:07.000,drone_001,PLAN2,104.150452,30.596658,3000.0,110.12,-0.07,28.31
2026-06-04 10:03:07.000,drone_002,PLAN2,103.95003,30.743533,2500.2,29.7,-0.51,25.18
2026-06-04 10:03:07.500,drone_001,PLAN2,104.150448,30.595706,2997.9,111.25,0.02,28.4
2026-06-04 10:03:07.500,drone_002,PLAN2,103.949288,30.743065,2499.2,28.6,-0.1,25.6
2026-06-04 10:03:08.000,drone_001,PLAN2,104.150523,30.594756,2999.9,111.97,-0.75,28.1
2026-06-04 10:03:08.000,drone_002,PLAN2,103.948578,30.742619,2499.4,28.26,-0.19,26.05
2026-06-04 10:03:08.500,drone_001,PLAN2,104.15052,30.593852,2998.8,113.19,-1.04,28.99
2026-06-04 10:03:08.500,drone_002,PLAN2,103.947903,30.742155,2499.5,26.76,0.16,26.67
2026-06-04 10:03:09.000,drone_001,PLAN2,104.150521,30.592912,2998.7,113.46,-0.11,28.26
2026-06-04 10:03:09.000,drone_002,PLAN2,103.947155,30.741732,2501.0,26.13,0.16,25.98
2026-06-04 10:03:09.500,drone_001,PLAN2,104.150574,30.591938,2998.2,114.07,-0.65,28.08
2026-06-04 10:03:09.500,drone_002,PLAN2,103.946488,30.741281,2502.2,25.4,0.41,25.98
2026-06-04 10:03:10.000,drone_001,PLAN2,104.150655,30.591072,2998.4,115.17,-0.12,28.36
2026-06-04 10:03:10.000,drone_002,PLAN2,103.945831,30.740797,2502.3,24.53,-0.37,25.28
2026-06-04 10:03:10.500,drone_001,PLAN2,104.150688,30.590063,2999.7,115.79,0.2,27.73
2026-06-04 10:03:10.500,drone_002,PLAN2,103.945124,30.740391,2502.1,24.48,0.52,25.29
2026-06-04 10:03:11.000,drone_001,PLAN2,104.150734,30.589169,2999.8,116.12,0.94,27.72
2026-06-04 10:03:11.000,drone_002,PLAN2,103.944389,30.739927,2500.7,24.15,-0.43,26.21
2026-06-04 10:03:11.500,drone_001,PLAN2,104.150747,30.588298,2997.3,117.8,0.11,27.81
2026-06-04 10:03:11.500,drone_002,PLAN2,103.94373,30.739494,2500.9,23.29,-0.53,25.84
2026-06-04 10:03:12.000,drone_001,PLAN2,104.150856,30.587313,2998.0,118.02,0.19,27.92
2026-06-04 10:03:12.000,drone_002,PLAN2,103.942983,30.73904,2500.3,22.21,0.4,26.13
2026-06-04 10:03:12.500,drone_001,PLAN2,104.150839,30.586401,2997.9,119.03,0.48,27.49
2026-06-04 10:03:12.500,drone_002,PLAN2,103.942327,30.738639,2500.8,21.39,-0.55,25.46
2026-06-04 10:03:13.000,drone_001,PLAN2,104.150875,30.585502,2999.1,119.83,-0.07,28.4
2026-06-04 10:03:13.000,drone_002,PLAN2,103.941648,30.738205,2502.5,20.49,1.13,24.6
2026-06-04 10:03:13.500,drone_001,PLAN2,104.150896,30.584578,3001.1,119.9,0.38,27.44
2026-06-04 10:03:13.500,drone_002,PLAN2,103.94107,30.737797,2500.9,19.92,0.79,25.79
2026-06-04 10:03:14.000,drone_001,PLAN2,104.15099,30.583716,2998.6,121.14,-0.37,28.05
2026-06-04 10:03:14.000,drone_002,PLAN2,103.940294,30.737364,2501.4,18.82,0.57,25.46
2026-06-04 10:03:14.500,drone_001,PLAN2,104.151017,30.582775,2998.1,121.7,1.25,28.3
2026-06-04 10:03:14.500,drone_002,PLAN2,103.939562,30.736925,2502.0,17.63,0.36,25.18
2026-06-04 10:03:15.000,drone_001,PLAN2,104.151101,30.581919,2998.2,122.21,0.06,29.14
2026-06-04 10:03:15.000,drone_002,PLAN2,103.938938,30.736545,2500.6,17.55,-0.59,25.39
2026-06-04 10:03:15.500,drone_001,PLAN2,104.151141,30.580986,2997.2,123.57,-0.39,28.6
2026-06-04 10:03:15.500,drone_002,PLAN2,103.938305,30.736094,2502.3,17.08,0.6,25.09
2026-06-04 10:03:16.000,drone_001,PLAN2,104.151139,30.580129,2996.7,123.96,-0.87,28.01
2026-06-04 10:03:16.000,drone_002,PLAN2,103.937604,30.735653,2503.0,15.74,0.07,24.71
2026-06-04 10:03:16.500,drone_001,PLAN2,104.151189,30.579229,2998.3,124.24,0.81,27.32
2026-06-04 10:03:16.500,drone_002,PLAN2,103.936912,30.735273,2501.1,14.97,0.08,25.97
2026-06-04 10:03:17.000,drone_001,PLAN2,104.151342,30.57838,2996.3,125.55,0.03,26.8
2026-06-04 10:03:17.000,drone_002,PLAN2,103.936294,30.734838,2502.1,14.5,0.95,25.59
2026-06-04 10:03:17.500,drone_001,PLAN2,104.151313,30.577498,2996.0,126.18,-0.11,27.67
2026-06-04 10:03:17.500,drone_002,PLAN2,103.935642,30.734495,2501.9,14.22,-0.84,25.32
2026-06-04 10:03:18.000,drone_001,PLAN2,104.151372,30.576648,2997.6,126.62,-0.36,28.13
2026-06-04 10:03:18.000,drone_002,PLAN2,103.934946,30.734091,2501.8,12.48,-0.17,25.85
2026-06-04 10:03:18.500,drone_001,PLAN2,104.151541,30.575733,2998.1,128.34,0.26,28.26
2026-06-04 10:03:18.500,drone_002,PLAN2,103.934228,30.733658,2501.9,11.89,-0.65,25.74
2026-06-04 10:03:19.000,drone_001,PLAN2,104.151536,30.574921,2996.4,128.37,0.37,28.66
2026-06-04 10:03:19.000,drone_002,PLAN2,103.933595,30.733329,2501.8,11.0,-0.32,25.77
2026-06-04 10:03:19.500,drone_001,PLAN2,104.151565,30.574055,2997.5,129.33,-0.47,28.09
2026-06-04 10:03:19.500,drone_002,PLAN2,103.932989,30.732968,2499.9,10.64,0.2,25.01
2026-06-04 10:03:20.000,drone_001,PLAN2,104.15168,30.573143,2995.4,129.92,-0.13,28.71
2026-06-04 10:03:20.000,drone_002,PLAN2,103.932321,30.732589,2501.9,9.92,0.09,26.18
2026-06-04 10:03:20.500,drone_001,PLAN2,104.151666,30.572389,2995.2,130.76,-0.83,27.8
2026-06-04 10:03:20.500,drone_002,PLAN2,103.931701,30.732086,2504.1,8.99,-0.2,25.68
2026-06-04 10:03:21.000,drone_001,PLAN2,104.151774,30.571469,2996.6,131.22,0.4,28.44
2026-06-04 10:03:21.000,drone_002,PLAN2,103.931004,30.731732,2502.3,8.75,-0.85,25.56
2026-06-04 10:03:21.500,drone_001,PLAN2,104.151882,30.570726,2994.7,132.75,-0.2,28.34
2026-06-04 10:03:21.500,drone_002,PLAN2,103.930369,30.73135,2503.3,7.62,-0.09,25.64
2026-06-04 10:03:22.000,drone_001,PLAN2,104.151959,30.569907,2995.3,132.81,0.47,28.32
2026-06-04 10:03:22.000,drone_002,PLAN2,103.929782,30.731088,2503.8,6.53,-1.03,25.53
2026-06-04 10:03:22.500,drone_001,PLAN2,104.152,30.569052,2995.3,133.91,-0.01,28.21
2026-06-04 10:03:22.500,drone_002,PLAN2,103.929148,30.73066,2501.4,5.8,-0.3,24.91
2026-06-04 10:03:23.000,drone_001,PLAN2,104.152142,30.568288,2995.0,134.69,0.23,27.6
2026-06-04 10:03:23.000,drone_002,PLAN2,103.928459,30.730284,2501.5,5.55,0.33,25.86
2026-06-04 10:03:23.500,drone_001,PLAN2,104.152145,30.567432,2993.5,134.9,-0.63,27.93
2026-06-04 10:03:23.500,drone_002,PLAN2,103.927856,30.73003,2503.6,4.76,0.21,25.72
2026-06-04 10:03:24.000,drone_001,PLAN2,104.152253,30.56668,2993.5,136.38,0.52,28.37
2026-06-04 10:03:24.000,drone_002,PLAN2,103.927253,30.729621,2503.3,3.3,-0.23,24.86
2026-06-04 10:03:24.500,drone_001,PLAN2,104.152304,30.565889,2994.3,136.56,0.04,27.53
2026-06-04 10:03:24.500,drone_002,PLAN2,103.926658,30.729241,2501.8,2.79,-0.23,25.78
2026-06-04 10:03:25.000,drone_001,PLAN2,104.152441,30.565049,2994.4,137.21,-0.92,28.54
2026-06-04 10:03:25.000,drone_002,PLAN2,103.926013,30.728938,2501.8,2.36,0.85,24.82
2026-06-04 10:03:25.500,drone_001,PLAN2,104.152491,30.564317,2993.9,137.74,-0.51,27.61
2026-06-04 10:03:25.500,drone_002,PLAN2,103.925421,30.728611,2502.4,1.53,0.09,25.96
2026-06-04 10:03:26.000,drone_001,PLAN2,104.152613,30.563482,2993.5,138.99,-0.37,28.45
2026-06-04 10:03:26.000,drone_002,PLAN2,103.924843,30.728292,2502.7,1.18,0.7,25.31
2026-06-04 10:03:26.500,drone_001,PLAN2,104.152706,30.562774,2993.7,140.02,-1.01,28.49
2026-06-04 10:03:26.500,drone_002,PLAN2,103.924216,30.727969,2501.0,0.25,0.36,25.63
2026-06-04 10:03:27.000,drone_001,PLAN2,104.152761,30.562001,2992.9,141.01,-0.31,28.28
2026-06-04 10:03:27.000,drone_002,PLAN2,103.923641,30.727654,2501.5,359.48,-0.4,25.85
2026-06-04 10:03:27.500,drone_001,PLAN2,104.152909,30.561299,2993.1,141.64,0.31,29.12
2026-06-04 10:03:27.500,drone_002,PLAN2,103.923027,30.727358,2504.9,358.48,0.27,25.96
2026-06-04 10:03:28.000,drone_001,PLAN2,104.152998,30.560549,2992.6,142.56,-0.23,27.94
2026-06-04 10:03:28.000,drone_002,PLAN2,103.922475,30.727033,2503.5,357.58,-0.48,25.44
2026-06-04 10:03:28.500,drone_001,PLAN2,104.153109,30.559741,2992.5,143.1,-1.29,28.43
2026-06-04 10:03:28.500,drone_002,PLAN2,103.921893,30.726801,2503.5,357.1,0.43,25.09
2026-06-04 10:03:29.000,drone_001,PLAN2,104.153182,30.55906,2993.9,144.04,-0.49,27.59
2026-06-04 10:03:29.000,drone_002,PLAN2,103.921244,30.72645,2503.7,356.95,-0.89,25.34
2026-06-04 10:03:29.500,drone_001,PLAN2,104.153367,30.558337,2992.7,144.2,0.43,27.74
2026-06-04 10:03:29.500,drone_002,PLAN2,103.920719,30.726139,2504.2,355.89,0.26,25.13
2026-06-04 10:03:30.000,drone_001,PLAN2,104.153456,30.557676,2991.9,144.93,-0.68,29.11
2026-06-04 10:03:30.000,drone_002,PLAN2,103.92018,30.725856,2503.8,354.77,-0.24,26.56
2026-06-04 10:03:30.500,drone_001,PLAN2,104.153579,30.556948,2991.5,146.01,-0.01,28.14
2026-06-04 10:03:30.500,drone_002,PLAN2,103.919576,30.725562,2503.5,354.29,0.5,25.18
2026-06-04 10:03:31.000,drone_001,PLAN2,104.153573,30.556218,2991.1,146.54,-0.81,28.31
2026-06-04 10:03:31.000,drone_002,PLAN2,103.919027,30.725337,2504.0,354.18,0.67,25.61
2026-06-04 10:03:31.500,drone_001,PLAN2,104.153753,30.555536,2990.5,147.12,-0.46,28.21
2026-06-04 10:03:31.500,drone_002,PLAN2,103.918422,30.725123,2504.6,352.18,0.24,25.38
2026-06-04 10:03:32.000,drone_001,PLAN2,104.153855,30.55488,2990.9,147.91,-0.64,28.56
2026-06-04 10:03:32.000,drone_002,PLAN2,103.917905,30.72478,2505.1,351.96,0.69,25.78
2026-06-04 10:03:32.500,drone_001,PLAN2,104.154021,30.554215,2989.9,148.79,-0.01,27.86
2026-06-04 10:03:32.500,drone_002,PLAN2,103.917327,30.724494,2504.7,350.74,-0.8,25.34
2026-06-04 10:03:33.000,drone_001,PLAN2,104.154135,30.553506,2989.5,149.52,-1.01,27.87
2026-06-04 10:03:33.000,drone_002,PLAN2,103.916852,30.724306,2504.9,350.5,-0.82,25.56
2026-06-04 10:03:33.500,drone_001,PLAN2,104.154269,30.55289,2990.2,150.04,-0.56,27.51
2026-06-04 10:03:33.500,drone_002,PLAN2,103.916337,30.724058,2505.0,349.7,-0.24,26.36
2026-06-04 10:03:34.000,drone_001,PLAN2,104.154389,30.55222,2988.3,151.16,-0.89,27.89
2026-06-04 10:03:34.000,drone_002,PLAN2,103.915793,30.723802,2504.2,348.95,-0.07,25.53
2026-06-04 10:03:34.500,drone_001,PLAN2,104.154527,30.551566,2988.7,151.32,-0.66,28.4
2026-06-04 10:03:34.500,drone_002,PLAN2,103.915285,30.723542,2503.5,348.03,0.76,24.95
2026-06-04 10:03:35.000,drone_001,PLAN2,104.154668,30.550976,2988.6,152.31,1.11,28.29
2026-06-04 10:03:35.000,drone_002,PLAN2,103.914749,30.72337,2505.7,347.92,0.17,26.94
2026-06-04 10:03:35.500,drone_001,PLAN2,104.154818,30.550323,2989.0,153.17,-0.51,28.06
2026-06-04 10:03:35.500,drone_002,PLAN2,103.914233,30.723158,2505.0,346.52,0.36,25.53
2026-06-04 10:03:36.000,drone_001,PLAN2,104.155017,30.549729,2989.6,154.22,0.17,28.36
2026-06-04 10:03:36.000,drone_002,PLAN2,103.913687,30.722981,2505.3,345.84,-0.25,26.07
2026-06-04 10:03:36.500,drone_001,PLAN2,104.155105,30.549164,2987.4,155.38,-0.94,28.09
2026-06-04 10:03:36.500,drone_002,PLAN2,103.913246,30.722687,2506.1,345.13,-0.57,25.49
2026-06-04 10:03:37.000,drone_001,PLAN2,104.155301,30.548545,2988.1,155.34,-0.42,27.26
2026-06-04 10:03:37.000,drone_002,PLAN2,103.912699,30.722526,2505.3,343.77,0.5,26.45
2026-06-04 10:03:37.500,drone_001,PLAN2,104.15541,30.547956,2988.7,156.32,0.57,29.22
2026-06-04 10:03:37.500,drone_002,PLAN2,103.912217,30.722337,2506.1,343.62,0.28,25.53
2026-06-04 10:03:38.000,drone_001,PLAN2,104.155584,30.547347,2988.0,156.79,-0.82,28.22
2026-06-04 10:03:38.000,drone_002,PLAN2,103.911731,30.722175,2507.6,343.55,-0.11,25.18
2026-06-04 10:03:38.500,drone_001,PLAN2,104.155717,30.546813,2985.6,157.94,0.18,27.56
2026-06-04 10:03:38.500,drone_002,PLAN2,103.911288,30.722055,2507.4,341.84,0.45,26.76
2026-06-04 10:03:39.000,drone_001,PLAN2,104.155935,30.54626,2985.1,158.68,-0.35,28.7
2026-06-04 10:03:39.000,drone_002,PLAN2,103.91078,30.721911,2509.3,341.62,-0.05,26.69
2026-06-04 10:03:39.500,drone_001,PLAN2,104.156032,30.545751,2985.9,159.11,-0.39,27.7
2026-06-04 10:03:39.500,drone_002,PLAN2,103.910315,30.721759,2506.7,341.04,1.08,26.71
2026-06-04 10:03:40.000,drone_001,PLAN2,104.156251,30.545233,2984.5,159.95,-0.01,27.07
2026-06-04 10:03:40.000,drone_002,PLAN2,103.90984,30.721548,2506.2,339.45,-0.09,25.99
2026-06-04 10:03:40.500,drone_001,PLAN2,104.156379,30.544651,2985.1,160.24,-0.33,27.0
2026-06-04 10:03:40.500,drone_002,PLAN2,103.90938,30.721427,2508.2,339.17,-0.02,25.6
2026-06-04 10:03:41.000,drone_001,PLAN2,104.156566,30.54417,2981.7,162.04,-0.49,27.85
2026-06-04 10:03:41.000,drone_002,PLAN2,103.908871,30.721288,2507.7,338.32,0.62,25.87
2026-06-04 10:03:41.500,drone_001,PLAN2,104.156768,30.543587,2984.8,163.56,-0.13,28.37
2026-06-04 10:03:41.500,drone_002,PLAN2,103.90853,30.721131,2508.3,338.06,-0.5,25.66
2026-06-04 10:03:42.000,drone_001,PLAN2,104.156884,30.543207,2983.4,163.0,-0.1,28.09
2026-06-04 10:03:42.000,drone_002,PLAN2,103.908058,30.720974,2507.2,337.13,-0.24,26.18
2026-06-04 10:03:42.500,drone_001,PLAN2,104.157115,30.54268,2981.8,163.54,0.14,27.91
2026-06-04 10:03:42.500,drone_002,PLAN2,103.907615,30.720863,2507.9,335.97,0.8,25.89
2026-06-04 10:03:43.000,drone_001,PLAN2,104.157308,30.542233,2982.4,164.86,-0.06,27.75
2026-06-04 10:03:43.000,drone_002,PLAN2,103.907177,30.720777,2508.8,335.68,-0.58,25.35
2026-06-04 10:03:43.500,drone_001,PLAN2,104.157509,30.54175,2982.7,165.61,0.41,27.76
2026-06-04 10:03:43.500,drone_002,PLAN2,103.906735,30.720705,2508.2,334.27,0.39,25.37
2026-06-04 10:03:44.000,drone_001,PLAN2,104.157705,30.541273,2982.3,166.2,-0.11,28.06
2026-06-04 10:03:44.000,drone_002,PLAN2,103.906351,30.720588,2509.6,333.97,0.57,25.5
2026-06-04 10:03:44.500,drone_001,PLAN2,104.157937,30.540817,2981.0,167.33,0.24,28.55
2026-06-04 10:03:44.500,drone_002,PLAN2,103.90594,30.720487,2508.4,333.38,0.27,26.26
2026-06-04 10:03:45.000,drone_001,PLAN2,104.158096,30.540389,2979.8,167.5,-0.43,28.61
2026-06-04 10:03:45.000,drone_002,PLAN2,103.9055,30.720403,2508.6,332.6,-0.17,24.77
2026-06-04 10:03:45.500,drone_001,PLAN2,104.15834,30.539966,2981.4,167.5,-0.81,28.16
2026-06-04 10:03:45.500,drone_002,PLAN2,103.905121,30.720358,2508.8,331.6,0.12,25.25
2026-06-04 10:03:46.000,drone_001,PLAN2,104.158525,30.539509,2981.9,169.6,0.15,28.35
2026-06-04 10:03:46.000,drone_002,PLAN2,103.904782,30.720312,2509.9,331.06,-0.53,25.96
2026-06-04 10:03:46.500,drone_001,PLAN2,104.158716,30.539207,2981.2,169.56,-0.36,28.68
2026-06-04 10:03:46.500,drone_002,PLAN2,103.904348,30.720261,2511.2,329.84,0.3,25.19
2026-06-04 10:03:47.000,drone_001,PLAN2,104.158936,30.538744,2979.4,170.57,-0.77,28.73
2026-06-04 10:03:47.000,drone_002,PLAN2,103.903994,30.720167,2510.2,329.6,-0.04,25.14
2026-06-04 10:03:47.500,drone_001,PLAN2,104.159127,30.538388,2977.6,171.99,-0.27,27.43
2026-06-04 10:03:47.500,drone_002,PLAN2,103.903614,30.720167,2511.1,328.56,0.22,26.39
2026-06-04 10:03:48.000,drone_001,PLAN2,104.159433,30.538012,2980.4,172.21,-0.66,28.39
2026-06-04 10:03:48.000,drone_002,PLAN2,103.903224,30.720097,2509.5,327.77,-0.38,25.79
2026-06-04 10:03:48.500,drone_001,PLAN2,104.159655,30.537657,2977.1,172.93,-0.72,28.05
2026-06-04 10:03:48.500,drone_002,PLAN2,103.902881,30.720067,2509.8,327.05,-0.3,26.77
2026-06-04 10:03:49.000,drone_001,PLAN2,104.159831,30.53737,2979.8,173.59,0.06,28.15
2026-06-04 10:03:49.000,drone_002,PLAN2,103.902515,30.720086,2512.4,325.86,-0.67,25.65
2026-06-04 10:03:49.500,drone_001,PLAN2,104.160107,30.536921,2978.2,174.15,-0.32,27.16
2026-06-04 10:03:49.500,drone_002,PLAN2,103.902098,30.720059,2511.5,325.63,-0.27,25.88
2026-06-04 10:03:50.000,drone_001,PLAN2,104.160326,30.536687,2978.0,174.69,-0.91,28.36
2026-06-04 10:03:50.000,drone_002,PLAN2,103.901823,30.72012,2510.7,324.87,0.32,24.78
2026-06-04 10:03:50.500,drone_001,PLAN2,104.160577,30.536352,2975.8,176.22,-0.94,27.82
2026-06-04 10:03:50.500,drone_002,PLAN2,103.901504,30.720069,2513.2,324.1,-1.08,25.8
2026-06-04 10:03:51.000,drone_001,PLAN2,104.16078,30.53592,2976.2,176.52,0.04,28.72
2026-06-04 10:03:51.000,drone_002,PLAN2,103.901155,30.720092,2511.7,323.1,0.66,24.84
2026-06-04 10:03:51.500,drone_001,PLAN2,104.161019,30.535698,2976.4,177.42,-0.01,27.86
2026-06-04 10:03:51.500,drone_002,PLAN2,103.900851,30.720151,2512.9,322.17,0.44,26.02
2026-06-04 10:03:52.000,drone_001,PLAN2,104.161253,30.535405,2976.3,178.3,-0.73,28.14
2026-06-04 10:03:52.000,drone_002,PLAN2,103.90057,30.72016,2513.1,322.12,-0.56,25.56
2026-06-04 10:03:52.500,drone_001,PLAN2,104.161556,30.535144,2976.0,178.98,-0.16,27.82
2026-06-04 10:03:52.500,drone_002,PLAN2,103.900255,30.720172,2512.3,320.95,0.45,26.73
2026-06-04 10:03:53.000,drone_001,PLAN2,104.161866,30.534826,2976.1,180.03,-0.41,28.33
2026-06-04 10:03:53.000,drone_002,PLAN2,103.899905,30.720243,2512.8,320.56,0.43,26.23
2026-06-04 10:03:53.500,drone_001,PLAN2,104.1621,30.534612,2976.3,180.48,-0.67,27.84
2026-06-04 10:03:53.500,drone_002,PLAN2,103.89962,30.720337,2513.5,319.42,0.95,25.5
2026-06-04 10:03:54.000,drone_001,PLAN2,104.16234,30.534382,2974.4,181.01,-0.41,28.07
2026-06-04 10:03:54.000,drone_002,PLAN2,103.899341,30.720416,2513.0,318.77,0.76,26.03
2026-06-04 10:03:54.500,drone_001,PLAN2,104.162602,30.534174,2975.4,182.13,-0.23,28.23
2026-06-04 10:03:54.500,drone_002,PLAN2,103.899061,30.720441,2513.4,318.38,-0.4,25.65
2026-06-04 10:03:55.000,drone_001,PLAN2,104.162885,30.533996,2973.4,183.22,0.58,27.75
2026-06-04 10:03:55.000,drone_002,PLAN2,103.89879,30.720555,2513.7,317.27,0.21,25.05
2026-06-04 10:03:55.500,drone_001,PLAN2,104.163208,30.53373,2974.0,183.09,-0.17,27.13
2026-06-04 10:03:55.500,drone_002,PLAN2,103.898503,30.720593,2511.9,316.64,0.7,25.71
2026-06-04 10:03:56.000,drone_001,PLAN2,104.163478,30.53355,2972.3,184.22,0.37,27.14
2026-06-04 10:03:56.000,drone_002,PLAN2,103.898251,30.720696,2513.4,315.74,0.88,25.44
2026-06-04 10:03:56.500,drone_001,PLAN2,104.163767,30.533368,2971.0,185.1,0.4,28.64
2026-06-04 10:03:56.500,drone_002,PLAN2,103.89801,30.720758,2513.6,314.73,0.25,26.53
2026-06-04 10:03:57.000,drone_001,PLAN2,104.164056,30.533198,2970.7,186.0,0.19,28.94
2026-06-04 10:03:57.000,drone_002,PLAN2,103.897688,30.720922,2515.0,314.35,0.2,24.96
2026-06-04 10:03:57.500,drone_001,PLAN2,104.164314,30.533035,2971.4,186.35,-1.17,27.53
2026-06-04 10:03:57.500,drone_002,PLAN2,103.897488,30.721078,2514.9,313.52,-0.5,25.56
2026-06-04 10:03:58.000,drone_001,PLAN2,104.164641,30.53283,2970.9,186.95,-0.11,28.02
2026-06-04 10:03:58.000,drone_002,PLAN2,103.897232,30.721224,2514.1,312.93,-0.05,25.05
2026-06-04 10:03:58.500,drone_001,PLAN2,104.164983,30.532775,2969.5,187.83,-0.54,28.36
2026-06-04 10:03:58.500,drone_002,PLAN2,103.89704,30.721339,2512.5,312.1,0.11,25.59
2026-06-04 10:03:59.000,drone_001,PLAN2,104.165252,30.532618,2967.7,188.56,0.42,28.15
2026-06-04 10:03:59.000,drone_002,PLAN2,103.8968,30.721471,2516.7,311.54,0.1,25.58
2026-06-04 10:03:59.500,drone_001,PLAN2,104.165562,30.532476,2967.4,189.57,0.51,28.14
2026-06-04 10:03:59.500,drone_002,PLAN2,103.896569,30.721659,2514.7,310.46,0.57,25.84
2026-06-04 10:04:00.000,drone_001,PLAN2,104.165906,30.532339,2969.1,189.55,-0.37,28.54
2026-06-04 10:04:00.000,drone_002,PLAN2,103.896339,30.721774,2516.1,309.43,-0.56,26.34
2026-06-04 10:04:00.500,drone_001,PLAN2,104.166206,30.532288,2967.5,190.67,-0.59,28.06
2026-06-04 10:04:00.500,drone_002,PLAN2,103.896156,30.72196,2516.0,308.6,0.15,25.9
2026-06-04 10:04:01.000,drone_001,PLAN2,104.166538,30.532178,2964.8,191.2,-0.43,27.6
2026-06-04 10:04:01.000,drone_002,PLAN2,103.895941,30.722197,2516.8,308.0,-1.12,25.87
2026-06-04 10:04:01.500,drone_001,PLAN2,104.166876,30.532125,2966.6,192.23,-0.01,27.89
2026-06-04 10:04:01.500,drone_002,PLAN2,103.895756,30.722351,2518.0,307.69,-0.39,24.98
2026-06-04 10:04:02.000,drone_001,PLAN2,104.167129,30.532001,2966.3,193.07,-0.16,28.07
2026-06-04 10:04:02.000,drone_002,PLAN2,103.895589,30.722592,2516.3,306.96,0.74,25.69
2026-06-04 10:04:02.500,drone_001,PLAN2,104.167455,30.532025,2965.2,193.8,-0.61,27.38
2026-06-04 10:04:02.500,drone_002,PLAN2,103.895444,30.722744,2517.1,305.74,-0.59,25.43
2026-06-04 10:04:03.000,drone_001,PLAN2,104.167858,30.531977,2966.7,194.6,0.02,27.56
2026-06-04 10:04:03.000,drone_002,PLAN2,103.895278,30.723029,2516.8,305.38,-0.25,25.02
2026-06-04 10:04:03.500,drone_001,PLAN2,104.168131,30.53196,2966.2,195.66,0.68,27.91
2026-06-04 10:04:03.500,drone_002,PLAN2,103.895059,30.723183,2519.0,304.57,-0.02,25.97
2026-06-04 10:04:04.000,drone_001,PLAN2,104.168577,30.531897,2963.3,195.64,-1.18,28.47
2026-06-04 10:04:04.000,drone_002,PLAN2,103.894879,30.723376,2518.1,303.99,0.98,25.84
2026-06-04 10:04:04.500,drone_001,PLAN2,104.16886,30.531922,2964.5,196.75,0.4,27.64
2026-06-04 10:04:04.500,drone_002,PLAN2,103.894799,30.72365,2518.4,302.88,-0.75,26.04
2026-06-04 10:04:05.000,drone_001,PLAN2,104.169181,30.531938,2964.7,197.35,-0.01,28.71
2026-06-04 10:04:05.000,drone_002,PLAN2,103.894588,30.72393,2516.3,301.89,0.3,25.11
2026-06-04 10:04:05.500,drone_001,PLAN2,104.169579,30.531982,2961.6,198.67,-0.5,27.75
2026-06-04 10:04:05.500,drone_002,PLAN2,103.894489,30.724169,2519.8,301.2,-0.51,26.37
2026-06-04 10:04:06.000,drone_001,PLAN2,104.169883,30.531978,2964.2,198.91,0.11,28.26
2026-06-04 10:04:06.000,drone_002,PLAN2,103.894384,30.724471,2518.9,300.21,-0.26,24.92
2026-06-04 10:04:06.500,drone_001,PLAN2,104.170249,30.532031,2963.1,199.35,-0.26,27.91
2026-06-04 10:04:06.500,drone_002,PLAN2,103.894199,30.724676,2519.0,300.3,-0.06,24.72
2026-06-04 10:04:07.000,drone_001,PLAN2,104.170607,30.5321,2960.5,200.33,-0.14,28.62
2026-06-04 10:04:07.000,drone_002,PLAN2,103.894124,30.725046,2520.2,299.65,-1.42,26.39
2026-06-04 10:04:07.500,drone_001,PLAN2,104.171012,30.53213,2961.3,201.78,1.2,27.28
2026-06-04 10:04:07.500,drone_002,PLAN2,103.894015,30.725249,2519.1,298.34,0.63,25.94
2026-06-04 10:04:08.000,drone_001,PLAN2,104.171373,30.532196,2961.2,201.66,-0.61,28.23
2026-06-04 10:04:08.000,drone_002,PLAN2,103.893928,30.725586,2519.9,297.55,-0.12,25.68
2026-06-04 10:04:08.500,drone_001,PLAN2,104.171773,30.532286,2960.6,202.75,-0.16,27.67
2026-06-04 10:04:08.500,drone_002,PLAN2,103.893795,30.725885,2521.1,297.27,-0.19,25.5
2026-06-04 10:04:09.000,drone_001,PLAN2,104.172168,30.53239,2959.5,204.07,-0.22,27.66
2026-06-04 10:04:09.000,drone_002,PLAN2,103.893684,30.726199,2519.7,296.17,0.01,26.06
2026-06-04 10:04:09.500,drone_001,PLAN2,104.172489,30.53244,2959.5,204.21,0.08,28.01
2026-06-04 10:04:09.500,drone_002,PLAN2,103.893579,30.726446,2519.2,295.32,1.06,25.67
2026-06-04 10:04:10.000,drone_001,PLAN2,104.172927,30.532587,2957.8,205.26,0.44,28.7
2026-06-04 10:04:10.000,drone_002,PLAN2,103.893566,30.726872,2519.4,294.9,1.38,25.82
2026-06-04 10:04:10.500,drone_001,PLAN2,104.173265,30.532691,2956.1,206.42,0.2,27.33
2026-06-04 10:04:10.500,drone_002,PLAN2,103.893451,30.727245,2520.6,293.83,0.61,25.44
2026-06-04 10:04:11.000,drone_001,PLAN2,104.173674,30.53282,2957.1,205.98,-0.38,28.82
2026-06-04 10:04:11.000,drone_002,PLAN2,103.89346,30.727523,2521.1,293.93,0.27,26.98
2026-06-04 10:04:11.500,drone_001,PLAN2,104.174119,30.532983,2956.0,207.19,-0.78,28.95
2026-06-04 10:04:11.500,drone_002,PLAN2,103.893315,30.727899,2521.5,292.38,-0.75,25.91
2026-06-04 10:04:12.000,drone_001,PLAN2,104.174447,30.533165,2957.0,207.92,-0.71,28.22
2026-06-04 10:04:12.000,drone_002,PLAN2,103.893336,30.728229,2521.2,292.12,0.9,25.65
2026-06-04 10:04:12.500,drone_001,PLAN2,104.174901,30.533309,2957.9,209.11,-0.24,27.52
2026-06-04 10:04:12.500,drone_002,PLAN2,103.893235,30.728624,2521.8,291.41,-0.27,25.63
2026-06-04 10:04:13.000,drone_001,PLAN2,104.175355,30.533447,2955.2,209.43,-0.03,28.09
2026-06-04 10:04:13.000,drone_002,PLAN2,103.893217,30.729009,2522.2,290.18,-0.84,25.07
2026-06-04 10:04:13.500,drone_001,PLAN2,104.17571,30.533639,2953.5,210.62,-0.11,28.67
2026-06-04 10:04:13.500,drone_002,PLAN2,103.89315,30.729355,2523.9,289.57,0.11,26.15
2026-06-04 10:04:14.000,drone_001,PLAN2,104.176118,30.533848,2953.4,210.77,0.18,28.57
2026-06-04 10:04:14.000,drone_002,PLAN2,103.89318,30.729793,2522.1,288.83,1.11,25.45
2026-06-04 10:04:14.500,drone_001,PLAN2,104.176584,30.534093,2955.4,211.94,-0.91,27.43
2026-06-04 10:04:14.500,drone_002,PLAN2,103.893139,30.73014,2523.7,287.96,0.42,25.68
2026-06-04 10:04:15.000,drone_001,PLAN2,104.176973,30.53435,2954.2,213.1,-0.36,27.6
2026-06-04 10:04:15.000,drone_002,PLAN2,103.893075,30.730585,2522.6,286.86,0.25,25.63
2026-06-04 10:04:15.500,drone_001,PLAN2,104.177374,30.534575,2953.6,213.38,-0.31,27.86
2026-06-04 10:04:15.500,drone_002,PLAN2,103.893073,30.730969,2522.8,286.18,-0.23,26.5
2026-06-04 10:04:16.000,drone_001,PLAN2,104.177824,30.534771,2951.8,213.6,-0.32,28.15
2026-06-04 10:04:16.000,drone_002,PLAN2,103.893129,30.731399,2523.2,285.7,0.32,25.71
2026-06-04 10:04:16.500,drone_001,PLAN2,104.178208,30.534969,2950.0,215.58,-0.92,27.76
2026-06-04 10:04:16.500,drone_002,PLAN2,103.893081,30.731867,2522.6,284.69,-0.32,25.29
2026-06-04 10:04:17.000,drone_001,PLAN2,104.178662,30.535287,2951.7,215.38,-0.17,28.08
2026-06-04 10:04:17.000,drone_002,PLAN2,103.893098,30.732292,2522.4,284.17,-0.1,25.52
2026-06-04 10:04:17.500,drone_001,PLAN2,104.179066,30.535522,2950.4,216.27,-0.72,28.37
2026-06-04 10:04:17.500,drone_002,PLAN2,103.893071,30.732713,2523.7,283.41,-0.03,24.82
2026-06-04 10:04:18.000,drone_001,PLAN2,104.179623,30.53587,2950.4,217.08,0.27,28.67
2026-06-04 10:04:18.000,drone_002,PLAN2,103.893108,30.733168,2525.2,282.65,0.11,26.08
2026-06-04 10:04:18.500,drone_001,PLAN2,104.180029,30.53613,2948.0,217.97,-0.64,28.08
2026-06-04 10:04:18.500,drone_002,PLAN2,103.893174,30.73367,2525.5,282.1,0.12,25.89
2026-06-04 10:04:19.000,drone_001,PLAN2,104.180511,30.536386,2949.6,218.63,0.51,29.25
2026-06-04 10:04:19.000,drone_002,PLAN2,103.893217,30.734127,2526.3,281.35,0.15,25.85
2026-06-04 10:04:19.500,drone_001,PLAN2,104.180909,30.536736,2949.0,219.54,-1.5,28.46
2026-06-04 10:04:19.500,drone_002,PLAN2,103.893174,30.7346,2526.0,280.63,-0.01,25.88
2026-06-04 10:04:20.000,drone_001,PLAN2,104.181351,30.537121,2947.3,220.0,-0.44,29.11
2026-06-04 10:04:20.000,drone_002,PLAN2,103.893228,30.735103,2526.1,279.76,1.29,26.08
2026-06-04 10:04:20.500,drone_001,PLAN2,104.181841,30.537396,2946.1,220.98,-0.5,27.81
2026-06-04 10:04:20.500,drone_002,PLAN2,103.893296,30.735547,2526.4,279.13,0.87,26.29
2026-06-04 10:04:21.000,drone_001,PLAN2,104.18229,30.537743,2945.1,222.17,0.29,28.24
2026-06-04 10:04:21.000,drone_002,PLAN2,103.893425,30.735986,2527.0,277.85,0.76,25.95
2026-06-04 10:04:21.500,drone_001,PLAN2,104.182756,30.538121,2946.8,222.77,-0.29,29.25
2026-06-04 10:04:21.500,drone_002,PLAN2,103.893442,30.736552,2528.9,277.25,0.35,25.56
2026-06-04 10:04:22.000,drone_001,PLAN2,104.183227,30.538401,2944.4,223.07,-0.09,28.19
2026-06-04 10:04:22.000,drone_002,PLAN2,103.893521,30.73709,2527.2,276.48,-0.15,26.35
2026-06-04 10:04:22.500,drone_001,PLAN2,104.183701,30.538774,2945.0,223.88,-0.64,27.92
2026-06-04 10:04:22.500,drone_002,PLAN2,103.893531,30.737543,2526.3,276.3,0.01,25.45
2026-06-04 10:04:23.000,drone_001,PLAN2,104.18414,30.539148,2944.5,225.38,-0.52,26.65
2026-06-04 10:04:23.000,drone_002,PLAN2,103.893673,30.738095,2530.8,274.86,0.01,25.63
2026-06-04 10:04:23.500,drone_001,PLAN2,104.184632,30.539538,2945.7,225.82,0.71,28.19
2026-06-04 10:04:23.500,drone_002,PLAN2,103.893693,30.738618,2528.3,274.72,-0.13,25.31
2026-06-04 10:04:24.000,drone_001,PLAN2,104.185117,30.539929,2943.0,226.2,-0.17,27.89
2026-06-04 10:04:24.000,drone_002,PLAN2,103.893778,30.739138,2528.5,273.67,0.56,25.83
2026-06-04 10:04:24.500,drone_001,PLAN2,104.185596,30.540343,2942.2,226.38,-0.88,28.6
2026-06-04 10:04:24.500,drone_002,PLAN2,103.893901,30.739746,2529.4,273.0,0.16,25.54
2026-06-04 10:04:25.000,drone_001,PLAN2,104.186115,30.54083,2942.0,227.75,-1.54,27.93
2026-06-04 10:04:25.000,drone_002,PLAN2,103.893987,30.740262,2528.4,272.39,0.08,25.45
2026-06-04 10:04:25.500,drone_001,PLAN2,104.186615,30.541232,2940.8,228.45,-1.04,27.95
2026-06-04 10:04:25.500,drone_002,PLAN2,103.894088,30.740846,2529.3,271.31,-0.05,26.37
2026-06-04 10:04:26.000,drone_001,PLAN2,104.187076,30.541627,2941.7,229.25,0.73,28.52
2026-06-04 10:04:26.000,drone_002,PLAN2,103.894162,30.741367,2531.0,270.74,-0.03,25.42
2026-06-04 10:04:26.500,drone_001,PLAN2,104.187592,30.542065,2940.6,229.61,-0.21,27.86
2026-06-04 10:04:26.500,drone_002,PLAN2,103.894353,30.741954,2530.3,270.06,0.22,25.48
2026-06-04 10:04:27.000,drone_001,PLAN2,104.188064,30.542531,2940.5,230.51,-0.51,28.73
2026-06-04 10:04:27.000,drone_002,PLAN2,103.894439,30.742495,2530.0,269.22,-0.51,25.98
2026-06-04 10:04:27.500,drone_001,PLAN2,104.188567,30.543005,2938.6,230.86,-0.03,28.75
2026-06-04 10:04:27.500,drone_002,PLAN2,103.894579,30.743075,2529.2,268.34,-0.71,26.22
2026-06-04 10:04:28.000,drone_001,PLAN2,104.189073,30.543382,2937.9,231.92,0.58,27.82
2026-06-04 10:04:28.000,drone_002,PLAN2,103.894748,30.743629,2532.1,267.41,0.1,25.85
2026-06-04 10:04:28.500,drone_001,PLAN2,104.189509,30.543899,2939.8,232.66,0.69,28.06
2026-06-04 10:04:28.500,drone_002,PLAN2,103.894807,30.744268,2529.6,266.48,0.32,25.36
2026-06-04 10:04:29.000,drone_001,PLAN2,104.190135,30.544461,2938.4,233.73,-0.64,28.09
2026-06-04 10:04:29.000,drone_002,PLAN2,103.894993,30.744841,2532.5,266.54,1.13,25.02
2026-06-04 10:04:29.500,drone_001,PLAN2,104.19061,30.544871,2938.5,234.97,-0.08,28.46
2026-06-04 10:04:29.500,drone_002,PLAN2,103.895112,30.745534,2531.4,265.6,-1.16,26.72
2026-06-04 10:04:30.000,drone_001,PLAN2,104.191065,30.545401,2936.0,236.04,-1.02,28.29
2026-06-04 10:04:30.000,drone_002,PLAN2,103.895272,30.746106,2531.6,264.83,0.77,25.81
2026-06-04 10:04:30.500,drone_001,PLAN2,104.191559,30.545908,2936.6,235.64,-0.18,28.06
2026-06-04 10:04:30.500,drone_002,PLAN2,103.895428,30.746768,2531.6,263.99,0.6,25.11
2026-06-04 10:04:31.000,drone_001,PLAN2,104.192141,30.5464,2933.1,236.8,0.36,28.59
2026-06-04 10:04:31.000,drone_002,PLAN2,103.895582,30.747327,2532.3,263.09,-0.16,26.39
2026-06-04 10:04:31.500,drone_001,PLAN2,104.192663,30.546977,2935.0,237.93,0.21,27.97
2026-06-04 10:04:31.500,drone_002,PLAN2,103.895758,30.747966,2532.9,263.31,-0.07,25.29
2026-06-04 10:04:32.000,drone_001,PLAN2,104.19319,30.54748,2932.9,238.1,-0.1,27.7
2026-06-04 10:04:32.000,drone_002,PLAN2,103.895903,30.748633,2533.8,261.86,-0.25,25.88
2026-06-04 10:04:32.500,drone_001,PLAN2,104.193771,30.548051,2935.5,238.65,-0.85,28.15
2026-06-04 10:04:32.500,drone_002,PLAN2,103.896061,30.749328,2533.7,261.52,0.59,25.85
2026-06-04 10:04:33.000,drone_001,PLAN2,104.194216,30.548527,2934.2,239.97,-0.44,28.65
2026-06-04 10:04:33.000,drone_002,PLAN2,103.896251,30.749944,2534.8,260.2,-0.15,26.18
2026-06-04 10:04:33.500,drone_001,PLAN2,104.194837,30.549062,2933.6,240.84,0.33,27.63
2026-06-04 10:04:33.500,drone_002,PLAN2,103.896438,30.750612,2531.7,259.07,0.23,26.13
2026-06-04 10:04:34.000,drone_001,PLAN2,104.195312,30.549658,2930.9,241.29,-0.6,29.14
2026-06-04 10:04:34.000,drone_002,PLAN2,103.896606,30.751257,2535.0,258.46,0.93,25.39
2026-06-04 10:04:34.500,drone_001,PLAN2,104.195815,30.550263,2929.8,242.08,-0.45,28.13
2026-06-04 10:04:34.500,drone_002,PLAN2,103.896828,30.751969,2535.2,258.11,0.52,26.32
2026-06-04 10:04:35.000,drone_001,PLAN2,104.196372,30.550815,2931.3,242.71,0.13,27.62
2026-06-04 10:04:35.000,drone_002,PLAN2,103.897029,30.752562,2535.9,257.28,0.34,24.94
2026-06-04 10:04:35.500,drone_001,PLAN2,104.196877,30.551393,2928.0,243.26,-0.22,29.06
2026-06-04 10:04:35.500,drone_002,PLAN2,103.897195,30.753302,2535.5,256.66,0.59,25.16
2026-06-04 10:04:36.000,drone_001,PLAN2,104.197437,30.551991,2927.8,244.11,-0.56,28.41
2026-06-04 10:04:36.000,drone_002,PLAN2,103.897383,30.753956,2534.2,255.74,0.19,25.1
2026-06-04 10:04:36.500,drone_001,PLAN2,104.19802,30.552568,2928.4,245.19,-0.05,28.05
2026-06-04 10:04:36.500,drone_002,PLAN2,103.897605,30.754533,2535.1,255.38,0.37,25.43
2026-06-04 10:04:37.000,drone_001,PLAN2,104.19854,30.553154,2927.2,245.47,-0.26,27.71
2026-06-04 10:04:37.000,drone_002,PLAN2,103.897816,30.755327,2536.1,253.89,-0.01,25.45
2026-06-04 10:04:37.500,drone_001,PLAN2,104.199128,30.553751,2928.0,246.31,0.04,28.34
2026-06-04 10:04:37.500,drone_002,PLAN2,103.898059,30.755974,2536.7,253.61,-0.13,25.14
2026-06-04 10:04:38.000,drone_001,PLAN2,104.199661,30.554386,2927.0,247.97,-1.28,28.2
2026-06-04 10:04:38.000,drone_002,PLAN2,103.898219,30.756672,2535.3,252.61,-0.11,25.69
2026-06-04 10:04:38.500,drone_001,PLAN2,104.200221,30.555002,2927.5,248.24,-0.87,28.48
2026-06-04 10:04:38.500,drone_002,PLAN2,103.898553,30.757399,2535.1,251.76,0.03,25.62
2026-06-04 10:04:39.000,drone_001,PLAN2,104.200761,30.555626,2926.8,249.06,0.2,27.54
2026-06-04 10:04:39.000,drone_002,PLAN2,103.898685,30.758073,2537.5,250.72,-0.82,26.25
2026-06-04 10:04:39.500,drone_001,PLAN2,104.201325,30.55624,2926.3,249.44,-0.28,27.56
2026-06-04 10:04:39.500,drone_002,PLAN2,103.898918,30.758797,2537.7,250.45,0.69,26.07
2026-06-04 10:04:40.000,drone_001,PLAN2,104.201888,30.556917,2925.1,250.39,-0.66,29.36
2026-06-04 10:04:40.000,drone_002,PLAN2,103.899151,30.759576,2538.5,249.8,-0.01,26.32
2026-06-04 10:04:40.500,drone_001,PLAN2,104.20246,30.557545,2925.1,250.97,0.29,28.55
2026-06-04 10:04:40.500,drone_002,PLAN2,103.899326,30.760167,2537.1,248.51,0.19,25.74
2026-06-04 10:04:41.000,drone_001,PLAN2,104.20299,30.558176,2924.2,252.25,-0.35,28.65
2026-06-04 10:04:41.000,drone_002,PLAN2,103.899535,30.761002,2538.4,248.4,0.91,26.43
2026-06-04 10:04:41.500,drone_001,PLAN2,104.203568,30.558826,2922.2,252.58,0.44,28.33
2026-06-04 10:04:41.500,drone_002,PLAN2,103.899866,30.76168,2538.1,247.76,-0.92,25.64
2026-06-04 10:04:42.000,drone_001,PLAN2,104.204096,30.559433,2922.4,253.27,-1.31,28.62
2026-06-04 10:04:42.000,drone_002,PLAN2,103.900125,30.762417,2538.1,246.57,0.58,25.67
2026-06-04 10:04:42.500,drone_001,PLAN2,104.204702,30.560131,2922.5,253.54,0.61,27.3
2026-06-04 10:04:42.500,drone_002,PLAN2,103.900288,30.763213,2540.0,245.95,0.56,25.25
2026-06-04 10:04:43.000,drone_001,PLAN2,104.205258,30.560817,2921.3,254.13,0.3,27.52
2026-06-04 10:04:43.000,drone_002,PLAN2,103.900577,30.763911,2540.9,245.37,-0.58,25.14
2026-06-04 10:04:43.500,drone_001,PLAN2,104.205788,30.561475,2921.0,255.53,-0.3,27.89
2026-06-04 10:04:43.500,drone_002,PLAN2,103.900819,30.764591,2538.1,244.72,0.37,25.94
2026-06-04 10:04:44.000,drone_001,PLAN2,104.206411,30.562106,2918.9,256.38,0.02,28.28
2026-06-04 10:04:44.000,drone_002,PLAN2,103.901093,30.765261,2540.7,243.08,-0.6,24.75
2026-06-04 10:04:44.500,drone_001,PLAN2,104.206931,30.562832,2920.4,257.18,-0.98,27.82
2026-06-04 10:04:44.500,drone_002,PLAN2,103.901277,30.76613,2539.8,242.59,-0.63,25.69
2026-06-04 10:04:45.000,drone_001,PLAN2,104.20761,30.563497,2917.7,258.44,-1.22,28.17
2026-06-04 10:04:45.000,drone_002,PLAN2,103.901628,30.766916,2540.6,242.2,0.82,26.37
2026-06-04 10:04:45.500,drone_001,PLAN2,104.208158,30.564198,2918.1,258.83,-0.24,27.71
2026-06-04 10:04:45.500,drone_002,PLAN2,103.901801,30.76758,2540.4,241.22,0.4,25.1
2026-06-04 10:04:46.000,drone_001,PLAN2,104.208735,30.564892,2916.2,259.17,0.41,28.45
2026-06-04 10:04:46.000,drone_002,PLAN2,103.902086,30.768365,2542.8,241.03,0.31,25.39
2026-06-04 10:04:46.500,drone_001,PLAN2,104.209285,30.565566,2914.8,259.71,-0.0,27.2
2026-06-04 10:04:46.500,drone_002,PLAN2,103.902423,30.769135,2542.7,239.5,0.56,25.61
2026-06-04 10:04:47.000,drone_001,PLAN2,104.209828,30.566286,2915.8,260.48,-0.4,27.59
2026-06-04 10:04:47.000,drone_002,PLAN2,103.902658,30.769942,2542.9,239.4,0.99,25.44
2026-06-04 10:04:47.500,drone_001,PLAN2,104.210482,30.566966,2915.5,261.46,0.41,28.41
2026-06-04 10:04:47.500,drone_002,PLAN2,103.902961,30.770701,2542.5,238.35,-0.0,25.18
2026-06-04 10:04:48.000,drone_001,PLAN2,104.211064,30.567693,2914.7,262.4,-0.4,28.03
2026-06-04 10:04:48.000,drone_002,PLAN2,103.903161,30.771432,2540.9,237.88,-0.53,26.11
2026-06-04 10:04:48.500,drone_001,PLAN2,104.2116,30.568364,2912.8,263.24,-0.16,27.67
2026-06-04 10:04:48.500,drone_002,PLAN2,103.90348,30.772227,2543.3,236.61,-0.54,24.46
2026-06-04 10:04:49.000,drone_001,PLAN2,104.212229,30.569067,2914.1,263.97,0.17,27.62
2026-06-04 10:04:49.000,drone_002,PLAN2,103.903746,30.773016,2543.5,236.14,0.4,25.23
2026-06-04 10:04:49.500,drone_001,PLAN2,104.212777,30.569789,2912.4,264.24,-0.3,27.92
2026-06-04 10:04:49.500,drone_002,PLAN2,103.904031,30.77374,2542.5,235.14,0.02,26.01
2026-06-04 10:04:50.000,drone_001,PLAN2,104.213391,30.570572,2912.1,265.7,-0.15,27.78
2026-06-04 10:04:50.000,drone_002,PLAN2,103.904303,30.774582,2543.4,234.6,0.14,25.63
2026-06-04 10:04:50.500,drone_001,PLAN2,104.214027,30.571301,2911.4,265.67,-0.5,28.63
2026-06-04 10:04:50.500,drone_002,PLAN2,103.904544,30.775367,2544.5,233.67,-0.05,26.36
2026-06-04 10:04:51.000,drone_001,PLAN2,104.214553,30.572001,2912.2,266.75,-0.05,27.63
2026-06-04 10:04:51.000,drone_002,PLAN2,103.904926,30.776106,2545.5,233.12,1.67,25.77
2026-06-04 10:04:51.500,drone_001,PLAN2,104.215202,30.5727,2911.9,267.46,0.18,28.66
2026-06-04 10:04:51.500,drone_002,PLAN2,103.905128,30.776881,2547.7,232.34,0.19,25.4
2026-06-04 10:04:52.000,drone_001,PLAN2,104.21576,30.573429,2909.2,268.02,0.01,28.76
2026-06-04 10:04:52.000,drone_002,PLAN2,103.905433,30.777704,2545.1,231.57,0.94,25.52
2026-06-04 10:04:52.500,drone_001,PLAN2,104.216346,30.574201,2907.7,269.04,0.06,27.75
2026-06-04 10:04:52.500,drone_002,PLAN2,103.905681,30.778396,2546.1,230.75,-0.74,25.88
2026-06-04 10:04:53.000,drone_001,PLAN2,104.216936,30.574917,2908.4,269.64,-0.35,27.93
2026-06-04 10:04:53.000,drone_002,PLAN2,103.90605,30.779198,2546.4,230.48,0.3,25.86
2026-06-04 10:04:53.500,drone_001,PLAN2,104.217553,30.575727,2908.0,270.65,0.26,27.42
2026-06-04 10:04:53.500,drone_002,PLAN2,103.906325,30.780049,2545.8,229.83,-0.29,25.5
2026-06-04 10:04:54.000,drone_001,PLAN2,104.218105,30.576372,2906.5,271.43,0.36,28.59
2026-06-04 10:04:54.000,drone_002,PLAN2,103.906575,30.780779,2544.9,229.3,0.11,26.52
2026-06-04 10:04:54.500,drone_001,PLAN2,104.218686,30.577152,2906.9,271.84,-0.15,27.19
2026-06-04 10:04:54.500,drone_002,PLAN2,103.906868,30.781651,2548.0,227.82,-0.19,26.39
2026-06-04 10:04:55.000,drone_001,PLAN2,104.219326,30.577916,2903.8,273.12,-0.32,28.19
2026-06-04 10:04:55.000,drone_002,PLAN2,103.907209,30.782453,2545.5,226.97,0.36,26.4
2026-06-04 10:04:55.500,drone_001,PLAN2,104.2199,30.578586,2904.9,273.82,0.26,28.81
2026-06-04 10:04:55.500,drone_002,PLAN2,103.907486,30.783204,2547.3,226.87,-0.7,25.88
2026-06-04 10:04:56.000,drone_001,PLAN2,104.220533,30.5794,2904.1,274.08,-0.3,28.95
2026-06-04 10:04:56.000,drone_002,PLAN2,103.907755,30.783985,2547.8,225.61,1.56,26.23
2026-06-04 10:04:56.500,drone_001,PLAN2,104.221156,30.580092,2904.7,275.18,-0.61,27.41
2026-06-04 10:04:56.500,drone_002,PLAN2,103.908044,30.784826,2546.8,224.95,0.6,25.53
2026-06-04 10:04:57.000,drone_001,PLAN2,104.221744,30.580856,2901.9,276.03,-0.28,28.07
2026-06-04 10:04:57.000,drone_002,PLAN2,103.908356,30.785626,2548.1,223.74,1.21,26.39
2026-06-04 10:04:57.500,drone_001,PLAN2,104.222366,30.581636,2902.5,276.52,-1.04,27.98
2026-06-04 10:04:57.500,drone_002,PLAN2,103.908669,30.786425,2548.1,223.36,0.74,26.23
2026-06-04 10:04:58.000,drone_001,PLAN2,104.222937,30.582391,2901.0,277.83,-0.15,28.45
2026-06-04 10:04:58.000,drone_002,PLAN2,103.908989,30.78713,2550.3,222.71,0.58,25.14
2026-06-04 10:04:58.500,drone_001,PLAN2,104.223507,30.583138,2902.8,277.89,-0.91,27.94
2026-06-04 10:04:58.500,drone_002,PLAN2,103.90929,30.788001,2549.1,222.18,0.16,25.65
2026-06-04 10:04:59.000,drone_001,PLAN2,104.224115,30.583913,2900.3,279.15,-1.43,27.91
2026-06-04 10:04:59.000,drone_002,PLAN2,103.909535,30.788813,2548.4,221.12,0.5,25.52
2026-06-04 10:04:59.500,drone_001,PLAN2,104.224717,30.584638,2900.0,279.37,-0.88,28.37
2026-06-04 10:04:59.500,drone_002,PLAN2,103.90984,30.789593,2548.8,219.98,0.3,25.96
2026-06-04 10:05:00.000,drone_001,PLAN2,104.225364,30.585392,2899.1,280.3,-0.54,28.07
2026-06-04 10:05:00.000,drone_002,PLAN2,103.910131,30.790401,2549.6,219.32,0.02,26.49
2026-06-04 10:05:00.500,drone_001,PLAN2,104.225875,30.586181,2899.1,281.24,0.15,27.81
2026-06-04 10:05:00.500,drone_002,PLAN2,103.910436,30.791185,2550.7,218.67,-0.38,25.09
2026-06-04 10:05:01.000,drone_001,PLAN2,104.226504,30.586817,2900.4,281.55,0.41,27.92
2026-06-04 10:05:01.000,drone_002,PLAN2,103.910724,30.792062,2552.3,218.1,-0.7,24.72
2026-06-04 10:05:01.500,drone_001,PLAN2,104.227103,30.587628,2898.3,282.32,0.48,28.4
2026-06-04 10:05:01.500,drone_002,PLAN2,103.911039,30.792784,2552.2,216.86,0.22,26.55
2026-06-04 10:05:02.000,drone_001,PLAN2,104.22773,30.58842,2900.3,282.76,-0.8,28.24
2026-06-04 10:05:02.000,drone_002,PLAN2,103.911349,30.79358,2551.8,216.91,0.26,25.94
2026-06-04 10:05:02.500,drone_001,PLAN2,104.228344,30.589096,2894.9,284.36,-0.47,27.13
2026-06-04 10:05:02.500,drone_002,PLAN2,103.911675,30.794454,2551.7,216.0,-0.14,25.07
2026-06-04 10:05:03.000,drone_001,PLAN2,104.228822,30.589867,2893.9,284.99,-0.4,28.94
2026-06-04 10:05:03.000,drone_002,PLAN2,103.911954,30.795152,2553.2,214.86,0.08,25.05
2026-06-04 10:05:03.500,drone_001,PLAN2,104.229481,30.590626,2893.9,285.45,0.06,26.76
2026-06-04 10:05:03.500,drone_002,PLAN2,103.912196,30.795962,2552.9,214.15,0.56,26.53
2026-06-04 10:05:04.000,drone_001,PLAN2,104.230062,30.591376,2894.7,286.45,-0.94,27.62
2026-06-04 10:05:04.000,drone_002,PLAN2,103.912529,30.796766,2552.7,213.85,-0.61,25.12
2026-06-04 10:05:04.500,drone_001,PLAN2,104.23067,30.592083,2893.6,287.11,0.11,27.86
2026-06-04 10:05:04.500,drone_002,PLAN2,103.912792,30.797523,2550.4,212.84,0.86,24.73
2026-06-04 10:05:05.000,drone_001,PLAN2,104.231333,30.5928,2891.6,287.8,0.15,27.78
2026-06-04 10:05:05.000,drone_002,PLAN2,103.913116,30.798336,2552.7,211.97,0.37,25.83
2026-06-04 10:05:05.500,drone_001,PLAN2,104.23191,30.593607,2893.7,287.79,-0.95,27.54
2026-06-04 10:05:05.500,drone_002,PLAN2,103.913368,30.799204,2553.8,211.17,-0.79,25.94
2026-06-04 10:05:06.000,drone_001,PLAN2,104.232433,30.594351,2892.7,289.19,-0.35,28.1
2026-06-04 10:05:06.000,drone_002,PLAN2,103.91368,30.79996,2553.1,210.62,1.03,24.93
2026-06-04 10:05:06.500,drone_001,PLAN2,104.233002,30.595069,2892.5,290.99,-0.45,28.47
2026-06-04 10:05:06.500,drone_002,PLAN2,103.913973,30.800739,2553.4,209.72,-0.28,26.26
2026-06-04 10:05:07.000,drone_001,PLAN2,104.23364,30.595807,2890.2,290.96,-0.15,28.35
2026-06-04 10:05:07.000,drone_002,PLAN2,103.914331,30.80156,2551.9,208.69,0.57,25.65
2026-06-04 10:05:07.500,drone_001,PLAN2,104.23428,30.596541,2891.3,291.73,-0.36,28.49
2026-06-04 10:05:07.500,drone_002,PLAN2,103.914539,30.802338,2556.0,208.14,0.19,25.7
2026-06-04 10:05:08.000,drone_001,PLAN2,104.234799,30.597268,2888.7,292.49,-0.56,28.21
2026-06-04 10:05:08.000,drone_002,PLAN2,103.914875,30.803117,2554.9,207.52,-0.04,26.19
2026-06-04 10:05:08.500,drone_001,PLAN2,104.235435,30.597966,2887.5,293.19,-0.31,27.89
2026-06-04 10:05:08.500,drone_002,PLAN2,103.915157,30.803883,2556.2,206.82,0.24,25.21
2026-06-04 10:05:09.000,drone_001,PLAN2,104.235997,30.598653,2888.0,293.69,-0.39,28.43
2026-06-04 10:05:09.000,drone_002,PLAN2,103.915343,30.804657,2554.2,206.87,1.13,24.9
2026-06-04 10:05:09.500,drone_001,PLAN2,104.236636,30.59943,2888.7,294.54,-0.2,28.68
2026-06-04 10:05:09.500,drone_002,PLAN2,103.915706,30.805444,2556.9,205.37,-0.19,24.98
2026-06-04 10:05:10.000,drone_001,PLAN2,104.237152,30.600199,2887.1,295.1,-0.13,28.73
2026-06-04 10:05:10.000,drone_002,PLAN2,103.915992,30.806275,2556.9,204.94,-0.13,26.37
2026-06-04 10:05:10.500,drone_001,PLAN2,104.23779,30.600856,2886.4,295.93,-0.2,27.36
2026-06-04 10:05:10.500,drone_002,PLAN2,103.916315,30.806997,2555.8,204.02,-0.15,25.01
2026-06-04 10:05:11.000,drone_001,PLAN2,104.238399,30.601615,2885.9,297.32,-0.12,27.97
2026-06-04 10:05:11.000,drone_002,PLAN2,103.916477,30.807824,2556.4,202.97,0.81,24.4
2026-06-04 10:05:11.500,drone_001,PLAN2,104.238978,30.602276,2886.9,297.55,-1.0,28.93
2026-06-04 10:05:11.500,drone_002,PLAN2,103.91685,30.808487,2558.2,202.51,0.67,25.84
2026-06-04 10:05:12.000,drone_001,PLAN2,104.23952,30.60295,2884.3,298.37,-0.76,27.81
2026-06-04 10:05:12.000,drone_002,PLAN2,103.917088,30.809352,2556.6,201.63,0.73,25.79
2026-06-04 10:05:12.500,drone_001,PLAN2,104.240119,30.603678,2883.2,299.66,0.66,27.75
2026-06-04 10:05:12.500,drone_002,PLAN2,103.917296,30.810088,2559.5,200.62,-0.46,25.77
2026-06-04 10:05:13.000,drone_001,PLAN2,104.240684,30.604412,2884.5,299.8,0.4,28.06
2026-06-04 10:05:13.000,drone_002,PLAN2,103.917586,30.81087,2559.0,200.21,-0.26,26.37
2026-06-04 10:05:13.500,drone_001,PLAN2,104.241298,30.605108,2883.5,300.76,0.58,28.31
2026-06-04 10:05:13.500,drone_002,PLAN2,103.91787,30.811626,2560.6,199.33,0.51,25.33
2026-06-04 10:05:14.000,drone_001,PLAN2,104.241805,30.605722,2882.6,301.49,-0.29,27.86
2026-06-04 10:05:14.000,drone_002,PLAN2,103.918144,30.812393,2559.1,198.06,1.08,25.57
2026-06-04 10:05:14.500,drone_001,PLAN2,104.24243,30.606467,2882.6,302.03,-0.35,28.38
2026-06-04 10:05:14.500,drone_002,PLAN2,103.918357,30.813106,2558.8,197.93,0.7,24.94
2026-06-04 10:05:15.000,drone_001,PLAN2,104.242984,30.607176,2881.0,302.37,0.0,27.98
2026-06-04 10:05:15.000,drone_002,PLAN2,103.918727,30.813873,2559.3,197.5,0.49,25.94
2026-06-04 10:05:15.500,drone_001,PLAN2,104.243569,30.607846,2881.4,303.63,-0.59,27.34
2026-06-04 10:05:15.500,drone_002,PLAN2,103.918938,30.814617,2559.7,196.21,0.13,25.06
2026-06-04 10:05:16.000,drone_001,PLAN2,104.244137,30.6085,2879.6,304.52,0.01,28.11
2026-06-04 10:05:16.000,drone_002,PLAN2,103.919215,30.815403,2559.5,195.71,0.12,26.17
2026-06-04 10:05:16.500,drone_001,PLAN2,104.244777,30.60919,2879.4,305.0,-0.49,27.69
2026-06-04 10:05:16.500,drone_002,PLAN2,103.919427,30.816108,2559.2,194.33,0.48,25.57
2026-06-04 10:05:17.000,drone_001,PLAN2,104.245279,30.609877,2880.9,305.91,-0.6,27.91
2026-06-04 10:05:17.000,drone_002,PLAN2,103.919652,30.816876,2558.8,194.49,-0.38,25.75
2026-06-04 10:05:17.500,drone_001,PLAN2,104.245873,30.610535,2879.2,306.53,-1.45,26.92
2026-06-04 10:05:17.500,drone_002,PLAN2,103.919919,30.817578,2561.9,192.97,-0.32,25.19
2026-06-04 10:05:18.000,drone_001,PLAN2,104.246461,30.611136,2874.3,307.11,0.05,28.24
2026-06-04 10:05:18.000,drone_002,PLAN2,103.920188,30.81829,2562.3,192.24,0.21,26.23
2026-06-04 10:05:18.500,drone_001,PLAN2,104.246996,30.611816,2877.2,307.85,-1.67,27.69
2026-06-04 10:05:18.500,drone_002,PLAN2,103.920381,30.818967,2560.3,192.02,-0.42,25.16
2026-06-04 10:05:19.000,drone_001,PLAN2,104.247548,30.612464,2876.9,309.1,-1.17,28.14
2026-06-04 10:05:19.000,drone_002,PLAN2,103.92064,30.819769,2564.0,190.62,0.72,26.08
2026-06-04 10:05:19.500,drone_001,PLAN2,104.248173,30.613106,2875.8,309.94,-1.14,26.92
2026-06-04 10:05:19.500,drone_002,PLAN2,103.92085,30.820534,2562.3,191.0,-0.48,25.18
2026-06-04 10:05:20.000,drone_001,PLAN2,104.248677,30.61379,2873.5,310.56,0.02,29.05
2026-06-04 10:05:20.000,drone_002,PLAN2,103.921079,30.821135,2562.0,188.98,-0.78,26.14
2026-06-04 10:05:20.500,drone_001,PLAN2,104.249187,30.614425,2873.7,310.84,0.01,27.33
2026-06-04 10:05:20.500,drone_002,PLAN2,103.921275,30.821908,2564.0,188.86,0.1,25.05
2026-06-04 10:05:21.000,drone_001,PLAN2,104.249833,30.614997,2875.1,312.21,-0.28,27.19
2026-06-04 10:05:21.000,drone_002,PLAN2,103.921526,30.822648,2564.0,188.14,-0.14,26.07
2026-06-04 10:05:21.500,drone_001,PLAN2,104.250345,30.615578,2873.2,312.68,0.86,28.36
2026-06-04 10:05:21.500,drone_002,PLAN2,103.921775,30.823355,2563.5,187.2,-0.25,25.78
2026-06-04 10:05:22.000,drone_001,PLAN2,104.250928,30.616242,2872.7,313.76,-0.78,28.23
2026-06-04 10:05:22.000,drone_002,PLAN2,103.921992,30.824015,2564.2,186.17,-0.47,25.93
2026-06-04 10:05:22.500,drone_001,PLAN2,104.251443,30.616814,2872.8,314.11,-0.38,28.49
2026-06-04 10:05:22.500,drone_002,PLAN2,103.922196,30.824715,2563.9,186.4,-0.17,25.67
2026-06-04 10:05:23.000,drone_001,PLAN2,104.251991,30.617455,2871.5,315.23,-1.24,27.55
2026-06-04 10:05:23.000,drone_002,PLAN2,103.922401,30.825353,2562.7,185.43,-0.59,25.49
2026-06-04 10:05:23.500,drone_001,PLAN2,104.252534,30.618016,2869.3,315.67,-0.78,27.1
2026-06-04 10:05:23.500,drone_002,PLAN2,103.922567,30.826119,2564.9,184.48,0.37,25.91
2026-06-04 10:05:24.000,drone_001,PLAN2,104.253063,30.618589,2870.0,316.0,-0.06,29.16
2026-06-04 10:05:24.000,drone_002,PLAN2,103.922786,30.826685,2564.4,183.61,-0.31,25.84
2026-06-04 10:05:24.500,drone_001,PLAN2,104.253657,30.619226,2868.7,317.26,-0.14,27.89
2026-06-04 10:05:24.500,drone_002,PLAN2,103.922975,30.827361,2565.4,182.69,0.73,25.82
2026-06-04 10:05:25.000,drone_001,PLAN2,104.254206,30.619788,2869.3,317.89,-0.45,27.37
2026-06-04 10:05:25.000,drone_002,PLAN2,103.923194,30.828152,2564.7,182.12,0.15,26.02
2026-06-04 10:05:25.500,drone_001,PLAN2,104.254734,30.620289,2867.2,318.47,-0.18,27.62
2026-06-04 10:05:25.500,drone_002,PLAN2,103.923367,30.828776,2566.4,181.82,1.18,24.91
2026-06-04 10:05:26.000,drone_001,PLAN2,104.255219,30.620853,2866.7,318.98,0.11,27.46
2026-06-04 10:05:26.000,drone_002,PLAN2,103.923553,30.829415,2567.0,180.96,0.56,26.26
2026-06-04 10:05:26.500,drone_001,PLAN2,104.255745,30.621467,2866.9,319.69,-0.47,28.14
2026-06-04 10:05:26.500,drone_002,PLAN2,103.923738,30.830112,2565.8,179.63,-0.02,25.59
2026-06-04 10:05:27.000,drone_001,PLAN2,104.256308,30.622001,2866.0,321.3,0.26,27.55
2026-06-04 10:05:27.000,drone_002,PLAN2,103.923917,30.830745,2567.4,178.78,-0.17,25.33
2026-06-04 10:05:27.500,drone_001,PLAN2,104.256819,30.622523,2867.1,322.02,-0.78,27.73
2026-06-04 10:05:27.500,drone_002,PLAN2,103.924059,30.831346,2568.1,178.34,0.07,26.18
2026-06-04 10:05:28.000,drone_001,PLAN2,104.257326,30.623082,2867.0,322.12,-0.44,28.46
2026-06-04 10:05:28.000,drone_002,PLAN2,103.924239,30.831984,2566.2,177.72,1.33,26.24
2026-06-04 10:05:28.500,drone_001,PLAN2,104.25788,30.623558,2863.0,323.12,0.01,27.08
2026-06-04 10:05:28.500,drone_002,PLAN2,103.924376,30.832614,2566.7,176.58,0.2,25.22
2026-06-04 10:05:29.000,drone_001,PLAN2,104.258414,30.624097,2866.0,323.97,0.27,27.79
2026-06-04 10:05:29.000,drone_002,PLAN2,103.924546,30.833246,2568.0,176.28,0.03,26.45
2026-06-04 10:05:29.500,drone_001,PLAN2,104.258874,30.624581,2861.5,324.22,-0.21,27.99
2026-06-04 10:05:29.500,drone_002,PLAN2,103.924705,30.83386,2568.7,174.95,0.47,25.39
2026-06-04 10:05:30.000,drone_001,PLAN2,104.259428,30.625118,2863.1,325.67,-0.4,28.41
2026-06-04 10:05:30.000,drone_002,PLAN2,103.924877,30.834499,2567.9,174.33,0.54,26.0
2026-06-04 10:05:30.500,drone_001,PLAN2,104.259936,30.625623,2861.7,326.23,0.81,27.85
2026-06-04 10:05:30.500,drone_002,PLAN2,103.925081,30.835145,2567.9,173.67,0.6,26.12
2026-06-04 10:05:31.000,drone_001,PLAN2,104.260416,30.626076,2860.0,327.01,-0.51,27.57
2026-06-04 10:05:31.000,drone_002,PLAN2,103.925171,30.835639,2567.2,173.16,-0.72,25.88
2026-06-04 10:05:31.500,drone_001,PLAN2,104.260871,30.626605,2861.5,327.78,-0.63,28.19
2026-06-04 10:05:31.500,drone_002,PLAN2,103.925321,30.836243,2569.2,172.27,-0.34,25.89
2026-06-04 10:05:32.000,drone_001,PLAN2,104.261426,30.627015,2860.0,328.05,-0.44,27.77
2026-06-04 10:05:32.000,drone_002,PLAN2,103.925394,30.836931,2569.8,172.01,-0.08,25.55
2026-06-04 10:05:32.500,drone_001,PLAN2,104.261962,30.627491,2860.3,328.82,-0.51,28.53
2026-06-04 10:05:32.500,drone_002,PLAN2,103.925515,30.837439,2569.5,170.55,0.39,26.06
2026-06-04 10:05:33.000,drone_001,PLAN2,104.262417,30.627887,2860.5,330.3,0.23,28.36
2026-06-04 10:05:33.000,drone_002,PLAN2,103.925688,30.838014,2569.7,169.75,-0.59,24.94
2026-06-04 10:05:33.500,drone_001,PLAN2,104.262935,30.628382,2858.7,330.99,-0.43,28.39
2026-06-04 10:05:33.500,drone_002,PLAN2,103.925823,30.838583,2570.8,169.16,0.79,25.73
2026-06-04 10:05:34.000,drone_001,PLAN2,104.26341,30.628786,2857.2,331.66,-1.49,28.22
2026-06-04 10:05:34.000,drone_002,PLAN2,103.925892,30.839159,2569.9,168.8,0.44,25.39
2026-06-04 10:05:34.500,drone_001,PLAN2,104.263909,30.629145,2859.1,332.52,-0.78,28.74
2026-06-04 10:05:34.500,drone_002,PLAN2,103.92602,30.839717,2571.9,167.64,0.52,25.53
2026-06-04 10:05:35.000,drone_001,PLAN2,104.264378,30.629592,2857.5,332.84,-0.66,28.17
2026-06-04 10:05:35.000,drone_002,PLAN2,103.9261,30.840344,2571.2,167.04,-0.09,26.27
2026-06-04 10:05:35.500,drone_001,PLAN2,104.264835,30.629964,2856.8,333.95,-0.52,27.84
2026-06-04 10:05:35.500,drone_002,PLAN2,103.926126,30.840828,2571.5,165.79,-0.35,24.72
2026-06-04 10:05:36.000,drone_001,PLAN2,104.265404,30.630419,2855.6,334.56,0.01,27.44
2026-06-04 10:05:36.000,drone_002,PLAN2,103.926274,30.841351,2571.2,165.9,0.18,25.33
2026-06-04 10:05:36.500,drone_001,PLAN2,104.265862,30.630834,2853.5,335.27,-0.62,27.68
2026-06-04 10:05:36.500,drone_002,PLAN2,103.926353,30.841879,2571.6,164.53,0.89,26.03
2026-06-04 10:05:37.000,drone_001,PLAN2,104.266334,30.631237,2854.4,336.08,-0.49,28.69
2026-06-04 10:05:37.000,drone_002,PLAN2,103.926434,30.842352,2571.2,164.37,-0.24,25.29
2026-06-04 10:05:37.500,drone_001,PLAN2,104.266828,30.631569,2853.1,336.94,-0.91,27.34
2026-06-04 10:05:37.500,drone_002,PLAN2,103.926516,30.842947,2572.5,163.62,1.16,25.99
2026-06-04 10:05:38.000,drone_001,PLAN2,104.267294,30.631975,2854.6,337.15,0.34,27.82
2026-06-04 10:05:38.000,drone_002,PLAN2,103.926567,30.843434,2572.6,162.44,0.6,26.07
2026-06-04 10:05:38.500,drone_001,PLAN2,104.267748,30.632282,2853.3,338.63,-0.05,28.28
2026-06-04 10:05:38.500,drone_002,PLAN2,103.926612,30.843943,2573.9,161.42,-0.76,25.91
2026-06-04 10:05:39.000,drone_001,PLAN2,104.268223,30.632626,2853.4,339.22,0.02,27.88
2026-06-04 10:05:39.000,drone_002,PLAN2,103.926712,30.844515,2573.0,160.92,-0.54,25.59
2026-06-04 10:05:39.500,drone_001,PLAN2,104.268606,30.632949,2851.2,339.27,0.04,28.1
2026-06-04 10:05:39.500,drone_002,PLAN2,103.926752,30.844946,2573.7,160.5,0.18,25.12
2026-06-04 10:05:40.000,drone_001,PLAN2,104.26911,30.633244,2852.4,340.21,-0.24,28.31
2026-06-04 10:05:40.000,drone_002,PLAN2,103.926824,30.845386,2572.7,159.12,-0.07,25.07
2026-06-04 10:05:40.500,drone_001,PLAN2,104.269574,30.633623,2850.1,340.89,0.3,27.03
2026-06-04 10:05:40.500,drone_002,PLAN2,103.926771,30.845891,2574.1,158.38,0.32,25.4
2026-06-04 10:05:41.000,drone_001,PLAN2,104.269968,30.633834,2848.8,342.12,-0.03,28.01
2026-06-04 10:05:41.000,drone_002,PLAN2,103.926844,30.846332,2575.3,157.51,-0.7,24.6
2026-06-04 10:05:41.500,drone_001,PLAN2,104.270463,30.634174,2850.5,343.07,-0.27,27.52
2026-06-04 10:05:41.500,drone_002,PLAN2,103.926858,30.846816,2575.2,157.67,-0.15,25.26
2026-06-04 10:05:42.000,drone_001,PLAN2,104.270866,30.634419,2849.1,343.61,-0.7,27.91
2026-06-04 10:05:42.000,drone_002,PLAN2,103.926926,30.847307,2575.7,156.54,0.33,25.28
2026-06-04 10:05:42.500,drone_001,PLAN2,104.271308,30.634751,2849.2,344.6,0.8,28.7
2026-06-04 10:05:42.500,drone_002,PLAN2,103.926856,30.847735,2575.8,155.19,-0.02,25.46
2026-06-04 10:05:43.000,drone_001,PLAN2,104.271716,30.635003,2848.1,345.29,-0.51,28.2
2026-06-04 10:05:43.000,drone_002,PLAN2,103.926921,30.848151,2576.8,154.99,0.21,26.03
2026-06-04 10:05:43.500,drone_001,PLAN2,104.272204,30.635205,2848.4,345.67,-0.56,28.22
2026-06-04 10:05:43.500,drone_002,PLAN2,103.926909,30.848606,2575.7,154.43,0.07,26.48
2026-06-04 10:05:44.000,drone_001,PLAN2,104.272611,30.635496,2846.1,346.33,0.73,27.2
2026-06-04 10:05:44.000,drone_002,PLAN2,103.926895,30.849027,2575.2,153.62,0.02,25.2
2026-06-04 10:05:44.500,drone_001,PLAN2,104.273054,30.635721,2846.5,347.2,-0.27,28.32
2026-06-04 10:05:44.500,drone_002,PLAN2,103.926924,30.849416,2576.3,152.73,0.11,25.25
2026-06-04 10:05:45.000,drone_001,PLAN2,104.273506,30.635949,2846.9,347.93,-0.72,28.08
2026-06-04 10:05:45.000,drone_002,PLAN2,103.926886,30.849844,2577.4,151.63,-0.67,25.04
2026-06-04 10:05:45.500,drone_001,PLAN2,104.273866,30.636154,2844.4,348.83,0.62,27.67
2026-06-04 10:05:45.500,drone_002,PLAN2,103.926794,30.850296,2575.3,151.02,0.15,25.96
2026-06-04 10:05:46.000,drone_001,PLAN2,104.27432,30.636317,2845.8,349.52,-0.85,28.84
2026-06-04 10:05:46.000,drone_002,PLAN2,103.926853,30.850599,2577.7,150.48,-0.96,26.27
2026-06-04 10:05:46.500,drone_001,PLAN2,104.274689,30.636514,2845.2,350.2,-0.53,27.74
2026-06-04 10:05:46.500,drone_002,PLAN2,103.926848,30.850986,2577.6,149.47,-0.12,25.3
2026-06-04 10:05:47.000,drone_001,PLAN2,104.27508,30.636756,2843.3,350.73,0.18,28.22
2026-06-04 10:05:47.000,drone_002,PLAN2,103.926738,30.851373,2577.7,149.18,-0.08,26.06
2026-06-04 10:05:47.500,drone_001,PLAN2,104.275513,30.636905,2844.4,351.45,0.22,27.89
2026-06-04 10:05:47.500,drone_002,PLAN2,103.926664,30.851742,2579.6,148.3,0.28,25.85
2026-06-04 10:05:48.000,drone_001,PLAN2,104.275901,30.637033,2843.4,352.57,-1.32,28.11
2026-06-04 10:05:48.000,drone_002,PLAN2,103.926649,30.852119,2578.2,147.44,0.56,25.48
2026-06-04 10:05:48.500,drone_001,PLAN2,104.276329,30.637213,2842.1,353.67,0.23,28.93
2026-06-04 10:05:48.500,drone_002,PLAN2,103.926595,30.852463,2578.8,146.51,-0.03,25.41
2026-06-04 10:05:49.000,drone_001,PLAN2,104.276677,30.637302,2841.4,353.78,0.01,28.46
2026-06-04 10:05:49.000,drone_002,PLAN2,103.926525,30.852849,2579.7,145.78,-0.66,25.47
2026-06-04 10:05:49.500,drone_001,PLAN2,104.277142,30.637419,2841.3,353.93,-0.39,28.69
2026-06-04 10:05:49.500,drone_002,PLAN2,103.926455,30.853216,2579.0,145.08,-0.26,25.24
2026-06-04 10:05:50.000,drone_001,PLAN2,104.277485,30.637546,2840.3,355.76,0.62,27.67
2026-06-04 10:05:50.000,drone_002,PLAN2,103.926396,30.853506,2582.6,144.26,-0.47,25.72
2026-06-04 10:05:50.500,drone_001,PLAN2,104.277848,30.637631,2841.3,356.12,-0.03,27.34
2026-06-04 10:05:50.500,drone_002,PLAN2,103.926319,30.853769,2580.6,143.64,-0.92,24.49
2026-06-04 10:05:51.000,drone_001,PLAN2,104.278258,30.63777,2839.0,356.67,-1.7,28.38
2026-06-04 10:05:51.000,drone_002,PLAN2,103.926219,30.854129,2582.0,143.31,0.19,25.63
2026-06-04 10:05:51.500,drone_001,PLAN2,104.278561,30.637742,2840.0,358.2,-0.17,28.0
2026-06-04 10:05:51.500,drone_002,PLAN2,103.926116,30.854394,2580.8,141.96,1.23,26.25
2026-06-04 10:05:52.000,drone_001,PLAN2,104.279012,30.637946,2837.3,358.47,-0.26,27.31
2026-06-04 10:05:52.000,drone_002,PLAN2,103.926068,30.854741,2581.1,141.49,0.08,26.02
2026-06-04 10:05:52.500,drone_001,PLAN2,104.279362,30.637976,2838.9,359.01,0.84,27.96
2026-06-04 10:05:52.500,drone_002,PLAN2,103.925915,30.855035,2580.8,140.49,-0.63,25.7
2026-06-04 10:05:53.000,drone_001,PLAN2,104.279733,30.637982,2839.2,359.9,-0.38,27.83
2026-06-04 10:05:53.000,drone_002,PLAN2,103.925754,30.855286,2580.1,139.97,-0.67,25.83
2026-06-04 10:05:53.500,drone_001,PLAN2,104.280066,30.638094,2836.3,0.3,-0.22,28.44
2026-06-04 10:05:53.500,drone_002,PLAN2,103.925643,30.855577,2580.7,139.13,0.3,26.35
2026-06-04 10:05:54.000,drone_001,PLAN2,104.280457,30.638039,2837.5,1.88,-0.72,28.46
2026-06-04 10:05:54.000,drone_002,PLAN2,103.92557,30.855827,2580.8,138.77,0.56,25.62
2026-06-04 10:05:54.500,drone_001,PLAN2,104.280789,30.638069,2837.7,2.5,-0.59,27.6
2026-06-04 10:05:54.500,drone_002,PLAN2,103.925421,30.856067,2579.7,138.09,0.57,25.86
2026-06-04 10:05:55.000,drone_001,PLAN2,104.281121,30.638063,2834.3,3.12,-0.48,28.07
2026-06-04 10:05:55.000,drone_002,PLAN2,103.925204,30.856322,2581.8,137.02,0.6,26.01
2026-06-04 10:05:55.500,drone_001,PLAN2,104.28152,30.6381,2835.0,4.18,-0.34,28.37
2026-06-04 10:05:55.500,drone_002,PLAN2,103.925103,30.856593,2584.7,136.34,0.37,26.0
2026-06-04 10:05:56.000,drone_001,PLAN2,104.281837,30.638053,2833.7,4.72,-0.96,28.45
2026-06-04 10:05:56.000,drone_002,PLAN2,103.924902,30.856838,2582.6,135.43,0.04,25.61
2026-06-04 10:05:56.500,drone_001,PLAN2,104.282214,30.638023,2835.2,5.48,-0.26,27.81
2026-06-04 10:05:56.500,drone_002,PLAN2,103.924756,30.857018,2583.4,134.47,0.17,25.4
2026-06-04 10:05:57.000,drone_001,PLAN2,104.282518,30.638009,2833.8,6.41,-0.26,29.31
2026-06-04 10:05:57.000,drone_002,PLAN2,103.924591,30.857216,2582.3,134.3,-0.27,25.81
2026-06-04 10:05:57.500,drone_001,PLAN2,104.282858,30.63795,2834.3,6.71,0.02,28.13
2026-06-04 10:05:57.500,drone_002,PLAN2,103.924408,30.857449,2585.0,133.11,0.55,26.15
2026-06-04 10:05:58.000,drone_001,PLAN2,104.283162,30.637789,2833.0,7.56,-0.48,28.91
2026-06-04 10:05:58.000,drone_002,PLAN2,103.924227,30.857655,2583.0,132.73,-1.05,25.88
2026-06-04 10:05:58.500,drone_001,PLAN2,104.283456,30.637825,2832.6,8.32,0.24,27.72
2026-06-04 10:05:58.500,drone_002,PLAN2,103.924026,30.857771,2583.5,131.34,-0.42,25.33
2026-06-04 10:05:59.000,drone_001,PLAN2,104.283766,30.637747,2832.4,9.18,0.01,28.12
2026-06-04 10:05:59.000,drone_002,PLAN2,103.923801,30.857984,2584.7,131.17,-0.12,25.13
2026-06-04 10:05:59.500,drone_001,PLAN2,104.284127,30.637597,2830.5,9.74,-0.19,28.67
2026-06-04 10:05:59.500,drone_002,PLAN2,103.923665,30.858189,2585.1,130.07,0.02,26.48
2026-06-04 10:06:00.000,drone_001,PLAN2,104.284428,30.637511,2830.4,10.95,-0.09,27.37
2026-06-04 10:06:00.000,drone_002,PLAN2,103.923346,30.858325,2585.1,129.14,0.21,25.62
2026-06-04 10:06:00.500,drone_001,PLAN2,104.284706,30.637425,2831.1,11.39,-0.05,27.62
2026-06-04 10:06:00.500,drone_002,PLAN2,103.923207,30.858525,2585.0,129.09,0.01,25.18
2026-06-04 10:06:01.000,drone_001,PLAN2,104.285013,30.637267,2831.0,11.77,0.16,28.12
2026-06-04 10:06:01.000,drone_002,PLAN2,103.923043,30.858709,2585.7,127.77,-0.7,24.78
2026-06-04 10:06:01.500,drone_001,PLAN2,104.285369,30.637135,2827.2,13.18,0.15,28.1
2026-06-04 10:06:01.500,drone_002,PLAN2,103.92276,30.858755,2586.9,126.62,0.89,25.03
2026-06-04 10:06:02.000,drone_001,PLAN2,104.285614,30.636887,2829.3,13.28,-0.09,27.27
2026-06-04 10:06:02.000,drone_002,PLAN2,103.922514,30.858967,2585.4,126.47,0.26,25.46
2026-06-04 10:06:02.500,drone_001,PLAN2,104.285962,30.636799,2826.5,14.2,-0.32,27.98
2026-06-04 10:06:02.500,drone_002,PLAN2,103.92229,30.859002,2587.8,125.63,-0.69,25.76
2026-06-04 10:06:03.000,drone_001,PLAN2,104.286227,30.636653,2828.0,14.49,-0.87,28.36
2026-06-04 10:06:03.000,drone_002,PLAN2,103.92202,30.859194,2585.2,125.26,-0.08,25.11
2026-06-04 10:06:03.500,drone_001,PLAN2,104.286532,30.636457,2826.3,15.35,-0.59,27.98
2026-06-04 10:06:03.500,drone_002,PLAN2,103.92179,30.859334,2588.0,124.02,0.29,25.76
2026-06-04 10:06:04.000,drone_001,PLAN2,104.286777,30.636282,2828.7,16.0,-0.45,28.49
2026-06-04 10:06:04.000,drone_002,PLAN2,103.921525,30.859394,2585.6,123.09,0.49,26.19
2026-06-04 10:06:04.500,drone_001,PLAN2,104.287087,30.636047,2828.1,17.24,-0.68,28.43
2026-06-04 10:06:04.500,drone_002,PLAN2,103.921232,30.859435,2584.8,122.78,-0.25,25.23
2026-06-04 10:06:05.000,drone_001,PLAN2,104.287348,30.63583,2825.5,18.15,-0.25,28.08
2026-06-04 10:06:05.000,drone_002,PLAN2,103.920967,30.859555,2585.4,121.93,-0.43,25.37
2026-06-04 10:06:05.500,drone_001,PLAN2,104.287651,30.635574,2826.8,19.02,-0.83,28.41
2026-06-04 10:06:05.500,drone_002,PLAN2,103.920663,30.859629,2588.0,121.21,-0.37,25.2
2026-06-04 10:06:06.000,drone_001,PLAN2,104.287834,30.635368,2825.0,19.39,-0.62,28.79
2026-06-04 10:06:06.000,drone_002,PLAN2,103.920381,30.859708,2587.3,120.67,1.0,24.89
2026-06-04 10:06:06.500,drone_001,PLAN2,104.288176,30.635109,2826.2,20.18,0.03,27.03
2026-06-04 10:06:06.500,drone_002,PLAN2,103.920025,30.859709,2588.7,119.56,0.68,25.62
2026-06-04 10:06:07.000,drone_001,PLAN2,104.288399,30.634864,2822.0,21.13,1.04,28.38
2026-06-04 10:06:07.000,drone_002,PLAN2,103.919758,30.859787,2587.2,119.03,0.99,25.06
2026-06-04 10:06:07.500,drone_001,PLAN2,104.288698,30.634604,2824.3,21.59,-0.31,27.88
2026-06-04 10:06:07.500,drone_002,PLAN2,103.919527,30.859857,2586.8,118.21,-0.64,25.82
2026-06-04 10:06:08.000,drone_001,PLAN2,104.288904,30.63425,2823.7,22.58,-1.08,28.21
2026-06-04 10:06:08.000,drone_002,PLAN2,103.919196,30.859884,2587.6,117.45,-0.14,25.03
2026-06-04 10:06:08.500,drone_001,PLAN2,104.289179,30.633979,2826.4,23.41,0.44,27.49
2026-06-04 10:06:08.500,drone_002,PLAN2,103.918854,30.859909,2587.0,116.69,0.06,25.49
2026-06-04 10:06:09.000,drone_001,PLAN2,104.289402,30.633657,2821.6,24.38,-0.02,27.77
2026-06-04 10:06:09.000,drone_002,PLAN2,103.918524,30.859894,2588.1,115.68,0.47,25.12
2026-06-04 10:06:09.500,drone_001,PLAN2,104.289692,30.633411,2821.7,24.7,-0.0,28.43
2026-06-04 10:06:09.500,drone_002,PLAN2,103.918143,30.859972,2587.4,114.73,0.91,26.28
2026-06-04 10:06:10.000,drone_001,PLAN2,104.289877,30.63309,2822.3,25.23,0.08,27.7
2026-06-04 10:06:10.000,drone_002,PLAN2,103.917782,30.859941,2588.6,114.05,-0.37,26.59
2026-06-04 10:06:10.500,drone_001,PLAN2,104.290103,30.632702,2820.0,26.53,-0.8,28.45
2026-06-04 10:06:10.500,drone_002,PLAN2,103.917461,30.859894,2586.4,113.9,0.18,25.23
2026-06-04 10:06:11.000,drone_001,PLAN2,104.290355,30.632322,2820.3,27.38,-0.43,28.44
2026-06-04 10:06:11.000,drone_002,PLAN2,103.917157,30.859904,2589.6,112.72,0.21,25.33
2026-06-04 10:06:11.500,drone_001,PLAN2,104.290602,30.631967,2820.4,27.9,0.42,28.53
2026-06-04 10:06:11.500,drone_002,PLAN2,103.916807,30.859896,2589.8,112.21,0.43,25.65
2026-06-04 10:06:12.000,drone_001,PLAN2,104.29078,30.631626,2821.5,28.99,-0.43,28.79
2026-06-04 10:06:12.000,drone_002,PLAN2,103.916419,30.859781,2590.7,111.77,0.55,25.29
2026-06-04 10:06:12.500,drone_001,PLAN2,104.291089,30.631247,2820.7,29.2,0.47,28.34
2026-06-04 10:06:12.500,drone_002,PLAN2,103.916029,30.859795,2590.0,110.95,0.42,24.78
2026-06-04 10:06:13.000,drone_001,PLAN2,104.291242,30.630852,2818.4,29.45,-0.31,28.66
2026-06-04 10:06:13.000,drone_002,PLAN2,103.915635,30.859788,2590.8,109.89,-0.08,25.64
2026-06-04 10:06:13.500,drone_001,PLAN2,104.291456,30.630458,2819.3,30.44,0.38,28.61
2026-06-04 10:06:13.500,drone_002,PLAN2,103.915249,30.859656,2590.5,109.59,-0.18,25.43
2026-06-04 10:06:14.000,drone_001,PLAN2,104.291697,30.630022,2819.0,31.92,-0.6,28.99
2026-06-04 10:06:14.000,drone_002,PLAN2,103.914845,30.859637,2590.1,107.87,-0.07,27.07
2026-06-04 10:06:14.500,drone_001,PLAN2,104.291875,30.629617,2818.8,32.65,0.39,28.51
2026-06-04 10:06:14.500,drone_002,PLAN2,103.914491,30.859645,2591.8,108.03,0.16,25.09
2026-06-04 10:06:15.000,drone_001,PLAN2,104.292099,30.629128,2818.0,33.26,0.29,28.09
2026-06-04 10:06:15.000,drone_002,PLAN2,103.914095,30.859448,2590.6,106.52,-0.47,24.25
2026-06-04 10:06:15.500,drone_001,PLAN2,104.292285,30.628734,2817.1,34.2,-0.36,27.65
2026-06-04 10:06:15.500,drone_002,PLAN2,103.91366,30.859427,2590.8,106.1,0.82,26.2
2026-06-04 10:06:16.000,drone_001,PLAN2,104.292476,30.628314,2818.9,33.99,-0.28,27.61
2026-06-04 10:06:16.000,drone_002,PLAN2,103.913233,30.859328,2591.3,105.59,-0.58,25.53
2026-06-04 10:06:16.500,drone_001,PLAN2,104.29272,30.627808,2817.4,35.63,-1.35,27.52
2026-06-04 10:06:16.500,drone_002,PLAN2,103.912828,30.85926,2591.9,104.85,0.09,26.42
2026-06-04 10:06:17.000,drone_001,PLAN2,104.292876,30.627325,2817.2,36.14,0.58,28.0
2026-06-04 10:06:17.000,drone_002,PLAN2,103.912428,30.859073,2590.8,104.43,-0.28,25.77
2026-06-04 10:06:17.500,drone_001,PLAN2,104.292991,30.626865,2816.2,36.85,0.04,27.79
2026-06-04 10:06:17.500,drone_002,PLAN2,103.911918,30.859057,2590.3,103.32,0.5,26.12
2026-06-04 10:06:18.000,drone_001,PLAN2,104.293258,30.626442,2816.7,37.48,-0.66,27.9
2026-06-04 10:06:18.000,drone_002,PLAN2,103.911488,30.858839,2593.3,102.73,0.66,26.2
2026-06-04 10:06:18.500,drone_001,PLAN2,104.293438,30.625805,2816.6,38.33,0.01,27.75
2026-06-04 10:06:18.500,drone_002,PLAN2,103.911048,30.858726,2591.6,101.54,0.27,26.24
2026-06-04 10:06:19.000,drone_001,PLAN2,104.29364,30.625351,2815.2,38.97,-0.36,28.15
2026-06-04 10:06:19.000,drone_002,PLAN2,103.910591,30.858628,2592.1,100.98,0.19,25.51
2026-06-04 10:06:19.500,drone_001,PLAN2,104.293702,30.624865,2815.0,39.65,-0.04,28.09
2026-06-04 10:06:19.500,drone_002,PLAN2,103.910157,30.858436,2593.1,99.76,-0.25,25.32
2026-06-04 10:06:20.000,drone_001,PLAN2,104.29393,30.624221,2816.8,40.49,-0.86,27.6
2026-06-04 10:06:20.000,drone_002,PLAN2,103.909643,30.858323,2593.9,98.83,-0.09,25.28
2026-06-04 10:06:20.500,drone_001,PLAN2,104.294065,30.623762,2814.9,42.1,0.03,28.47
2026-06-04 10:06:20.500,drone_002,PLAN2,103.909165,30.858114,2593.2,98.62,0.18,25.84
2026-06-04 10:06:21.000,drone_001,PLAN2,104.294331,30.62315,2815.5,41.62,-0.05,28.36
2026-06-04 10:06:21.000,drone_002,PLAN2,103.908739,30.857948,2592.4,97.63,-0.01,24.74
2026-06-04 10:06:21.500,drone_001,PLAN2,104.29445,30.62264,2811.4,42.82,-0.25,28.68
2026-06-04 10:06:21.500,drone_002,PLAN2,103.908258,30.85783,2594.0,96.99,0.89,24.93
2026-06-04 10:06:22.000,drone_001,PLAN2,104.294604,30.622046,2813.5,43.3,-0.37,27.51
2026-06-04 10:06:22.000,drone_002,PLAN2,103.907819,30.857577,2592.2,96.08,-0.18,26.7
2026-06-04 10:06:22.500,drone_001,PLAN2,104.294732,30.62144,2812.5,43.98,0.28,27.95
2026-06-04 10:06:22.500,drone_002,PLAN2,103.907256,30.857527,2593.8,95.75,0.32,25.95
2026-06-04 10:06:23.000,drone_001,PLAN2,104.294909,30.620856,2812.6,45.22,0.57,28.1
2026-06-04 10:06:23.000,drone_002,PLAN2,103.906858,30.857303,2592.8,94.96,1.14,25.33
2026-06-04 10:06:23.500,drone_001,PLAN2,104.295,30.620255,2812.8,45.92,-1.02,28.22
2026-06-04 10:06:23.500,drone_002,PLAN2,103.906247,30.85708,2593.6,94.54,-0.44,26.28
2026-06-04 10:06:24.000,drone_001,PLAN2,104.295181,30.619683,2812.2,46.68,0.5,27.62
2026-06-04 10:06:24.000,drone_002,PLAN2,103.905826,30.856796,2595.6,93.55,-0.02,26.71
2026-06-04 10:06:24.500,drone_001,PLAN2,104.29535,30.619103,2811.5,47.18,0.01,28.16
2026-06-04 10:06:24.500,drone_002,PLAN2,103.905268,30.856607,2593.1,92.19,-0.05,26.28
2026-06-04 10:06:25.000,drone_001,PLAN2,104.295406,30.618385,2809.9,48.04,0.61,28.06
2026-06-04 10:06:25.000,drone_002,PLAN2,103.90479,30.856412,2595.2,91.86,0.55,26.15
2026-06-04 10:06:25.500,drone_001,PLAN2,104.295573,30.617772,2812.0,48.92,0.01,28.24
2026-06-04 10:06:25.500,drone_002,PLAN2,103.904195,30.856145,2594.1,91.12,0.28,26.64
2026-06-04 10:06:26.000,drone_001,PLAN2,104.295741,30.617131,2809.6,49.67,-0.22,27.58
2026-06-04 10:06:26.000,drone_002,PLAN2,103.903757,30.855962,2594.2,90.43,0.71,25.56
2026-06-04 10:06:26.500,drone_001,PLAN2,104.295858,30.616429,2810.2,50.22,0.02,28.95
2026-06-04 10:06:26.500,drone_002,PLAN2,103.903123,30.855662,2595.4,89.36,0.68,26.65
2026-06-04 10:06:27.000,drone_001,PLAN2,104.295939,30.615834,2808.7,51.13,-0.46,27.99
2026-06-04 10:06:27.000,drone_002,PLAN2,103.902667,30.8555,2594.5,89.19,0.83,26.15
2026-06-04 10:06:27.500,drone_001,PLAN2,104.296103,30.615138,2809.9,52.15,-0.19,28.33
2026-06-04 10:06:27.500,drone_002,PLAN2,103.902144,30.855242,2593.0,88.15,0.29,24.9
2026-06-04 10:06:28.000,drone_001,PLAN2,104.296244,30.614473,2807.9,52.87,-0.21,28.35
2026-06-04 10:06:28.000,drone_002,PLAN2,103.901533,30.854933,2594.2,87.31,-0.13,25.51
2026-06-04 10:06:28.500,drone_001,PLAN2,104.296331,30.613753,2808.6,53.28,0.03,28.63
2026-06-04 10:06:28.500,drone_002,PLAN2,103.900967,30.854724,2595.4,87.42,0.59,25.53
2026-06-04 10:06:29.000,drone_001,PLAN2,104.296495,30.613081,2808.8,54.25,-0.34,28.49
2026-06-04 10:06:29.000,drone_002,PLAN2,103.900431,30.854464,2594.9,86.59,-0.09,25.55
2026-06-04 10:06:29.500,drone_001,PLAN2,104.296597,30.612358,2807.8,55.78,-0.24,28.18
2026-06-04 10:06:29.500,drone_002,PLAN2,103.899892,30.85414,2595.5,85.41,-0.17,25.93
2026-06-04 10:06:30.000,drone_001,PLAN2,104.296687,30.611629,2808.6,55.66,-1.28,28.07
2026-06-04 10:06:30.000,drone_002,PLAN2,103.899309,30.853841,2594.8,84.23,-1.88,25.21
2026-06-04 10:06:30.500,drone_001,PLAN2,104.296785,30.610939,2807.3,56.03,-0.8,28.27
2026-06-04 10:06:30.500,drone_002,PLAN2,103.89871,30.853559,2598.8,83.79,0.38,25.06
2026-06-04 10:06:31.000,drone_001,PLAN2,104.296894,30.610187,2808.4,56.6,0.66,27.46
2026-06-04 10:06:31.000,drone_002,PLAN2,103.898146,30.853242,2596.4,82.31,0.4,26.19
2026-06-04 10:06:31.500,drone_001,PLAN2,104.297016,30.609469,2807.4,57.33,-0.05,28.64
2026-06-04 10:06:31.500,drone_002,PLAN2,103.897572,30.853016,2598.1,82.07,-0.48,25.61
2026-06-04 10:06:32.000,drone_001,PLAN2,104.297099,30.608747,2806.4,58.65,0.63,27.8
2026-06-04 10:06:32.000,drone_002,PLAN2,103.896986,30.852663,2595.6,81.5,0.24,25.51
2026-06-04 10:06:32.500,drone_001,PLAN2,104.297153,30.607979,2808.1,59.69,-0.41,27.69
2026-06-04 10:06:32.500,drone_002,PLAN2,103.896414,30.852426,2598.3,80.38,0.1,26.21
2026-06-04 10:06:33.000,drone_001,PLAN2,104.297294,30.60722,2807.0,60.42,0.15,29.31
2026-06-04 10:06:33.000,drone_002,PLAN2,103.895795,30.852024,2597.9,79.76,0.69,26.72
2026-06-04 10:06:33.500,drone_001,PLAN2,104.297366,30.606473,2806.7,61.04,-0.78,28.03
2026-06-04 10:06:33.500,drone_002,PLAN2,103.895227,30.851735,2596.8,79.04,0.3,26.53
2026-06-04 10:06:34.000,drone_001,PLAN2,104.297499,30.605716,2806.6,61.31,-0.49,27.86
2026-06-04 10:06:34.000,drone_002,PLAN2,103.894574,30.851331,2596.7,78.03,0.26,25.3
2026-06-04 10:06:34.500,drone_001,PLAN2,104.29757,30.604895,2809.0,62.55,-0.78,27.9
2026-06-04 10:06:34.500,drone_002,PLAN2,103.894011,30.851017,2597.7,77.89,0.57,26.91
2026-06-04 10:06:35.000,drone_001,PLAN2,104.297681,30.604167,2807.7,63.1,0.01,27.59
2026-06-04 10:06:35.000,drone_002,PLAN2,103.893385,30.850736,2597.1,76.88,0.56,26.31
2026-06-04 10:06:35.500,drone_001,PLAN2,104.297706,30.603383,2805.8,63.67,0.18,28.06
2026-06-04 10:06:35.500,drone_002,PLAN2,103.892743,30.850386,2597.1,76.1,0.2,26.29
2026-06-04 10:06:36.000,drone_001,PLAN2,104.297852,30.602569,2806.4,64.21,-0.25,27.81
2026-06-04 10:06:36.000,drone_002,PLAN2,103.892126,30.850029,2597.8,75.46,-0.12,25.07
2026-06-04 10:06:36.500,drone_001,PLAN2,104.297934,30.601757,2804.2,64.98,-0.51,27.88
2026-06-04 10:06:36.500,drone_002,PLAN2,103.891466,30.849742,2597.5,74.57,0.6,25.32
2026-06-04 10:06:37.000,drone_001,PLAN2,104.297962,30.6009,2804.6,66.79,-0.61,27.3
2026-06-04 10:06:37.000,drone_002,PLAN2,103.890912,30.849332,2597.7,73.58,-0.61,26.07
2026-06-04 10:06:37.500,drone_001,PLAN2,104.298071,30.600129,2805.9,66.77,-0.65,28.66
2026-06-04 10:06:37.500,drone_002,PLAN2,103.890247,30.848991,2598.0,72.7,0.99,26.46
2026-06-04 10:06:38.000,drone_001,PLAN2,104.298096,30.599315,2805.8,67.89,1.06,27.52
2026-06-04 10:06:38.000,drone_002,PLAN2,103.889599,30.848627,2596.8,72.28,-0.65,25.3
2026-06-04 10:06:38.500,drone_001,PLAN2,104.298164,30.598427,2803.6,68.63,-0.2,27.79
2026-06-04 10:06:38.500,drone_002,PLAN2,103.888912,30.848267,2598.8,71.73,0.27,25.73
2026-06-04 10:06:39.000,drone_001,PLAN2,104.298308,30.597648,2805.8,69.59,-0.03,27.51
2026-06-04 10:06:39.000,drone_002,PLAN2,103.888294,30.847896,2598.0,70.97,0.59,26.12
2026-06-04 10:06:39.500,drone_001,PLAN2,104.298392,30.596803,2802.5,69.89,-0.7,28.78
2026-06-04 10:06:39.500,drone_002,PLAN2,103.887677,30.847494,2598.2,70.15,-0.11,25.99
2026-06-04 10:06:40.000,drone_001,PLAN2,104.298413,30.595966,2804.5,70.6,-0.1,28.01
2026-06-04 10:06:40.000,drone_002,PLAN2,103.887067,30.847043,2598.2,69.48,-0.23,25.42
2026-06-04 10:06:40.500,drone_001,PLAN2,104.298467,30.595124,2803.4,71.15,-0.66,27.74
2026-06-04 10:06:40.500,drone_002,PLAN2,103.88638,30.846679,2598.4,68.92,-0.25,26.78
2026-06-04 10:06:41.000,drone_001,PLAN2,104.298529,30.594271,2802.6,72.11,-0.14,27.79
2026-06-04 10:06:41.000,drone_002,PLAN2,103.885726,30.846307,2598.8,67.5,0.52,25.81
2026-06-04 10:06:41.500,drone_001,PLAN2,104.298552,30.593365,2803.0,72.58,0.03,28.23
2026-06-04 10:06:41.500,drone_002,PLAN2,103.885075,30.845935,2599.1,67.23,0.8,26.19
2026-06-04 10:06:42.000,drone_001,PLAN2,104.298689,30.59251,2803.2,73.76,-0.24,27.86
2026-06-04 10:06:42.000,drone_002,PLAN2,103.884367,30.845563,2599.3,66.32,0.0,25.7
2026-06-04 10:06:42.500,drone_001,PLAN2,104.298728,30.591579,2802.3,74.8,-0.37,28.24
2026-06-04 10:06:42.500,drone_002,PLAN2,103.883728,30.845073,2597.4,65.22,-0.32,24.7
2026-06-04 10:06:43.000,drone_001,PLAN2,104.298746,30.59074,2802.2,75.43,-0.64,27.94
2026-06-04 10:06:43.000,drone_002,PLAN2,103.883108,30.844734,2597.7,65.16,-0.21,26.3
2026-06-04 10:06:43.500,drone_001,PLAN2,104.298792,30.589885,2800.9,76.45,-0.52,27.95
2026-06-04 10:06:43.500,drone_002,PLAN2,103.882407,30.844346,2598.0,63.94,0.25,24.94
2026-06-04 10:06:44.000,drone_001,PLAN2,104.298867,30.58892,2800.4,76.81,-0.22,28.42
2026-06-04 10:06:44.000,drone_002,PLAN2,103.881733,30.843848,2599.4,64.0,0.51,26.19
2026-06-04 10:06:44.500,drone_001,PLAN2,104.298932,30.58813,2801.7,77.18,0.21,27.3
2026-06-04 10:06:44.500,drone_002,PLAN2,103.881009,30.843494,2599.4,62.55,-0.55,25.56
2026-06-04 10:06:45.000,drone_001,PLAN2,104.298922,30.587192,2802.1,77.93,-0.18,28.15
2026-06-04 10:06:45.000,drone_002,PLAN2,103.880396,30.843089,2598.4,61.74,0.23,25.97
2026-06-04 10:06:45.500,drone_001,PLAN2,104.299019,30.586256,2803.3,79.43,-0.39,27.87
2026-06-04 10:06:45.500,drone_002,PLAN2,103.879695,30.842606,2600.4,61.14,-0.41,25.63
2026-06-04 10:06:46.000,drone_001,PLAN2,104.299034,30.585363,2800.7,79.93,-0.27,28.33
2026-06-04 10:06:46.000,drone_002,PLAN2,103.879031,30.842222,2596.1,60.26,-0.22,25.83
2026-06-04 10:06:46.500,drone_001,PLAN2,104.299135,30.584473,2801.1,80.96,-0.55,27.66
2026-06-04 10:06:46.500,drone_002,PLAN2,103.878348,30.841767,2598.6,59.51,0.95,25.59
2026-06-04 10:06:47.000,drone_001,PLAN2,104.299186,30.583579,2802.9,80.56,-0.99,27.45
2026-06-04 10:06:47.000,drone_002,PLAN2,103.877662,30.841396,2598.3,58.7,-0.12,24.88
2026-06-04 10:06:47.500,drone_001,PLAN2,104.299207,30.582669,2800.0,82.18,0.16,28.23
2026-06-04 10:06:47.500,drone_002,PLAN2,103.87701,30.840929,2599.2,58.01,-0.04,25.0
2026-06-04 10:06:48.000,drone_001,PLAN2,104.299189,30.581755,2800.2,82.74,-0.44,28.38
2026-06-04 10:06:48.000,drone_002,PLAN2,103.876277,30.840486,2599.6,57.25,-0.2,25.06
2026-06-04 10:06:48.500,drone_001,PLAN2,104.299241,30.580859,2801.0,83.31,0.32,27.85
2026-06-04 10:06:48.500,drone_002,PLAN2,103.875579,30.840075,2600.2,56.68,0.56,26.18
2026-06-04 10:06:49.000,drone_001,PLAN2,104.299304,30.579926,2800.4,83.62,0.08,27.92
2026-06-04 10:06:49.000,drone_002,PLAN2,103.874889,30.839669,2600.2,55.71,-0.29,24.75
2026-06-04 10:06:49.500,drone_001,PLAN2,104.299348,30.578937,2801.1,84.94,-0.83,28.58
2026-06-04 10:06:49.500,drone_002,PLAN2,103.874144,30.83919,2600.6,54.99,0.44,25.89
2026-06-04 10:06:50.000,drone_001,PLAN2,104.299398,30.578061,2801.9,85.19,-0.25,27.73
2026-06-04 10:06:50.000,drone_002,PLAN2,103.87347,30.838746,2600.1,53.83,-0.03,26.95
2026-06-04 10:06:50.500,drone_001,PLAN2,104.299443,30.577098,2801.5,86.83,-0.55,28.09
2026-06-04 10:06:50.500,drone_002,PLAN2,103.872795,30.838217,2600.9,53.44,0.64,25.81
2026-06-04 10:06:51.000,drone_001,PLAN2,104.299486,30.576171,2800.1,87.06,-0.56,27.69
2026-06-04 10:06:51.000,drone_002,PLAN2,103.872103,30.837836,2600.6,53.1,0.07,25.59
2026-06-04 10:06:51.500,drone_001,PLAN2,104.29947,30.575287,2801.0,88.01,-0.94,27.89
2026-06-04 10:06:51.500,drone_002,PLAN2,103.87139,30.837381,2600.1,51.83,0.77,25.51
2026-06-04 10:06:52.000,drone_001,PLAN2,104.299596,30.57426,2801.6,88.64,0.46,27.8
2026-06-04 10:06:52.000,drone_002,PLAN2,103.870682,30.836907,2598.8,50.71,0.63,25.54
2026-06-04 10:06:52.500,drone_001,PLAN2,104.299578,30.57337,2801.6,89.47,-0.61,27.13
2026-06-04 10:06:52.500,drone_002,PLAN2,103.869994,30.836456,2600.3,49.91,0.67,25.78
2026-06-04 10:06:53.000,drone_001,PLAN2,104.299621,30.572413,2800.1,90.34,-0.18,28.87
2026-06-04 10:06:53.000,drone_002,PLAN2,103.869203,30.835993,2599.7,50.56,0.73,25.83
2026-06-04 10:06:53.500,drone_001,PLAN2,104.299639,30.571507,2800.2,91.31,-0.25,27.87
2026-06-04 10:06:53.500,drone_002,PLAN2,103.86854,30.835563,2601.6,49.28,1.04,25.71
2026-06-04 10:06:54.000,drone_001,PLAN2,104.299735,30.570523,2800.4,91.96,-0.22,26.92
2026-06-04 10:06:54.000,drone_002,PLAN2,103.867851,30.835065,2599.9,48.01,-0.12,25.65
2026-06-04 10:06:54.500,drone_001,PLAN2,104.299686,30.569548,2799.8,93.11,0.27,27.93
2026-06-04 10:06:54.500,drone_002,PLAN2,103.867155,30.834647,2601.5,47.81,1.23,25.48
2026-06-04 10:06:55.000,drone_001,PLAN2,104.299751,30.568569,2800.1,93.72,-0.56,27.02
2026-06-04 10:06:55.000,drone_002,PLAN2,103.866487,30.834207,2600.6,46.64,-0.78,25.4
2026-06-04 10:06:55.500,drone_001,PLAN2,104.299773,30.567613,2799.7,93.23,0.18,27.59
2026-06-04 10:06:55.500,drone_002,PLAN2,103.865709,30.833741,2599.1,46.28,0.27,25.76
2026-06-04 10:06:56.000,drone_001,PLAN2,104.299791,30.566696,2800.3,94.82,0.13,28.43
2026-06-04 10:06:56.000,drone_002,PLAN2,103.865019,30.833272,2600.1,45.28,-0.71,25.75
2026-06-04 10:06:56.500,drone_001,PLAN2,104.299842,30.565764,2798.9,95.29,-0.99,27.74
2026-06-04 10:06:56.500,drone_002,PLAN2,103.864287,30.832792,2599.2,44.81,-0.44,25.87
2026-06-04 10:06:57.000,drone_001,PLAN2,104.299879,30.56477,2799.2,96.25,-0.54,28.67
2026-06-04 10:06:57.000,drone_002,PLAN2,103.863554,30.832319,2600.8,43.88,0.6,25.8
2026-06-04 10:06:57.500,drone_001,PLAN2,104.299924,30.563809,2801.4,97.74,-0.13,28.03
2026-06-04 10:06:57.500,drone_002,PLAN2,103.862826,30.831919,2600.3,42.95,0.5,25.3
2026-06-04 10:06:58.000,drone_001,PLAN2,104.299883,30.562864,2798.8,98.25,0.24,28.96
2026-06-04 10:06:58.000,drone_002,PLAN2,103.862156,30.831342,2599.1,42.29,-0.23,25.04
2026-06-04 10:06:58.500,drone_001,PLAN2,104.299932,30.561866,2802.0,98.9,-0.0,27.87
2026-06-04 10:06:58.500,drone_002,PLAN2,103.861396,30.830938,2599.1,41.7,-0.73,25.97
2026-06-04 10:06:59.000,drone_001,PLAN2,104.299942,30.560971,2799.8,98.81,0.08,28.08
2026-06-04 10:06:59.000,drone_002,PLAN2,103.860731,30.830426,2600.1,40.94,0.43,26.16
2026-06-04 10:06:59.500,drone_001,PLAN2,104.299999,30.560023,2799.0,100.22,-0.25,27.8
2026-06-04 10:06:59.500,drone_002,PLAN2,103.860003,30.830015,2601.0,40.26,0.33,26.28
2026-06-04 10:07:00.000,drone_001,PLAN3,104.300001,30.560021,2801.1,99.7,-3.15,3.53
2026-06-04 10:07:00.000,drone_002,PLAN3,103.859981,30.829961,2600.0,40.0,-4.3,2.08
2026-06-04 10:07:00.500,drone_001,PLAN3,104.300864,30.560254,2799.5,99.59,-4.06,4.39
2026-06-04 10:07:00.500,drone_002,PLAN3,103.859341,30.829505,2600.3,40.37,-3.15,1.5
2026-06-04 10:07:01.000,drone_001,PLAN3,104.301802,30.560484,2800.1,100.44,-4.13,3.82
2026-06-04 10:07:01.000,drone_002,PLAN3,103.858784,30.828966,2600.6,40.34,-3.62,1.78
2026-06-04 10:07:01.500,drone_001,PLAN3,104.302737,30.56074,2798.9,100.21,-4.87,3.99
2026-06-04 10:07:01.500,drone_002,PLAN3,103.858064,30.828465,2600.6,40.81,-4.09,1.75
2026-06-04 10:07:02.000,drone_001,PLAN3,104.303586,30.561008,2798.4,99.14,-3.31,3.96
2026-06-04 10:07:02.000,drone_002,PLAN3,103.85741,30.827866,2598.8,40.07,-4.39,1.77
2026-06-04 10:07:02.500,drone_001,PLAN3,104.30446,30.56129,2799.2,99.4,-3.66,4.21
2026-06-04 10:07:02.500,drone_002,PLAN3,103.856783,30.827296,2598.5,39.99,-4.25,2.08
2026-06-04 10:07:03.000,drone_001,PLAN3,104.305399,30.561546,2798.3,99.38,-4.19,3.49
2026-06-04 10:07:03.000,drone_002,PLAN3,103.856164,30.826826,2599.9,39.95,-3.46,1.12
2026-06-04 10:07:03.500,drone_001,PLAN3,104.306336,30.56178,2797.0,99.32,-4.77,3.31
2026-06-04 10:07:03.500,drone_002,PLAN3,103.855574,30.826389,2599.3,40.59,-3.82,2.3
2026-06-04 10:07:04.000,drone_001,PLAN3,104.307217,30.562026,2796.5,99.48,-4.39,2.93
2026-06-04 10:07:04.000,drone_002,PLAN3,103.854892,30.825744,2597.2,40.35,-3.96,1.56
2026-06-04 10:07:04.500,drone_001,PLAN3,104.308124,30.562297,2797.4,99.11,-2.94,3.57
2026-06-04 10:07:04.500,drone_002,PLAN3,103.854195,30.825283,2596.2,40.72,-3.95,2.12
2026-06-04 10:07:05.000,drone_001,PLAN3,104.309012,30.562535,2796.0,98.73,-3.08,3.25
2026-06-04 10:07:05.000,drone_002,PLAN3,103.853643,30.824727,2594.3,40.96,-3.68,2.95
2026-06-04 10:07:05.500,drone_001,PLAN3,104.309897,30.562799,2794.7,99.49,-3.78,1.98
2026-06-04 10:07:05.500,drone_002,PLAN3,103.852985,30.824212,2593.1,40.47,-3.38,2.73
2026-06-04 10:07:06.000,drone_001,PLAN3,104.31083,30.562994,2792.2,99.28,-2.71,4.12
2026-06-04 10:07:06.000,drone_002,PLAN3,103.852265,30.823672,2593.2,40.83,-4.48,2.34
2026-06-04 10:07:06.500,drone_001,PLAN3,104.311657,30.563291,2791.5,99.18,-4.31,3.26
2026-06-04 10:07:06.500,drone_002,PLAN3,103.851694,30.823096,2590.1,40.82,-4.12,2.76
2026-06-04 10:07:07.000,drone_001,PLAN3,104.312597,30.563561,2790.5,99.03,-3.5,3.04
2026-06-04 10:07:07.000,drone_002,PLAN3,103.851061,30.822627,2590.1,41.2,-3.01,1.72
2026-06-04 10:07:07.500,drone_001,PLAN3,104.313494,30.563765,2789.6,99.15,-3.14,2.53
2026-06-04 10:07:07.500,drone_002,PLAN3,103.850387,30.822051,2587.5,40.01,-3.44,1.9
2026-06-04 10:07:08.000,drone_001,PLAN3,104.314484,30.564063,2786.7,98.67,-2.08,2.74
2026-06-04 10:07:08.000,drone_002,PLAN3,103.849766,30.821583,2586.6,40.12,-4.06,2.26
2026-06-04 10:07:08.500,drone_001,PLAN3,104.315277,30.564319,2785.6,98.25,-3.24,3.43
2026-06-04 10:07:08.500,drone_002,PLAN3,103.849115,30.821008,2584.9,40.8,-4.36,2.68
2026-06-04 10:07:09.000,drone_001,PLAN3,104.316193,30.564547,2782.3,98.93,-4.18,3.29
2026-06-04 10:07:09.000,drone_002,PLAN3,103.848485,30.820431,2583.5,41.53,-3.4,2.23
2026-06-04 10:07:09.500,drone_001,PLAN3,104.317113,30.56477,2782.6,98.57,-4.02,4.25
2026-06-04 10:07:09.500,drone_002,PLAN3,103.847827,30.819986,2583.2,41.14,-3.21,2.52
2026-06-04 10:07:10.000,drone_001,PLAN3,104.317999,30.565054,2780.3,98.27,-3.19,3.38
2026-06-04 10:07:10.000,drone_002,PLAN3,103.847217,30.819472,2580.9,41.13,-2.93,1.69
2026-06-04 10:07:10.500,drone_001,PLAN3,104.318851,30.565346,2780.8,98.51,-3.77,3.58
2026-06-04 10:07:10.500,drone_002,PLAN3,103.846579,30.818892,2581.2,41.63,-2.94,2.06
2026-06-04 10:07:11.000,drone_001,PLAN3,104.31985,30.565576,2774.6,98.06,-3.36,3.46
2026-06-04 10:07:11.000,drone_002,PLAN3,103.845979,30.818382,2579.9,41.48,-3.72,1.93
2026-06-04 10:07:11.500,drone_001,PLAN3,104.320724,30.565824,2774.7,97.51,-3.63,3.68
2026-06-04 10:07:11.500,drone_002,PLAN3,103.845286,30.817837,2575.6,41.07,-3.02,2.47
2026-06-04 10:07:12.000,drone_001,PLAN3,104.321599,30.566143,2771.2,97.64,-3.8,3.17
2026-06-04 10:07:12.000,drone_002,PLAN3,103.844674,30.817296,2572.1,41.14,-3.52,1.63
2026-06-04 10:07:12.500,drone_001,PLAN3,104.322471,30.566311,2769.7,97.8,-3.33,3.37
2026-06-04 10:07:12.500,drone_002,PLAN3,103.844034,30.816828,2570.4,41.18,-3.31,3.02
2026-06-04 10:07:13.000,drone_001,PLAN3,104.323401,30.566619,2767.4,98.42,-3.66,4.04
2026-06-04 10:07:13.000,drone_002,PLAN3,103.843421,30.816251,2567.9,41.72,-3.56,2.4
2026-06-04 10:07:13.500,drone_001,PLAN3,104.324323,30.566822,2764.8,97.86,-4.23,2.51
2026-06-04 10:07:13.500,drone_002,PLAN3,103.842713,30.815718,2564.8,41.32,-4.08,2.37
2026-06-04 10:07:14.000,drone_001,PLAN3,104.325201,30.567111,2762.1,97.3,-3.99,3.37
2026-06-04 10:07:14.000,drone_002,PLAN3,103.842116,30.81527,2563.9,41.38,-3.72,2.31
2026-06-04 10:07:14.500,drone_001,PLAN3,104.326085,30.567369,2757.8,97.38,-3.75,3.88
2026-06-04 10:07:14.500,drone_002,PLAN3,103.841413,30.814702,2560.7,41.44,-4.23,2.44
2026-06-04 10:07:15.000,drone_001,PLAN3,104.326955,30.56762,2756.1,98.09,-3.59,3.03
2026-06-04 10:07:15.000,drone_002,PLAN3,103.8408,30.814088,2559.6,41.21,-3.3,2.04
2026-06-04 10:07:15.500,drone_001,PLAN3,104.327918,30.567817,2755.8,97.17,-3.58,3.75
2026-06-04 10:07:15.500,drone_002,PLAN3,103.840188,30.813666,2557.5,41.48,-3.77,2.43
2026-06-04 10:07:16.000,drone_001,PLAN3,104.328821,30.56808,2751.4,97.54,-3.68,3.41
2026-06-04 10:07:16.000,drone_002,PLAN3,103.839517,30.81314,2553.1,41.9,-3.63,1.52
2026-06-04 10:07:16.500,drone_001,PLAN3,104.329737,30.568334,2748.6,96.99,-3.47,4.2
2026-06-04 10:07:16.500,drone_002,PLAN3,103.838922,30.812595,2551.0,41.27,-3.15,1.99
2026-06-04 10:07:17.000,drone_001,PLAN3,104.330696,30.568554,2744.5,97.09,-4.35,4.32
2026-06-04 10:07:17.000,drone_002,PLAN3,103.838249,30.812013,2546.6,41.71,-4.33,1.8
2026-06-04 10:07:17.500,drone_001,PLAN3,104.331503,30.568875,2744.8,96.89,-3.63,3.65
2026-06-04 10:07:17.500,drone_002,PLAN3,103.837614,30.811539,2545.1,42.01,-4.88,2.38
2026-06-04 10:07:18.000,drone_001,PLAN3,104.33242,30.569125,2738.0,97.04,-2.59,3.99
2026-06-04 10:07:18.000,drone_002,PLAN3,103.836956,30.81096,2541.1,41.94,-3.59,2.23
2026-06-04 10:07:18.500,drone_001,PLAN3,104.333307,30.569315,2733.8,97.12,-3.33,3.54
2026-06-04 10:07:18.500,drone_002,PLAN3,103.836321,30.810461,2538.0,41.61,-4.13,2.88
2026-06-04 10:07:19.000,drone_001,PLAN3,104.334187,30.569646,2730.7,96.59,-3.37,3.42
2026-06-04 10:07:19.000,drone_002,PLAN3,103.835716,30.809927,2536.6,42.04,-3.54,1.86
2026-06-04 10:07:19.500,drone_001,PLAN3,104.335085,30.569897,2726.9,96.83,-3.63,3.41
2026-06-04 10:07:19.500,drone_002,PLAN3,103.834994,30.809407,2531.7,41.8,-3.73,2.11
2026-06-04 10:07:20.000,drone_001,PLAN3,104.335976,30.57018,2724.0,96.68,-4.33,3.34
2026-06-04 10:07:20.000,drone_002,PLAN3,103.834407,30.808855,2528.6,42.17,-3.69,1.72
2026-06-04 10:07:20.500,drone_001,PLAN3,104.336855,30.570406,2721.2,97.11,-3.16,3.73
2026-06-04 10:07:20.500,drone_002,PLAN3,103.833764,30.80833,2523.9,42.05,-3.62,3.19
2026-06-04 10:07:21.000,drone_001,PLAN3,104.337756,30.570615,2717.8,97.06,-4.05,2.67
2026-06-04 10:07:21.000,drone_002,PLAN3,103.833128,30.807817,2520.2,42.17,-3.16,0.85
2026-06-04 10:07:21.500,drone_001,PLAN3,104.338728,30.570887,2716.3,96.25,-3.99,2.94
2026-06-04 10:07:21.500,drone_002,PLAN3,103.832497,30.807287,2517.6,42.06,-3.37,2.18
2026-06-04 10:07:22.000,drone_001,PLAN3,104.339613,30.571142,2710.1,95.79,-3.99,2.71
2026-06-04 10:07:22.000,drone_002,PLAN3,103.831868,30.806782,2513.1,42.47,-4.63,2.63
2026-06-04 10:07:22.500,drone_001,PLAN3,104.340481,30.571402,2706.6,96.54,-4.13,2.78
2026-06-04 10:07:22.500,drone_002,PLAN3,103.831223,30.806183,2512.2,42.49,-3.94,2.41
2026-06-04 10:07:23.000,drone_001,PLAN3,104.341363,30.571657,2701.3,95.89,-3.39,3.02
2026-06-04 10:07:23.000,drone_002,PLAN3,103.830556,30.805679,2507.5,42.57,-3.23,3.01
2026-06-04 10:07:23.500,drone_001,PLAN3,104.342284,30.571921,2697.7,95.79,-3.95,4.03
2026-06-04 10:07:23.500,drone_002,PLAN3,103.82992,30.805174,2503.9,42.63,-3.45,2.41
2026-06-04 10:07:24.000,drone_001,PLAN3,104.343153,30.572179,2692.3,96.42,-3.34,2.2
2026-06-04 10:07:24.000,drone_002,PLAN3,103.829383,30.804623,2496.4,42.79,-2.87,1.85
2026-06-04 10:07:24.500,drone_001,PLAN3,104.34413,30.572429,2687.4,95.41,-3.74,3.33
2026-06-04 10:07:24.500,drone_002,PLAN3,103.828678,30.804132,2493.9,43.21,-3.19,1.44
2026-06-04 10:07:25.000,drone_001,PLAN3,104.345021,30.572666,2683.1,95.72,-4.22,3.95
2026-06-04 10:07:25.000,drone_002,PLAN3,103.828052,30.803593,2489.6,42.81,-3.47,2.8
2026-06-04 10:07:25.500,drone_001,PLAN3,104.345851,30.572958,2680.1,94.99,-2.95,3.36
2026-06-04 10:07:25.500,drone_002,PLAN3,103.827385,30.803073,2486.4,42.83,-3.37,2.62
2026-06-04 10:07:26.000,drone_001,PLAN3,104.346792,30.57321,2674.7,94.8,-3.69,3.31
2026-06-04 10:07:26.000,drone_002,PLAN3,103.826679,30.802575,2481.0,42.94,-4.15,2.21
2026-06-04 10:07:26.500,drone_001,PLAN3,104.347671,30.573484,2671.1,95.61,-3.26,3.34
2026-06-04 10:07:26.500,drone_002,PLAN3,103.826078,30.802,2477.0,43.41,-3.69,2.68
2026-06-04 10:07:27.000,drone_001,PLAN3,104.348544,30.573652,2667.4,95.65,-3.39,3.2
2026-06-04 10:07:27.000,drone_002,PLAN3,103.825443,30.801488,2473.1,43.09,-2.95,2.4
2026-06-04 10:07:27.500,drone_001,PLAN3,104.349529,30.57394,2662.3,95.16,-3.46,2.52
2026-06-04 10:07:27.500,drone_002,PLAN3,103.824831,30.800962,2467.8,43.58,-4.2,2.04
2026-06-04 10:07:28.000,drone_001,PLAN3,104.35041,30.574193,2658.0,95.09,-3.3,2.91
2026-06-04 10:07:28.000,drone_002,PLAN3,103.824167,30.800421,2462.5,42.73,-3.13,2.45
2026-06-04 10:07:28.500,drone_001,PLAN3,104.351283,30.574424,2654.9,95.65,-3.36,2.98
2026-06-04 10:07:28.500,drone_002,PLAN3,103.823594,30.799861,2459.6,43.03,-4.04,1.75
2026-06-04 10:07:29.000,drone_001,PLAN3,104.352226,30.574746,2649.2,95.11,-3.14,3.22
2026-06-04 10:07:29.000,drone_002,PLAN3,103.822935,30.799402,2453.9,43.39,-3.75,2.27
2026-06-04 10:07:29.500,drone_001,PLAN3,104.353084,30.574898,2642.6,95.43,-3.08,3.1
2026-06-04 10:07:29.500,drone_002,PLAN3,103.82225,30.798857,2448.9,43.22,-3.71,1.69
2026-06-04 10:07:30.000,drone_001,PLAN3,104.353931,30.575152,2637.2,95.24,-3.48,3.04
2026-06-04 10:07:30.000,drone_002,PLAN3,103.82156,30.798294,2443.9,43.12,-3.74,2.69
2026-06-04 10:07:30.500,drone_001,PLAN3,104.354887,30.575452,2633.6,94.74,-3.98,4.5
2026-06-04 10:07:30.500,drone_002,PLAN3,103.820973,30.797833,2441.2,43.27,-4.68,2.09
2026-06-04 10:07:31.000,drone_001,PLAN3,104.355736,30.575694,2630.0,95.07,-3.05,3.7
2026-06-04 10:07:31.000,drone_002,PLAN3,103.820272,30.79722,2435.4,43.54,-2.7,2.49
2026-06-04 10:07:31.500,drone_001,PLAN3,104.356684,30.575935,2622.4,94.1,-3.5,3.74
2026-06-04 10:07:31.500,drone_002,PLAN3,103.819625,30.796728,2428.9,43.49,-2.65,1.87
2026-06-04 10:07:32.000,drone_001,PLAN3,104.357585,30.576185,2617.8,94.81,-3.19,3.52
2026-06-04 10:07:32.000,drone_002,PLAN3,103.819082,30.796169,2423.9,43.65,-3.3,0.97
2026-06-04 10:07:32.500,drone_001,PLAN3,104.358472,30.576425,2609.9,95.11,-2.62,3.48
2026-06-04 10:07:32.500,drone_002,PLAN3,103.818451,30.795669,2418.3,43.68,-4.1,2.64
2026-06-04 10:07:33.000,drone_001,PLAN3,104.359381,30.576731,2606.2,94.13,-4.11,3.55
2026-06-04 10:07:33.000,drone_002,PLAN3,103.817825,30.795126,2411.2,43.77,-3.97,1.61
2026-06-04 10:07:33.500,drone_001,PLAN3,104.360298,30.576923,2600.2,94.23,-4.08,2.84
2026-06-04 10:07:33.500,drone_002,PLAN3,103.817212,30.794714,2408.5,44.03,-3.68,2.55
2026-06-04 10:07:34.000,drone_001,PLAN3,104.361132,30.577195,2594.0,93.86,-3.08,3.24
2026-06-04 10:07:34.000,drone_002,PLAN3,103.816535,30.794069,2405.3,43.56,-3.37,2.15
2026-06-04 10:07:34.500,drone_001,PLAN3,104.36209,30.577457,2587.3,94.84,-3.38,3.47
2026-06-04 10:07:34.500,drone_002,PLAN3,103.815938,30.793572,2397.5,43.86,-3.53,2.25
2026-06-04 10:07:35.000,drone_001,PLAN3,104.362978,30.577723,2583.7,94.66,-3.56,3.36
2026-06-04 10:07:35.000,drone_002,PLAN3,103.815259,30.793038,2393.7,43.59,-3.34,1.55
2026-06-04 10:07:35.500,drone_001,PLAN3,104.363841,30.577969,2578.1,93.91,-4.25,2.41
2026-06-04 10:07:35.500,drone_002,PLAN3,103.814598,30.792511,2386.2,44.3,-3.58,2.32
2026-06-04 10:07:36.000,drone_001,PLAN3,104.364698,30.578204,2571.7,94.02,-3.94,2.68
2026-06-04 10:07:36.000,drone_002,PLAN3,103.813986,30.792,2381.3,44.43,-4.15,1.82
2026-06-04 10:07:36.500,drone_001,PLAN3,104.365622,30.578473,2565.9,94.21,-3.13,3.81
2026-06-04 10:07:36.500,drone_002,PLAN3,103.813352,30.791442,2376.1,43.66,-3.15,1.57
2026-06-04 10:07:37.000,drone_001,PLAN3,104.366531,30.578781,2559.0,94.0,-3.44,4.05
2026-06-04 10:07:37.000,drone_002,PLAN3,103.812662,30.790899,2370.9,44.3,-4.41,1.89
2026-06-04 10:07:37.500,drone_001,PLAN3,104.367396,30.578945,2554.7,94.01,-2.99,3.22
2026-06-04 10:07:37.500,drone_002,PLAN3,103.812078,30.790428,2364.7,44.88,-4.28,1.83
2026-06-04 10:07:38.000,drone_001,PLAN3,104.368342,30.579266,2547.3,93.85,-2.98,4.72
2026-06-04 10:07:38.000,drone_002,PLAN3,103.811389,30.789891,2360.9,44.02,-3.85,2.96
2026-06-04 10:07:38.500,drone_001,PLAN3,104.369298,30.57949,2540.2,93.83,-3.52,3.78
2026-06-04 10:07:38.500,drone_002,PLAN3,103.81075,30.789321,2352.5,44.41,-3.74,2.5
2026-06-04 10:07:39.000,drone_001,PLAN3,104.37009,30.57969,2534.6,93.54,-3.23,3.73
2026-06-04 10:07:39.000,drone_002,PLAN3,103.810137,30.788821,2346.7,44.64,-4.17,1.6
2026-06-04 10:07:39.500,drone_001,PLAN3,104.371071,30.579951,2527.4,93.82,-3.94,2.73
2026-06-04 10:07:39.500,drone_002,PLAN3,103.809483,30.788291,2342.2,44.47,-4.16,1.58
2026-06-04 10:07:40.000,drone_001,PLAN3,104.371961,30.580234,2523.6,93.23,-3.43,3.35
2026-06-04 10:07:40.000,drone_002,PLAN3,103.808888,30.78774,2334.5,44.55,-3.17,1.45
2026-06-04 10:07:40.500,drone_001,PLAN3,104.372787,30.580472,2515.9,93.34,-3.11,3.41
2026-06-04 10:07:40.500,drone_002,PLAN3,103.808274,30.787232,2329.7,44.32,-3.44,1.61
2026-06-04 10:07:41.000,drone_001,PLAN3,104.373718,30.580733,2510.3,93.93,-3.56,4.22
2026-06-04 10:07:41.000,drone_002,PLAN3,103.807638,30.786693,2322.9,44.54,-4.1,1.88
2026-06-04 10:07:41.500,drone_001,PLAN3,104.374608,30.580955,2502.5,93.19,-3.38,2.83
2026-06-04 10:07:41.500,drone_002,PLAN3,103.806944,30.786179,2315.3,44.52,-3.37,2.3
2026-06-04 10:07:42.000,drone_001,PLAN3,104.375469,30.581259,2498.9,92.78,-3.93,3.66
2026-06-04 10:07:42.000,drone_002,PLAN3,103.806254,30.785641,2310.8,44.54,-3.58,2.02
2026-06-04 10:07:42.500,drone_001,PLAN3,104.376362,30.581491,2489.2,92.78,-3.3,2.63
2026-06-04 10:07:42.500,drone_002,PLAN3,103.80572,30.785114,2303.2,44.9,-4.08,2.01
2026-06-04 10:07:43.000,drone_001,PLAN3,104.37726,30.581754,2483.8,92.6,-4.11,3.3
2026-06-04 10:07:43.000,drone_002,PLAN3,103.80507,30.78458,2296.7,44.71,-4.17,1.98
2026-06-04 10:07:43.500,drone_001,PLAN3,104.378215,30.582022,2475.8,92.59,-4.22,3.55
2026-06-04 10:07:43.500,drone_002,PLAN3,103.80441,30.78405,2292.4,44.67,-3.52,2.36
2026-06-04 10:07:44.000,drone_001,PLAN3,104.379131,30.582228,2469.1,92.5,-4.07,3.94
2026-06-04 10:07:44.000,drone_002,PLAN3,103.803798,30.783521,2283.9,45.1,-3.8,1.57
2026-06-04 10:07:44.500,drone_001,PLAN3,104.379884,30.582512,2461.0,93.25,-3.57,4.06
2026-06-04 10:07:44.500,drone_002,PLAN3,103.803179,30.782989,2277.7,44.86,-3.99,2.03
2026-06-04 10:07:45.000,drone_001,PLAN3,104.380852,30.582684,2457.5,92.32,-3.06,3.15
2026-06-04 10:07:45.000,drone_002,PLAN3,103.802456,30.782489,2271.8,45.28,-4.02,2.38
2026-06-04 10:07:45.500,drone_001,PLAN3,104.381779,30.58299,2449.2,91.95,-3.96,3.44
2026-06-04 10:07:45.500,drone_002,PLAN3,103.801858,30.781924,2264.0,45.26,-4.38,2.28
2026-06-04 10:07:46.000,drone_001,PLAN3,104.382656,30.583253,2441.1,92.15,-4.26,4.19
2026-06-04 10:07:46.000,drone_002,PLAN3,103.801201,30.781445,2258.7,45.6,-3.67,1.66
2026-06-04 10:07:46.500,drone_001,PLAN3,104.383566,30.583418,2434.1,91.97,-3.69,4.52
2026-06-04 10:07:46.500,drone_002,PLAN3,103.800567,30.780906,2251.7,45.28,-3.95,0.76
2026-06-04 10:07:47.000,drone_001,PLAN3,104.384411,30.583771,2428.5,92.14,-2.97,3.03
2026-06-04 10:07:47.000,drone_002,PLAN3,103.79997,30.780441,2244.5,45.13,-4.14,0.7
2026-06-04 10:07:47.500,drone_001,PLAN3,104.385345,30.58401,2421.2,91.76,-2.86,3.94
2026-06-04 10:07:47.500,drone_002,PLAN3,103.799314,30.779908,2237.4,45.39,-3.44,1.06
2026-06-04 10:07:48.000,drone_001,PLAN3,104.386205,30.584253,2411.4,91.86,-3.57,2.68
2026-06-04 10:07:48.000,drone_002,PLAN3,103.798725,30.779344,2231.0,45.38,-3.09,2.21
2026-06-04 10:07:48.500,drone_001,PLAN3,104.387074,30.584504,2405.6,92.21,-4.18,3.44
2026-06-04 10:07:48.500,drone_002,PLAN3,103.798057,30.778787,2222.4,45.22,-3.53,1.96
2026-06-04 10:07:49.000,drone_001,PLAN3,104.388073,30.58474,2401.2,91.27,-4.1,4.48
2026-06-04 10:07:49.000,drone_002,PLAN3,103.79743,30.778285,2216.5,46.16,-4.67,1.48
2026-06-04 10:07:49.500,drone_001,PLAN3,104.38889,30.584932,2391.5,91.39,-4.32,3.4
2026-06-04 10:07:49.500,drone_002,PLAN3,103.796772,30.777754,2210.4,45.75,-4.32,1.73
2026-06-04 10:07:50.000,drone_001,PLAN3,104.389789,30.585262,2386.2,92.23,-3.51,3.35
2026-06-04 10:07:50.000,drone_002,PLAN3,103.796137,30.777254,2202.7,45.7,-2.99,1.76
2026-06-04 10:07:50.500,drone_001,PLAN3,104.390696,30.585498,2376.9,91.97,-3.93,3.17
2026-06-04 10:07:50.500,drone_002,PLAN3,103.795529,30.776698,2197.0,45.67,-2.89,1.52
2026-06-04 10:07:51.000,drone_001,PLAN3,104.391613,30.585717,2371.3,91.16,-4.68,3.79
2026-06-04 10:07:51.000,drone_002,PLAN3,103.794874,30.776196,2189.3,46.1,-2.67,1.39
2026-06-04 10:07:51.500,drone_001,PLAN3,104.392468,30.585938,2364.1,91.57,-3.03,3.09
2026-06-04 10:07:51.500,drone_002,PLAN3,103.794168,30.775695,2181.9,46.26,-4.54,1.16
2026-06-04 10:07:52.000,drone_001,PLAN3,104.393383,30.586234,2353.6,91.23,-2.99,3.11
2026-06-04 10:07:52.000,drone_002,PLAN3,103.793615,30.775104,2174.7,45.69,-3.68,2.47
2026-06-04 10:07:52.500,drone_001,PLAN3,104.394204,30.586496,2345.5,91.33,-3.7,3.78
2026-06-04 10:07:52.500,drone_002,PLAN3,103.792966,30.774596,2166.3,45.89,-4.17,2.75
2026-06-04 10:07:53.000,drone_001,PLAN3,104.395138,30.586679,2340.5,91.21,-3.99,3.53
2026-06-04 10:07:53.000,drone_002,PLAN3,103.792307,30.774109,2159.9,45.76,-3.82,2.11
2026-06-04 10:07:53.500,drone_001,PLAN3,104.396023,30.586964,2332.6,91.23,-3.01,3.88
2026-06-04 10:07:53.500,drone_002,PLAN3,103.791689,30.7736,2153.9,45.55,-4.41,1.91
2026-06-04 10:07:54.000,drone_001,PLAN3,104.396922,30.58723,2324.7,91.03,-4.04,3.2
2026-06-04 10:07:54.000,drone_002,PLAN3,103.79104,30.773065,2146.9,45.77,-4.07,2.34
2026-06-04 10:07:54.500,drone_001,PLAN3,104.397822,30.587442,2316.0,91.19,-3.29,3.42
2026-06-04 10:07:54.500,drone_002,PLAN3,103.790444,30.772492,2139.7,45.95,-3.91,2.06
2026-06-04 10:07:55.000,drone_001,PLAN3,104.398739,30.587731,2308.4,90.53,-3.18,3.73
2026-06-04 10:07:55.000,drone_002,PLAN3,103.789796,30.772013,2132.4,46.28,-3.25,2.5
2026-06-04 10:07:55.500,drone_001,PLAN3,104.399649,30.587942,2301.3,90.88,-2.76,3.65
2026-06-04 10:07:55.500,drone_002,PLAN3,103.789117,30.771371,2124.8,45.79,-3.52,1.6
2026-06-04 10:07:56.000,drone_001,PLAN3,104.400461,30.58822,2292.8,90.49,-4.06,3.22
2026-06-04 10:07:56.000,drone_002,PLAN3,103.788506,30.770939,2117.2,46.42,-4.22,1.64
2026-06-04 10:07:56.500,drone_001,PLAN3,104.401413,30.588444,2286.1,90.67,-3.77,3.09
2026-06-04 10:07:56.500,drone_002,PLAN3,103.787897,30.770394,2108.7,46.22,-3.8,1.17
2026-06-04 10:07:57.000,drone_001,PLAN3,104.402281,30.588718,2279.2,90.18,-3.84,3.83
2026-06-04 10:07:57.000,drone_002,PLAN3,103.787252,30.769876,2103.1,46.57,-3.84,2.28
2026-06-04 10:07:57.500,drone_001,PLAN3,104.403162,30.588978,2268.7,90.63,-3.19,3.95
2026-06-04 10:07:57.500,drone_002,PLAN3,103.78664,30.769367,2094.8,46.58,-4.01,2.02
2026-06-04 10:07:58.000,drone_001,PLAN3,104.404127,30.589173,2262.9,90.33,-3.55,4.01
2026-06-04 10:07:58.000,drone_002,PLAN3,103.785992,30.76884,2087.0,46.75,-2.71,1.97
2026-06-04 10:07:58.500,drone_001,PLAN3,104.404904,30.589422,2255.1,89.79,-3.67,3.47
2026-06-04 10:07:58.500,drone_002,PLAN3,103.785339,30.768315,2079.1,46.76,-3.9,2.32
2026-06-04 10:07:59.000,drone_001,PLAN3,104.405821,30.589716,2244.6,90.1,-3.14,3.49
2026-06-04 10:07:59.000,drone_002,PLAN3,103.784702,30.767737,2070.9,45.93,-3.23,1.35
2026-06-04 10:07:59.500,drone_001,PLAN3,104.406747,30.589916,2237.9,90.05,-3.52,2.93
2026-06-04 10:07:59.500,drone_002,PLAN3,103.784032,30.767255,2064.5,46.94,-3.04,2.21
2026-06-04 10:08:00.000,drone_001,PLAN3,104.407611,30.590171,2229.7,90.38,-3.46,3.18
2026-06-04 10:08:00.000,drone_002,PLAN3,103.783404,30.766706,2054.4,46.56,-3.1,3.02
2026-06-04 10:08:00.500,drone_001,PLAN3,104.408501,30.590375,2223.6,89.81,-3.09,3.39
2026-06-04 10:08:00.500,drone_002,PLAN3,103.78278,30.766223,2046.4,46.64,-4.01,1.61
2026-06-04 10:08:01.000,drone_001,PLAN3,104.409375,30.59061,2211.5,89.66,-2.55,4.18
2026-06-04 10:08:01.000,drone_002,PLAN3,103.782153,30.765672,2039.6,47.5,-4.15,2.88
2026-06-04 10:08:01.500,drone_001,PLAN3,104.410266,30.590936,2206.4,89.06,-2.6,3.27
2026-06-04 10:08:01.500,drone_002,PLAN3,103.781484,30.76514,2032.0,46.92,-3.93,1.61
2026-06-04 10:08:02.000,drone_001,PLAN3,104.411145,30.591149,2196.5,90.05,-3.59,3.96
2026-06-04 10:08:02.000,drone_002,PLAN3,103.780859,30.764555,2024.2,46.93,-4.33,1.22
2026-06-04 10:08:02.500,drone_001,PLAN3,104.412121,30.591366,2188.5,89.18,-3.28,3.27
2026-06-04 10:08:02.500,drone_002,PLAN3,103.780271,30.764077,2017.1,47.36,-3.42,2.33
2026-06-04 10:08:03.000,drone_001,PLAN3,104.412984,30.591664,2178.9,89.49,-3.28,4.25
2026-06-04 10:08:03.000,drone_002,PLAN3,103.779579,30.763542,2010.1,46.94,-3.84,0.63
2026-06-04 10:08:03.500,drone_001,PLAN3,104.413776,30.5919,2170.2,89.66,-3.83,2.95
2026-06-04 10:08:03.500,drone_002,PLAN3,103.778909,30.763033,2000.9,47.18,-3.53,1.9
2026-06-04 10:08:04.000,drone_001,PLAN3,104.414725,30.592107,2164.3,89.09,-4.21,3.56
2026-06-04 10:08:04.000,drone_002,PLAN3,103.778335,30.762528,1993.4,47.07,-4.17,1.9
2026-06-04 10:08:04.500,drone_001,PLAN3,104.415631,30.59237,2155.3,88.94,-3.46,4.14
2026-06-04 10:08:04.500,drone_002,PLAN3,103.777682,30.762016,1985.8,47.25,-3.12,2.29
2026-06-04 10:08:05.000,drone_001,PLAN3,104.416492,30.592617,2146.6,89.06,-3.23,3.07
2026-06-04 10:08:05.000,drone_002,PLAN3,103.777039,30.761447,1975.6,47.01,-4.62,2.57
2026-06-04 10:08:05.500,drone_001,PLAN3,104.417345,30.592926,2138.6,88.84,-3.61,2.83
2026-06-04 10:08:05.500,drone_002,PLAN3,103.776466,30.760947,1968.8,47.27,-3.18,2.2
2026-06-04 10:08:06.000,drone_001,PLAN3,104.418309,30.593131,2129.0,89.45,-3.24,2.99
2026-06-04 10:08:06.000,drone_002,PLAN3,103.775767,30.760413,1961.1,47.46,-4.26,1.93
2026-06-04 10:08:06.500,drone_001,PLAN3,104.41915,30.593342,2118.7,88.87,-3.68,3.15
2026-06-04 10:08:06.500,drone_002,PLAN3,103.775136,30.759914,1951.3,47.05,-3.88,2.77
2026-06-04 10:08:07.000,drone_001,PLAN3,104.420024,30.593672,2113.0,89.26,-3.75,3.37
2026-06-04 10:08:07.000,drone_002,PLAN3,103.774518,30.75933,1945.4,47.68,-2.71,2.42
2026-06-04 10:08:07.500,drone_001,PLAN3,104.420887,30.593889,2104.7,88.61,-3.95,3.01
2026-06-04 10:08:07.500,drone_002,PLAN3,103.773936,30.758824,1936.3,48.02,-4.61,2.24
2026-06-04 10:08:08.000,drone_001,PLAN3,104.421747,30.594117,2095.0,88.48,-3.01,2.85
2026-06-04 10:08:08.000,drone_002,PLAN3,103.773252,30.758331,1929.1,47.08,-3.36,2.55
2026-06-04 10:08:08.500,drone_001,PLAN3,104.422735,30.594316,2087.3,88.54,-4.34,3.73
2026-06-04 10:08:08.500,drone_002,PLAN3,103.772648,30.75776,1920.5,47.68,-4.27,2.17
2026-06-04 10:08:09.000,drone_001,PLAN3,104.423631,30.594561,2077.4,88.4,-3.68,3.32
2026-06-04 10:08:09.000,drone_002,PLAN3,103.772004,30.757214,1911.7,47.88,-3.34,1.7
2026-06-04 10:08:09.500,drone_001,PLAN3,104.424487,30.59482,2069.4,87.7,-3.65,3.46
2026-06-04 10:08:09.500,drone_002,PLAN3,103.771419,30.756745,1901.9,48.04,-3.86,1.55
2026-06-04 10:08:10.000,drone_001,PLAN3,104.425301,30.595102,2061.7,88.42,-3.95,3.28
2026-06-04 10:08:10.000,drone_002,PLAN3,103.770732,30.756196,1895.1,47.77,-4.55,2.02
2026-06-04 10:08:10.500,drone_001,PLAN3,104.426233,30.59535,2049.8,87.95,-3.12,3.52
2026-06-04 10:08:10.500,drone_002,PLAN3,103.770136,30.75564,1886.0,47.73,-4.16,1.91
2026-06-04 10:08:11.000,drone_001,PLAN3,104.427083,30.595575,2044.6,88.22,-3.61,2.97
2026-06-04 10:08:11.000,drone_002,PLAN3,103.769461,30.755214,1877.1,48.2,-4.11,1.66
2026-06-04 10:08:11.500,drone_001,PLAN3,104.428039,30.595835,2033.4,88.44,-3.31,3.9
2026-06-04 10:08:11.500,drone_002,PLAN3,103.768826,30.754622,1869.3,48.29,-3.36,2.35
2026-06-04 10:08:12.000,drone_001,PLAN3,104.428892,30.596048,2026.8,87.59,-4.1,3.62
2026-06-04 10:08:12.000,drone_002,PLAN3,103.768181,30.754105,1859.8,47.64,-3.5,2.94
2026-06-04 10:08:12.500,drone_001,PLAN3,104.42974,30.596356,2016.4,87.98,-3.2,3.42
2026-06-04 10:08:12.500,drone_002,PLAN3,103.767609,30.753616,1852.0,47.79,-4.18,2.01
2026-06-04 10:08:13.000,drone_001,PLAN3,104.430679,30.596525,2009.3,88.22,-4.29,2.88
2026-06-04 10:08:13.000,drone_002,PLAN3,103.766947,30.753089,1843.8,48.35,-3.63,1.99
2026-06-04 10:08:13.500,drone_001,PLAN3,104.43155,30.596768,2000.8,87.85,-3.42,2.05
2026-06-04 10:08:13.500,drone_002,PLAN3,103.766347,30.752526,1835.0,48.57,-3.62,2.41
2026-06-04 10:08:14.000,drone_001,PLAN3,104.432418,30.597029,1989.9,87.75,-3.09,3.96
2026-06-04 10:08:14.000,drone_002,PLAN3,103.765664,30.751993,1826.8,48.87,-3.19,2.07
2026-06-04 10:08:14.500,drone_001,PLAN3,104.433326,30.597275,1980.9,87.39,-3.4,3.69
2026-06-04 10:08:14.500,drone_002,PLAN3,103.76499,30.751476,1819.5,48.23,-3.89,1.3
2026-06-04 10:08:15.000,drone_001,PLAN3,104.434205,30.597549,1972.2,87.67,-3.46,3.64
2026-06-04 10:08:15.000,drone_002,PLAN3,103.764387,30.750971,1810.8,48.56,-4.24,1.69
2026-06-04 10:08:15.500,drone_001,PLAN3,104.435048,30.59778,1963.0,86.61,-4.01,3.54
2026-06-04 10:08:15.500,drone_002,PLAN3,103.763806,30.750383,1802.6,48.39,-3.36,0.9
2026-06-04 10:08:16.000,drone_001,PLAN3,104.435906,30.597997,1954.7,87.09,-3.68,2.61
2026-06-04 10:08:16.000,drone_002,PLAN3,103.76309,30.749872,1792.5,48.7,-4.34,3.15
2026-06-04 10:08:16.500,drone_001,PLAN3,104.436859,30.598257,1944.5,87.45,-3.5,2.91
2026-06-04 10:08:16.500,drone_002,PLAN3,103.762535,30.749404,1785.7,48.72,-3.7,2.44
2026-06-04 10:08:17.000,drone_001,PLAN3,104.437701,30.598483,1936.5,87.09,-3.44,4.23
2026-06-04 10:08:17.000,drone_002,PLAN3,103.761901,30.74885,1776.1,48.21,-4.0,2.05
2026-06-04 10:08:17.500,drone_001,PLAN3,104.438595,30.598769,1927.5,87.3,-2.76,3.39
2026-06-04 10:08:17.500,drone_002,PLAN3,103.76121,30.748375,1767.0,48.24,-4.06,1.47
2026-06-04 10:08:18.000,drone_001,PLAN3,104.439529,30.598964,1918.9,86.6,-2.85,3.33
2026-06-04 10:08:18.000,drone_002,PLAN3,103.760635,30.747841,1759.7,48.95,-3.01,2.91
2026-06-04 10:08:18.500,drone_001,PLAN3,104.440388,30.599229,1909.7,87.06,-3.75,3.92
2026-06-04 10:08:18.500,drone_002,PLAN3,103.759992,30.747304,1751.5,48.73,-4.02,1.88
2026-06-04 10:08:19.000,drone_001,PLAN3,104.441206,30.59946,1899.5,86.85,-3.98,3.07
2026-06-04 10:08:19.000,drone_002,PLAN3,103.759386,30.74679,1741.3,48.5,-4.46,2.16
2026-06-04 10:08:19.500,drone_001,PLAN3,104.442119,30.599702,1891.4,86.78,-4.27,4.19
2026-06-04 10:08:19.500,drone_002,PLAN3,103.758759,30.746225,1733.2,48.87,-3.69,1.73
2026-06-04 10:08:20.000,drone_001,PLAN3,104.443051,30.599928,1881.7,86.31,-3.36,3.29
2026-06-04 10:08:20.000,drone_002,PLAN3,103.758083,30.745744,1724.1,48.92,-2.51,2.0
2026-06-04 10:08:20.500,drone_001,PLAN3,104.443903,30.600223,1872.4,86.15,-3.69,3.6
2026-06-04 10:08:20.500,drone_002,PLAN3,103.757441,30.745195,1717.3,48.54,-3.28,1.79
2026-06-04 10:08:21.000,drone_001,PLAN3,104.444783,30.600337,1864.9,86.7,-3.99,3.17
2026-06-04 10:08:21.000,drone_002,PLAN3,103.756784,30.744707,1706.0,48.52,-3.87,2.7
2026-06-04 10:08:21.500,drone_001,PLAN3,104.445623,30.600663,1854.6,86.71,-3.4,3.74
2026-06-04 10:08:21.500,drone_002,PLAN3,103.756192,30.744187,1699.1,48.79,-4.19,1.83
2026-06-04 10:08:22.000,drone_001,PLAN3,104.446489,30.600964,1847.0,87.04,-3.5,3.94
2026-06-04 10:08:22.000,drone_002,PLAN3,103.755533,30.743612,1688.4,49.32,-3.8,3.01
2026-06-04 10:08:22.500,drone_001,PLAN3,104.447407,30.60109,1836.3,86.21,-4.56,2.85
2026-06-04 10:08:22.500,drone_002,PLAN3,103.754936,30.743104,1681.6,48.17,-4.29,2.01
2026-06-04 10:08:23.000,drone_001,PLAN3,104.448329,30.601391,1828.3,85.94,-4.06,2.99
2026-06-04 10:08:23.000,drone_002,PLAN3,103.754319,30.742564,1671.3,49.08,-3.55,2.63
2026-06-04 10:08:23.500,drone_001,PLAN3,104.44915,30.601596,1818.2,85.69,-3.69,3.59
2026-06-04 10:08:23.500,drone_002,PLAN3,103.753673,30.742024,1663.7,49.63,-4.52,1.93
2026-06-04 10:08:24.000,drone_001,PLAN3,104.450028,30.601857,1808.7,85.8,-2.6,2.97
2026-06-04 10:08:24.000,drone_002,PLAN3,103.753078,30.741521,1656.5,48.89,-2.75,2.37
2026-06-04 10:08:24.500,drone_001,PLAN3,104.450881,30.602088,1801.3,86.24,-2.59,3.73
2026-06-04 10:08:24.500,drone_002,PLAN3,103.752431,30.741017,1644.0,49.11,-2.66,1.75
2026-06-04 10:08:25.000,drone_001,PLAN3,104.451806,30.602317,1792.2,85.55,-3.54,3.59
2026-06-04 10:08:25.000,drone_002,PLAN3,103.751783,30.740524,1639.6,49.46,-3.65,2.54
2026-06-04 10:08:25.500,drone_001,PLAN3,104.45267,30.602586,1783.3,84.94,-3.81,3.83
2026-06-04 10:08:25.500,drone_002,PLAN3,103.751173,30.739932,1630.1,49.12,-4.09,2.9
2026-06-04 10:08:26.000,drone_001,PLAN3,104.453529,30.602788,1772.0,85.88,-3.6,3.59
2026-06-04 10:08:26.000,drone_002,PLAN3,103.75054,30.739478,1619.1,48.88,-3.67,2.62
2026-06-04 10:08:26.500,drone_001,PLAN3,104.454467,30.603094,1764.3,85.68,-3.54,3.48
2026-06-04 10:08:26.500,drone_002,PLAN3,103.749888,30.738943,1610.5,49.25,-2.94,1.69
2026-06-04 10:08:27.000,drone_001,PLAN3,104.455296,30.603299,1753.4,85.35,-3.46,3.64
2026-06-04 10:08:27.000,drone_002,PLAN3,103.749266,30.73837,1603.1,49.58,-3.73,2.35
2026-06-04 10:08:27.500,drone_001,PLAN3,104.456201,30.603531,1745.8,85.14,-3.43,3.14
2026-06-04 10:08:27.500,drone_002,PLAN3,103.748645,30.737822,1593.4,49.27,-3.65,1.92
2026-06-04 10:08:28.000,drone_001,PLAN3,104.457003,30.60375,1737.1,85.47,-3.85,3.28
2026-06-04 10:08:28.000,drone_002,PLAN3,103.74805,30.737311,1583.8,49.96,-3.69,1.88
2026-06-04 10:08:28.500,drone_001,PLAN3,104.457971,30.604037,1726.4,85.49,-2.92,3.36
2026-06-04 10:08:28.500,drone_002,PLAN3,103.747457,30.736816,1577.5,49.41,-4.29,0.84
2026-06-04 10:08:29.000,drone_001,PLAN3,104.458802,30.604283,1717.2,84.45,-3.62,4.01
2026-06-04 10:08:29.000,drone_002,PLAN3,103.746657,30.736357,1567.7,49.95,-4.17,2.27
2026-06-04 10:08:29.500,drone_001,PLAN3,104.459726,30.604477,1710.2,85.17,-2.78,4.11
2026-06-04 10:08:29.500,drone_002,PLAN3,103.746101,30.735781,1557.8,50.1,-3.88,2.21
2026-06-04 10:08:30.000,drone_001,PLAN3,104.460498,30.604737,1701.0,85.26,-3.54,4.27
2026-06-04 10:08:30.000,drone_002,PLAN3,103.745519,30.735286,1548.8,49.88,-3.7,1.61
2026-06-04 10:08:30.500,drone_001,PLAN3,104.4614,30.605011,1692.2,84.45,-3.47,2.71
2026-06-04 10:08:30.500,drone_002,PLAN3,103.744883,30.734701,1540.8,49.82,-2.76,1.84
2026-06-04 10:08:31.000,drone_001,PLAN3,104.462313,30.605177,1680.0,84.89,-4.29,3.16
2026-06-04 10:08:31.000,drone_002,PLAN3,103.744275,30.734172,1531.8,50.48,-3.42,2.51
2026-06-04 10:08:31.500,drone_001,PLAN3,104.463198,30.605451,1673.3,84.44,-3.33,4.87
2026-06-04 10:08:31.500,drone_002,PLAN3,103.743599,30.733669,1523.1,50.41,-4.35,2.37
2026-06-04 10:08:32.000,drone_001,PLAN3,104.464002,30.605661,1661.8,84.39,-4.24,2.9
2026-06-04 10:08:32.000,drone_002,PLAN3,103.742955,30.733121,1514.1,50.56,-3.65,1.35
2026-06-04 10:08:32.500,drone_001,PLAN3,104.464933,30.605894,1653.7,84.53,-4.01,3.35
2026-06-04 10:08:32.500,drone_002,PLAN3,103.742344,30.732646,1506.3,50.77,-3.33,1.28
2026-06-04 10:08:33.000,drone_001,PLAN3,104.465812,30.606154,1644.8,84.47,-4.25,3.93
2026-06-04 10:08:33.000,drone_002,PLAN3,103.741742,30.732154,1498.4,50.16,-3.71,1.4
2026-06-04 10:08:33.500,drone_001,PLAN3,104.466735,30.606387,1636.7,84.92,-3.59,3.55
2026-06-04 10:08:33.500,drone_002,PLAN3,103.741068,30.731652,1489.4,50.48,-3.72,1.77
2026-06-04 10:08:34.000,drone_001,PLAN3,104.467482,30.606631,1628.9,84.14,-3.36,4.22
2026-06-04 10:08:34.000,drone_002,PLAN3,103.740483,30.731075,1481.1,50.76,-4.14,1.54
2026-06-04 10:08:34.500,drone_001,PLAN3,104.468412,30.606819,1619.2,83.86,-3.91,3.76
2026-06-04 10:08:34.500,drone_002,PLAN3,103.739833,30.730616,1471.7,50.62,-3.52,2.22
2026-06-04 10:08:35.000,drone_001,PLAN3,104.469283,30.60712,1608.2,83.77,-3.68,3.4
2026-06-04 10:08:35.000,drone_002,PLAN3,103.739144,30.730017,1462.6,50.06,-3.07,2.06
2026-06-04 10:08:35.500,drone_001,PLAN3,104.470163,30.607318,1600.0,83.74,-3.71,3.89
2026-06-04 10:08:35.500,drone_002,PLAN3,103.738555,30.72954,1454.6,50.73,-3.38,2.58
2026-06-04 10:08:36.000,drone_001,PLAN3,104.470999,30.607582,1590.1,83.82,-3.72,3.84
2026-06-04 10:08:36.000,drone_002,PLAN3,103.737977,30.729023,1445.0,50.69,-3.41,1.51
2026-06-04 10:08:36.500,drone_001,PLAN3,104.471971,30.60777,1582.2,83.75,-3.31,2.58
2026-06-04 10:08:36.500,drone_002,PLAN3,103.737368,30.728454,1436.5,50.91,-4.46,2.55
2026-06-04 10:08:37.000,drone_001,PLAN3,104.472782,30.607981,1569.9,83.69,-4.38,3.53
2026-06-04 10:08:37.000,drone_002,PLAN3,103.736723,30.727912,1427.0,50.91,-3.6,1.69
2026-06-04 10:08:37.500,drone_001,PLAN3,104.473633,30.608228,1563.3,83.12,-4.21,2.98
2026-06-04 10:08:37.500,drone_002,PLAN3,103.736101,30.727353,1420.1,51.22,-3.14,0.57
2026-06-04 10:08:38.000,drone_001,PLAN3,104.474472,30.608507,1551.8,83.5,-4.24,3.4
2026-06-04 10:08:38.000,drone_002,PLAN3,103.735483,30.726884,1409.2,51.28,-4.13,1.66
2026-06-04 10:08:38.500,drone_001,PLAN3,104.475437,30.608752,1544.1,83.25,-3.86,3.39
2026-06-04 10:08:38.500,drone_002,PLAN3,103.734862,30.72634,1401.6,50.79,-3.95,2.57
2026-06-04 10:08:39.000,drone_001,PLAN3,104.476228,30.608958,1535.8,83.64,-2.58,3.15
2026-06-04 10:08:39.000,drone_002,PLAN3,103.734198,30.725865,1393.6,50.87,-3.26,2.15
2026-06-04 10:08:39.500,drone_001,PLAN3,104.477151,30.609152,1525.9,83.25,-3.63,3.08
2026-06-04 10:08:39.500,drone_002,PLAN3,103.733569,30.725322,1385.6,51.35,-3.7,2.2
2026-06-04 10:08:40.000,drone_001,PLAN3,104.478048,30.609414,1519.9,83.48,-3.28,3.44
2026-06-04 10:08:40.000,drone_002,PLAN3,103.732946,30.72483,1375.6,51.04,-3.22,2.25
2026-06-04 10:08:40.500,drone_001,PLAN3,104.478882,30.609677,1507.9,82.99,-3.02,3.0
2026-06-04 10:08:40.500,drone_002,PLAN3,103.732258,30.724286,1367.6,50.98,-4.04,2.08
2026-06-04 10:08:41.000,drone_001,PLAN3,104.479779,30.609907,1498.6,83.35,-3.49,3.82
2026-06-04 10:08:41.000,drone_002,PLAN3,103.731672,30.723751,1357.7,50.95,-3.37,1.67
2026-06-04 10:08:41.500,drone_001,PLAN3,104.480571,30.610195,1492.2,83.39,-3.37,3.39
2026-06-04 10:08:41.500,drone_002,PLAN3,103.731056,30.723196,1350.6,51.65,-3.88,2.31
2026-06-04 10:08:42.000,drone_001,PLAN3,104.481496,30.610349,1480.8,83.2,-4.16,3.6
2026-06-04 10:08:42.000,drone_002,PLAN3,103.73048,30.72269,1341.6,51.57,-3.15,2.39
2026-06-04 10:08:42.500,drone_001,PLAN3,104.482313,30.61057,1471.5,83.17,-3.77,2.97
2026-06-04 10:08:42.500,drone_002,PLAN3,103.72985,30.722175,1333.3,51.53,-4.04,2.29
2026-06-04 10:08:43.000,drone_001,PLAN3,104.483132,30.610812,1463.3,83.3,-3.39,4.24
2026-06-04 10:08:43.000,drone_002,PLAN3,103.72915,30.721675,1324.3,51.69,-3.93,2.2
2026-06-04 10:08:43.500,drone_001,PLAN3,104.484045,30.611068,1455.4,82.88,-1.73,2.78
2026-06-04 10:08:43.500,drone_002,PLAN3,103.728625,30.721116,1316.3,51.72,-3.28,2.9
2026-06-04 10:08:44.000,drone_001,PLAN3,104.484909,30.611288,1444.7,82.22,-4.06,3.38
2026-06-04 10:08:44.000,drone_002,PLAN3,103.727941,30.72065,1306.7,51.41,-3.1,1.27
2026-06-04 10:08:44.500,drone_001,PLAN3,104.485805,30.611597,1437.0,82.29,-3.2,3.26
2026-06-04 10:08:44.500,drone_002,PLAN3,103.727329,30.72012,1298.3,51.61,-3.76,1.61
2026-06-04 10:08:45.000,drone_001,PLAN3,104.486646,30.611747,1427.9,82.46,-4.32,3.69
2026-06-04 10:08:45.000,drone_002,PLAN3,103.726673,30.719584,1289.6,51.63,-3.82,2.5
2026-06-04 10:08:45.500,drone_001,PLAN3,104.487507,30.612035,1419.7,83.18,-4.14,2.85
2026-06-04 10:08:45.500,drone_002,PLAN3,103.726111,30.7191,1282.2,51.81,-3.56,1.16
2026-06-04 10:08:46.000,drone_001,PLAN3,104.488445,30.61223,1410.0,82.12,-3.81,3.61
2026-06-04 10:08:46.000,drone_002,PLAN3,103.725445,30.718585,1273.5,52.03,-3.77,3.02
2026-06-04 10:08:46.500,drone_001,PLAN3,104.489226,30.612454,1399.8,82.21,-3.49,4.19
2026-06-04 10:08:46.500,drone_002,PLAN3,103.724835,30.718072,1264.3,51.67,-4.27,2.69
2026-06-04 10:08:47.000,drone_001,PLAN3,104.490117,30.612643,1391.8,82.07,-2.92,3.27
2026-06-04 10:08:47.000,drone_002,PLAN3,103.724172,30.717459,1256.6,52.07,-4.52,1.66
2026-06-04 10:08:47.500,drone_001,PLAN3,104.490972,30.612953,1384.5,82.41,-3.02,2.5
2026-06-04 10:08:47.500,drone_002,PLAN3,103.723556,30.716991,1248.9,51.57,-4.21,2.92
2026-06-04 10:08:48.000,drone_001,PLAN3,104.491793,30.613182,1374.0,82.35,-3.15,2.73
2026-06-04 10:08:48.000,drone_002,PLAN3,103.722973,30.716458,1238.3,52.01,-3.05,2.08
2026-06-04 10:08:48.500,drone_001,PLAN3,104.492687,30.613348,1367.2,81.92,-3.82,3.74
2026-06-04 10:08:48.500,drone_002,PLAN3,103.722309,30.715895,1234.0,51.68,-3.78,2.56
2026-06-04 10:08:49.000,drone_001,PLAN3,104.493574,30.613598,1357.6,81.66,-3.42,3.45
2026-06-04 10:08:49.000,drone_002,PLAN3,103.721726,30.715487,1222.4,51.44,-4.21,1.97
2026-06-04 10:08:49.500,drone_001,PLAN3,104.494452,30.613836,1348.3,81.73,-3.23,3.11
2026-06-04 10:08:49.500,drone_002,PLAN3,103.721063,30.714911,1215.4,52.62,-3.83,2.08
2026-06-04 10:08:50.000,drone_001,PLAN3,104.495297,30.614101,1338.3,82.02,-3.52,4.35
2026-06-04 10:08:50.000,drone_002,PLAN3,103.720442,30.714342,1207.1,52.18,-3.2,0.93
2026-06-04 10:08:50.500,drone_001,PLAN3,104.49617,30.614313,1329.9,81.84,-2.64,4.37
2026-06-04 10:08:50.500,drone_002,PLAN3,103.719832,30.713871,1196.7,52.31,-3.75,1.9
2026-06-04 10:08:51.000,drone_001,PLAN3,104.497042,30.614528,1322.4,81.05,-3.91,2.83
2026-06-04 10:08:51.000,drone_002,PLAN3,103.71918,30.713313,1189.1,52.23,-2.85,2.08
2026-06-04 10:08:51.500,drone_001,PLAN3,104.497841,30.614827,1313.3,81.71,-3.53,3.69
2026-06-04 10:08:51.500,drone_002,PLAN3,103.71858,30.712856,1179.9,52.67,-3.35,2.44
2026-06-04 10:08:52.000,drone_001,PLAN3,104.498773,30.615025,1304.1,81.18,-3.65,3.78
2026-06-04 10:08:52.000,drone_002,PLAN3,103.718014,30.712295,1172.5,52.64,-4.13,1.99
2026-06-04 10:08:52.500,drone_001,PLAN3,104.499596,30.615221,1295.7,81.29,-3.92,3.02
2026-06-04 10:08:52.500,drone_002,PLAN3,103.717337,30.711786,1164.5,52.69,-2.36,2.2
2026-06-04 10:08:53.000,drone_001,PLAN3,104.50046,30.615466,1287.6,81.59,-3.46,3.69
2026-06-04 10:08:53.000,drone_002,PLAN3,103.716725,30.711265,1157.6,52.46,-3.85,2.57
2026-06-04 10:08:53.500,drone_001,PLAN3,104.501365,30.615722,1279.2,81.3,-3.48,3.83
2026-06-04 10:08:53.500,drone_002,PLAN3,103.716101,30.710725,1147.7,52.17,-4.35,2.13
2026-06-04 10:08:54.000,drone_001,PLAN3,104.502174,30.615919,1270.4,81.02,-3.92,4.04
2026-06-04 10:08:54.000,drone_002,PLAN3,103.715476,30.710125,1140.8,53.08,-4.26,1.56
2026-06-04 10:08:54.500,drone_001,PLAN3,104.503072,30.616211,1262.0,81.01,-3.71,3.23
2026-06-04 10:08:54.500,drone_002,PLAN3,103.714885,30.709741,1132.1,52.45,-3.59,1.89
2026-06-04 10:08:55.000,drone_001,PLAN3,104.50395,30.616411,1253.4,80.68,-3.37,3.09
2026-06-04 10:08:55.000,drone_002,PLAN3,103.71426,30.709234,1122.9,52.77,-3.79,1.97
2026-06-04 10:08:55.500,drone_001,PLAN3,104.504808,30.616626,1243.4,80.52,-3.96,2.25
2026-06-04 10:08:55.500,drone_002,PLAN3,103.713637,30.708678,1115.0,53.2,-4.43,1.81
2026-06-04 10:08:56.000,drone_001,PLAN3,104.50564,30.616804,1237.1,80.5,-4.26,3.8
2026-06-04 10:08:56.000,drone_002,PLAN3,103.712983,30.708151,1109.4,53.01,-3.92,1.64
2026-06-04 10:08:56.500,drone_001,PLAN3,104.506418,30.617066,1229.3,80.9,-4.18,3.56
2026-06-04 10:08:56.500,drone_002,PLAN3,103.712382,30.707666,1099.0,52.88,-3.81,1.54
2026-06-04 10:08:57.000,drone_001,PLAN3,104.507319,30.61729,1217.1,80.42,-2.95,3.41
2026-06-04 10:08:57.000,drone_002,PLAN3,103.711757,30.707122,1093.0,52.63,-4.28,2.29
2026-06-04 10:08:57.500,drone_001,PLAN3,104.508235,30.617514,1210.8,80.13,-3.44,3.52
2026-06-04 10:08:57.500,drone_002,PLAN3,103.711138,30.706602,1082.5,52.83,-4.3,2.84
2026-06-04 10:08:58.000,drone_001,PLAN3,104.509034,30.617717,1204.8,80.05,-4.54,4.0
2026-06-04 10:08:58.000,drone_002,PLAN3,103.710517,30.706084,1074.8,54.16,-3.97,2.89
2026-06-04 10:08:58.500,drone_001,PLAN3,104.509937,30.617926,1196.3,80.26,-2.8,3.27
2026-06-04 10:08:58.500,drone_002,PLAN3,103.709861,30.705522,1066.2,53.16,-4.13,2.14
2026-06-04 10:08:59.000,drone_001,PLAN3,104.510729,30.618219,1185.2,79.83,-3.23,3.1
2026-06-04 10:08:59.000,drone_002,PLAN3,103.709238,30.705049,1061.1,53.5,-3.51,1.98
2026-06-04 10:08:59.500,drone_001,PLAN3,104.511616,30.618343,1178.6,80.59,-3.06,3.16
2026-06-04 10:08:59.500,drone_002,PLAN3,103.708621,30.704486,1050.3,52.94,-4.04,0.8
2026-06-04 10:09:00.000,drone_001,PLAN3,104.512423,30.618661,1171.0,79.98,-4.36,4.75
2026-06-04 10:09:00.000,drone_002,PLAN3,103.708028,30.704011,1044.5,53.54,-3.12,1.68
2026-06-04 10:09:00.500,drone_001,PLAN3,104.513301,30.618844,1161.0,80.24,-3.06,3.38
2026-06-04 10:09:00.500,drone_002,PLAN3,103.707398,30.703507,1037.3,53.24,-3.32,1.86
2026-06-04 10:09:01.000,drone_001,PLAN3,104.514181,30.619017,1155.2,79.56,-4.5,2.46
2026-06-04 10:09:01.000,drone_002,PLAN3,103.706724,30.702985,1030.0,53.21,-2.9,2.19
2026-06-04 10:09:01.500,drone_001,PLAN3,104.515061,30.619287,1147.8,79.96,-3.68,2.98
2026-06-04 10:09:01.500,drone_002,PLAN3,103.706161,30.702417,1020.7,53.1,-4.73,1.58
2026-06-04 10:09:02.000,drone_001,PLAN3,104.51587,30.619499,1137.6,79.09,-3.52,4.07
2026-06-04 10:09:02.000,drone_002,PLAN3,103.705532,30.702003,1014.4,53.17,-4.83,1.28
2026-06-04 10:09:02.500,drone_001,PLAN3,104.516776,30.61975,1129.5,79.05,-3.47,3.76
2026-06-04 10:09:02.500,drone_002,PLAN3,103.704888,30.701397,1007.2,53.97,-3.61,2.21
2026-06-04 10:09:03.000,drone_001,PLAN3,104.517567,30.619951,1122.5,78.76,-3.23,3.45
2026-06-04 10:09:03.000,drone_002,PLAN3,103.70429,30.700919,999.1,53.24,-4.35,2.78
2026-06-04 10:09:03.500,drone_001,PLAN3,104.518442,30.620145,1114.5,78.62,-3.26,3.69
2026-06-04 10:09:03.500,drone_002,PLAN3,103.70363,30.700402,991.8,53.77,-3.13,1.52
2026-06-04 10:09:04.000,drone_001,PLAN3,104.519334,30.620397,1107.0,79.53,-3.13,2.96
2026-06-04 10:09:04.000,drone_002,PLAN3,103.703037,30.699834,983.3,53.88,-3.3,1.74
2026-06-04 10:09:04.500,drone_001,PLAN3,104.520083,30.620631,1097.7,78.94,-2.92,3.25
2026-06-04 10:09:04.500,drone_002,PLAN3,103.702408,30.699324,975.5,54.46,-3.95,1.71
2026-06-04 10:09:05.000,drone_001,PLAN3,104.520959,30.620925,1090.7,79.74,-3.89,3.46
2026-06-04 10:09:05.000,drone_002,PLAN3,103.701786,30.69883,969.0,53.82,-3.39,2.01
2026-06-04 10:09:05.500,drone_001,PLAN3,104.521831,30.62108,1082.8,79.19,-3.2,4.08
2026-06-04 10:09:05.500,drone_002,PLAN3,103.701219,30.698332,960.8,53.89,-3.54,1.37
2026-06-04 10:09:06.000,drone_001,PLAN3,104.522732,30.621281,1074.8,78.89,-3.86,3.55
2026-06-04 10:09:06.000,drone_002,PLAN3,103.700592,30.697722,953.7,54.05,-3.79,2.67
2026-06-04 10:09:06.500,drone_001,PLAN3,104.523552,30.621535,1070.0,78.78,-2.63,2.41
2026-06-04 10:09:06.500,drone_002,PLAN3,103.699971,30.697311,946.8,54.15,-4.21,1.18
2026-06-04 10:09:07.000,drone_001,PLAN3,104.524468,30.621737,1062.0,79.09,-3.71,3.28
2026-06-04 10:09:07.000,drone_002,PLAN3,103.699328,30.696726,937.7,53.99,-3.63,2.79
2026-06-04 10:09:07.500,drone_001,PLAN3,104.525298,30.621931,1052.4,78.5,-3.46,3.8
2026-06-04 10:09:07.500,drone_002,PLAN3,103.698725,30.696246,932.5,53.67,-3.06,2.06
2026-06-04 10:09:08.000,drone_001,PLAN3,104.526041,30.622202,1045.0,79.01,-2.75,2.76
2026-06-04 10:09:08.000,drone_002,PLAN3,103.698147,30.695677,924.1,53.84,-3.95,2.05
2026-06-04 10:09:08.500,drone_001,PLAN3,104.5269,30.622469,1039.0,78.26,-3.45,2.51
2026-06-04 10:09:08.500,drone_002,PLAN3,103.697507,30.695181,916.2,53.71,-3.96,2.4
2026-06-04 10:09:09.000,drone_001,PLAN3,104.52774,30.622589,1031.8,78.5,-2.47,2.84
2026-06-04 10:09:09.000,drone_002,PLAN3,103.696869,30.69474,909.1,54.52,-3.67,3.14
2026-06-04 10:09:09.500,drone_001,PLAN3,104.528635,30.622858,1022.5,78.92,-3.17,2.88
2026-06-04 10:09:09.500,drone_002,PLAN3,103.696293,30.694184,901.4,54.35,-4.14,1.46
2026-06-04 10:09:10.000,drone_001,PLAN3,104.529491,30.623102,1014.3,78.42,-2.85,3.27
2026-06-04 10:09:10.000,drone_002,PLAN3,103.695667,30.693641,895.8,54.81,-4.2,2.42
2026-06-04 10:09:10.500,drone_001,PLAN3,104.5303,30.623272,1007.4,78.04,-3.67,3.09
2026-06-04 10:09:10.500,drone_002,PLAN3,103.69503,30.693136,888.0,54.74,-4.8,2.1
2026-06-04 10:09:11.000,drone_001,PLAN3,104.531185,30.623561,1000.3,78.1,-3.54,2.93
2026-06-04 10:09:11.000,drone_002,PLAN3,103.694402,30.692603,882.6,54.93,-3.75,2.88
2026-06-04 10:09:11.500,drone_001,PLAN3,104.532054,30.623769,993.8,78.28,-2.59,3.36
2026-06-04 10:09:11.500,drone_002,PLAN3,103.693808,30.692141,875.7,54.87,-3.88,2.5
2026-06-04 10:09:12.000,drone_001,PLAN3,104.53285,30.624032,987.9,78.41,-3.49,3.59
2026-06-04 10:09:12.000,drone_002,PLAN3,103.693172,30.69155,866.6,54.85,-3.29,2.28
2026-06-04 10:09:12.500,drone_001,PLAN3,104.533703,30.624176,979.2,78.64,-4.5,3.83
2026-06-04 10:09:12.500,drone_002,PLAN3,103.692567,30.69112,860.6,54.99,-3.95,2.15
2026-06-04 10:09:13.000,drone_001,PLAN3,104.534572,30.624388,971.5,78.09,-3.14,3.27
2026-06-04 10:09:13.000,drone_002,PLAN3,103.691946,30.690592,854.1,54.75,-4.28,2.19
2026-06-04 10:09:13.500,drone_001,PLAN3,104.53537,30.624613,964.5,78.16,-3.11,3.01
2026-06-04 10:09:13.500,drone_002,PLAN3,103.691325,30.690042,847.9,54.86,-3.49,1.64
2026-06-04 10:09:14.000,drone_001,PLAN3,104.536304,30.624833,958.9,77.98,-4.03,3.93
2026-06-04 10:09:14.000,drone_002,PLAN3,103.690695,30.689514,841.6,55.08,-3.18,2.19
2026-06-04 10:09:14.500,drone_001,PLAN3,104.537088,30.625078,949.3,77.56,-3.61,3.32
2026-06-04 10:09:14.500,drone_002,PLAN3,103.690161,30.68901,834.2,55.24,-2.37,2.25
2026-06-04 10:09:15.000,drone_001,PLAN3,104.537891,30.625291,944.8,77.27,-3.87,2.82
2026-06-04 10:09:15.000,drone_002,PLAN3,103.689496,30.688508,828.7,54.6,-4.26,2.22
2026-06-04 10:09:15.500,drone_001,PLAN3,104.53876,30.625497,937.4,77.85,-5.02,3.91
2026-06-04 10:09:15.500,drone_002,PLAN3,103.688899,30.687962,822.1,55.26,-3.36,1.89
2026-06-04 10:09:16.000,drone_001,PLAN3,104.539584,30.625675,929.7,76.75,-3.88,3.51
2026-06-04 10:09:16.000,drone_002,PLAN3,103.688262,30.687478,814.1,55.08,-3.07,2.27
2026-06-04 10:09:16.500,drone_001,PLAN3,104.540501,30.625897,922.1,77.26,-3.99,3.19
2026-06-04 10:09:16.500,drone_002,PLAN3,103.687612,30.686973,809.9,55.72,-4.17,2.19
2026-06-04 10:09:17.000,drone_001,PLAN3,104.541294,30.626115,916.8,77.61,-3.41,3.75
2026-06-04 10:09:17.000,drone_002,PLAN3,103.687032,30.686469,803.3,55.23,-4.16,1.94
2026-06-04 10:09:17.500,drone_001,PLAN3,104.542098,30.62634,913.0,77.5,-3.13,4.58
2026-06-04 10:09:17.500,drone_002,PLAN3,103.686437,30.685915,795.8,55.35,-3.21,0.71
2026-06-04 10:09:18.000,drone_001,PLAN3,104.542987,30.62658,903.4,77.36,-4.37,3.41
2026-06-04 10:09:18.000,drone_002,PLAN3,103.685819,30.685392,789.3,55.47,-3.56,2.71
2026-06-04 10:09:18.500,drone_001,PLAN3,104.543807,30.626768,896.2,76.67,-3.24,2.75
2026-06-04 10:09:18.500,drone_002,PLAN3,103.685139,30.684836,783.4,55.56,-2.81,2.89
2026-06-04 10:09:19.000,drone_001,PLAN3,104.544699,30.626973,891.3,76.45,-4.53,4.12
2026-06-04 10:09:19.000,drone_002,PLAN3,103.684541,30.684392,776.8,55.48,-4.09,0.97
2026-06-04 10:09:19.500,drone_001,PLAN3,104.545507,30.62721,882.8,76.95,-2.53,3.02
2026-06-04 10:09:19.500,drone_002,PLAN3,103.68395,30.68383,771.7,55.32,-4.81,1.21
2026-06-04 10:09:20.000,drone_001,PLAN3,104.546368,30.627416,878.7,76.53,-3.11,4.26
2026-06-04 10:09:20.000,drone_002,PLAN3,103.683352,30.683341,766.1,55.23,-3.65,2.03
2026-06-04 10:09:20.500,drone_001,PLAN3,104.547191,30.627611,873.3,76.63,-3.72,4.0
2026-06-04 10:09:20.500,drone_002,PLAN3,103.682722,30.682814,760.5,55.04,-4.27,1.73
2026-06-04 10:09:21.000,drone_001,PLAN3,104.548024,30.627889,865.9,76.64,-3.67,3.66
2026-06-04 10:09:21.000,drone_002,PLAN3,103.682155,30.682298,752.6,55.77,-3.73,2.36
2026-06-04 10:09:21.500,drone_001,PLAN3,104.548863,30.628101,860.2,76.31,-3.46,2.74
2026-06-04 10:09:21.500,drone_002,PLAN3,103.681462,30.681799,746.4,55.69,-4.08,2.41
2026-06-04 10:09:22.000,drone_001,PLAN3,104.549688,30.628235,854.1,76.74,-3.43,3.59
2026-06-04 10:09:22.000,drone_002,PLAN3,103.680843,30.681278,740.5,56.39,-4.43,1.54
2026-06-04 10:09:22.500,drone_001,PLAN3,104.550547,30.628472,847.7,75.74,-3.62,3.73
2026-06-04 10:09:22.500,drone_002,PLAN3,103.680226,30.680773,735.1,55.63,-3.82,2.62
2026-06-04 10:09:23.000,drone_001,PLAN3,104.551378,30.62865,840.4,76.19,-4.35,3.71
2026-06-04 10:09:23.000,drone_002,PLAN3,103.679683,30.680292,729.3,56.17,-3.34,1.92
2026-06-04 10:09:23.500,drone_001,PLAN3,104.552218,30.628903,834.7,76.08,-3.62,3.18
2026-06-04 10:09:23.500,drone_002,PLAN3,103.679022,30.679726,722.7,56.2,-4.27,1.85
2026-06-04 10:09:24.000,drone_001,PLAN3,104.552995,30.629174,827.0,75.65,-3.23,3.23
2026-06-04 10:09:24.000,drone_002,PLAN3,103.678446,30.679192,718.4,55.5,-4.37,1.61
2026-06-04 10:09:24.500,drone_001,PLAN3,104.553822,30.629361,821.7,76.15,-3.48,3.98
2026-06-04 10:09:24.500,drone_002,PLAN3,103.677878,30.678676,712.6,56.52,-4.32,1.37
2026-06-04 10:09:25.000,drone_001,PLAN3,104.554695,30.629538,817.3,75.32,-3.84,3.5
2026-06-04 10:09:25.000,drone_002,PLAN3,103.677218,30.678194,705.6,56.46,-3.53,2.62
2026-06-04 10:09:25.500,drone_001,PLAN3,104.555534,30.629804,809.7,75.6,-2.75,3.79
2026-06-04 10:09:25.500,drone_002,PLAN3,103.676623,30.677685,701.1,55.93,-2.85,2.71
2026-06-04 10:09:26.000,drone_001,PLAN3,104.556402,30.629984,805.4,75.97,-3.26,2.87
2026-06-04 10:09:26.000,drone_002,PLAN3,103.67601,30.677206,696.9,56.3,-3.81,2.75
2026-06-04 10:09:26.500,drone_001,PLAN3,104.557229,30.630175,799.4,75.47,-3.23,3.27
2026-06-04 10:09:26.500,drone_002,PLAN3,103.675405,30.676637,691.2,56.24,-4.03,2.87
2026-06-04 10:09:27.000,drone_001,PLAN3,104.558016,30.630345,793.8,74.93,-2.91,3.13
2026-06-04 10:09:27.000,drone_002,PLAN3,103.674741,30.676113,686.0,56.89,-3.33,1.37
2026-06-04 10:09:27.500,drone_001,PLAN3,104.558852,30.630614,788.8,75.32,-3.19,3.87
2026-06-04 10:09:27.500,drone_002,PLAN3,103.674175,30.675664,681.4,56.38,-3.76,3.01
2026-06-04 10:09:28.000,drone_001,PLAN3,104.559656,30.630874,783.8,75.39,-2.63,2.27
2026-06-04 10:09:28.000,drone_002,PLAN3,103.673551,30.675102,674.3,56.14,-4.38,1.76
2026-06-04 10:09:28.500,drone_001,PLAN3,104.560545,30.631057,778.2,74.8,-3.19,3.81
2026-06-04 10:09:28.500,drone_002,PLAN3,103.672979,30.674569,670.6,56.5,-4.1,2.25
2026-06-04 10:09:29.000,drone_001,PLAN3,104.561355,30.631188,773.2,74.84,-3.68,3.64
2026-06-04 10:09:29.000,drone_002,PLAN3,103.672323,30.674116,664.8,56.59,-3.42,1.66
2026-06-04 10:09:29.500,drone_001,PLAN3,104.562101,30.63146,769.8,75.11,-3.44,3.77
2026-06-04 10:09:29.500,drone_002,PLAN3,103.67174,30.673539,662.1,56.62,-3.74,1.61
2026-06-04 10:09:30.000,drone_001,PLAN3,104.562994,30.631608,763.2,74.85,-3.88,3.0
2026-06-04 10:09:30.000,drone_002,PLAN3,103.671131,30.67307,655.7,56.91,-3.27,2.45
2026-06-04 10:09:30.500,drone_001,PLAN3,104.563819,30.631886,758.8,74.51,-2.76,3.33
2026-06-04 10:09:30.500,drone_002,PLAN3,103.67049,30.672482,651.7,56.85,-3.16,2.96
2026-06-04 10:09:31.000,drone_001,PLAN3,104.564679,30.632147,751.3,74.88,-3.97,3.7
2026-06-04 10:09:31.000,drone_002,PLAN3,103.669883,30.672053,646.8,56.73,-2.89,2.02
2026-06-04 10:09:31.500,drone_001,PLAN3,104.565497,30.632278,749.0,74.14,-3.7,2.65
2026-06-04 10:09:31.500,drone_002,PLAN3,103.669292,30.671481,642.2,57.03,-4.03,2.35
2026-06-04 10:09:32.000,drone_001,PLAN3,104.566365,30.632529,743.2,74.34,-3.72,3.13
2026-06-04 10:09:32.000,drone_002,PLAN3,103.668618,30.671009,636.1,56.71,-3.46,1.6
2026-06-04 10:09:32.500,drone_001,PLAN3,104.567093,30.632707,738.3,74.98,-3.76,4.09
2026-06-04 10:09:32.500,drone_002,PLAN3,103.668096,30.67053,631.2,57.21,-3.8,2.05
2026-06-04 10:09:33.000,drone_001,PLAN3,104.568039,30.632927,734.8,74.36,-3.34,3.5
2026-06-04 10:09:33.000,drone_002,PLAN3,103.667504,30.669927,627.3,56.85,-3.84,1.34
2026-06-04 10:09:33.500,drone_001,PLAN3,104.568761,30.633098,729.9,74.41,-3.36,4.05
2026-06-04 10:09:33.500,drone_002,PLAN3,103.66685,30.669495,625.1,57.41,-3.79,2.19
2026-06-04 10:09:34.000,drone_001,PLAN3,104.569607,30.633334,722.9,74.6,-4.06,3.88
2026-06-04 10:09:34.000,drone_002,PLAN3,103.666226,30.66893,620.7,56.63,-3.8,2.15
2026-06-04 10:09:34.500,drone_001,PLAN3,104.570436,30.63352,718.8,74.4,-3.42,3.14
2026-06-04 10:09:34.500,drone_002,PLAN3,103.665665,30.668436,614.4,57.56,-3.16,2.87
2026-06-04 10:09:35.000,drone_001,PLAN3,104.571231,30.63372,715.6,73.99,-2.76,3.59
2026-06-04 10:09:35.000,drone_002,PLAN3,103.664993,30.667927,610.6,57.47,-3.84,2.23
2026-06-04 10:09:35.500,drone_001,PLAN3,104.572085,30.633917,709.0,73.65,-3.51,3.12
2026-06-04 10:09:35.500,drone_002,PLAN3,103.664378,30.66743,607.9,57.29,-4.03,1.85
2026-06-04 10:09:36.000,drone_001,PLAN3,104.572967,30.634185,706.9,73.75,-2.81,3.73
2026-06-04 10:09:36.000,drone_002,PLAN3,103.663831,30.666862,598.9,57.24,-3.6,2.62
2026-06-04 10:09:36.500,drone_001,PLAN3,104.573766,30.634364,703.1,73.99,-3.09,3.46
2026-06-04 10:09:36.500,drone_002,PLAN3,103.6632,30.666378,597.1,57.71,-3.38,2.72
2026-06-04 10:09:37.000,drone_001,PLAN3,104.57457,30.634536,698.4,74.26,-3.84,3.06
2026-06-04 10:09:37.000,drone_002,PLAN3,103.662615,30.665837,593.7,56.98,-2.73,2.6
2026-06-04 10:09:37.500,drone_001,PLAN3,104.575429,30.634789,694.4,73.5,-3.75,3.64
2026-06-04 10:09:37.500,drone_002,PLAN3,103.661933,30.665331,589.4,57.68,-3.74,1.07
2026-06-04 10:09:38.000,drone_001,PLAN3,104.576231,30.634964,689.7,73.65,-3.82,3.21
2026-06-04 10:09:38.000,drone_002,PLAN3,103.661381,30.664827,586.6,57.02,-4.43,2.01
2026-06-04 10:09:38.500,drone_001,PLAN3,104.576982,30.63519,686.3,73.78,-3.97,3.95
2026-06-04 10:09:38.500,drone_002,PLAN3,103.660806,30.664316,583.4,57.57,-3.13,0.39
2026-06-04 10:09:39.000,drone_001,PLAN3,104.577937,30.635419,682.2,73.3,-3.95,3.15
2026-06-04 10:09:39.000,drone_002,PLAN3,103.660086,30.663833,579.1,57.75,-4.95,3.0
2026-06-04 10:09:39.500,drone_001,PLAN3,104.578766,30.635623,680.2,73.54,-3.25,2.59
2026-06-04 10:09:39.500,drone_002,PLAN3,103.659529,30.663271,576.2,57.69,-4.82,2.53
2026-06-04 10:09:40.000,drone_001,PLAN3,104.579536,30.635775,676.4,73.21,-3.14,4.32
2026-06-04 10:09:40.000,drone_002,PLAN3,103.65898,30.662823,572.4,57.79,-3.66,2.18
2026-06-04 10:09:40.500,drone_001,PLAN3,104.580313,30.63597,672.5,73.02,-3.44,3.4
2026-06-04 10:09:40.500,drone_002,PLAN3,103.658359,30.662259,567.3,58.01,-3.17,1.89
2026-06-04 10:09:41.000,drone_001,PLAN3,104.581145,30.636145,668.6,73.04,-2.85,2.51
2026-06-04 10:09:41.000,drone_002,PLAN3,103.657718,30.661748,564.4,58.28,-3.82,1.71
2026-06-04 10:09:41.500,drone_001,PLAN3,104.581994,30.636398,664.9,72.98,-3.26,3.94
2026-06-04 10:09:41.500,drone_002,PLAN3,103.657074,30.661295,560.0,58.01,-3.6,1.65
2026-06-04 10:09:42.000,drone_001,PLAN3,104.582824,30.636547,662.4,73.04,-3.92,4.08
2026-06-04 10:09:42.000,drone_002,PLAN3,103.656499,30.660794,558.8,58.54,-3.88,1.19
2026-06-04 10:09:42.500,drone_001,PLAN3,104.583617,30.636786,657.8,72.71,-2.94,2.37
2026-06-04 10:09:42.500,drone_002,PLAN3,103.655945,30.660286,555.7,58.05,-4.22,1.68
2026-06-04 10:09:43.000,drone_001,PLAN3,104.584373,30.637022,654.7,72.37,-3.18,3.34
2026-06-04 10:09:43.000,drone_002,PLAN3,103.655371,30.659763,551.9,58.38,-3.38,1.85
2026-06-04 10:09:43.500,drone_001,PLAN3,104.585208,30.63719,652.6,73.21,-3.9,3.29
2026-06-04 10:09:43.500,drone_002,PLAN3,103.654729,30.659216,548.2,58.56,-3.43,2.34
2026-06-04 10:09:44.000,drone_001,PLAN3,104.586075,30.637444,648.6,72.61,-3.23,3.28
2026-06-04 10:09:44.000,drone_002,PLAN3,103.654128,30.658723,545.4,57.68,-3.73,2.22
2026-06-04 10:09:44.500,drone_001,PLAN3,104.586854,30.637667,646.8,72.85,-3.09,4.2
2026-06-04 10:09:44.500,drone_002,PLAN3,103.653557,30.658204,541.5,58.5,-3.73,2.05
2026-06-04 10:09:45.000,drone_001,PLAN3,104.587641,30.637844,644.3,72.66,-3.17,3.3
2026-06-04 10:09:45.000,drone_002,PLAN3,103.65298,30.657698,540.5,58.48,-4.29,2.14
2026-06-04 10:09:45.500,drone_001,PLAN3,104.588537,30.638016,639.8,72.02,-3.94,3.56
2026-06-04 10:09:45.500,drone_002,PLAN3,103.652326,30.657148,538.7,58.28,-4.33,1.49
2026-06-04 10:09:46.000,drone_001,PLAN3,104.589296,30.638227,639.2,72.69,-3.16,3.04
2026-06-04 10:09:46.000,drone_002,PLAN3,103.651758,30.656701,536.6,57.97,-3.32,1.6
2026-06-04 10:09:46.500,drone_001,PLAN3,104.590157,30.638406,637.5,72.65,-4.53,2.62
2026-06-04 10:09:46.500,drone_002,PLAN3,103.651113,30.656159,534.5,58.53,-4.04,2.15
2026-06-04 10:09:47.000,drone_001,PLAN3,104.590977,30.63859,632.8,72.21,-3.14,3.28
2026-06-04 10:09:47.000,drone_002,PLAN3,103.650531,30.655698,532.0,59.01,-4.76,2.64
2026-06-04 10:09:47.500,drone_001,PLAN3,104.591729,30.638814,630.5,72.24,-4.33,4.75
2026-06-04 10:09:47.500,drone_002,PLAN3,103.6499,30.655142,527.4,58.55,-3.93,1.92
2026-06-04 10:09:48.000,drone_001,PLAN3,104.59256,30.639031,628.7,72.18,-3.57,3.08
2026-06-04 10:09:48.000,drone_002,PLAN3,103.649302,30.654584,527.5,58.32,-3.26,2.23
2026-06-04 10:09:48.500,drone_001,PLAN3,104.593384,30.639267,626.5,71.94,-3.08,2.9
2026-06-04 10:09:48.500,drone_002,PLAN3,103.648737,30.654151,524.0,58.57,-3.56,2.2
2026-06-04 10:09:49.000,drone_001,PLAN3,104.594159,30.639429,624.4,71.64,-2.68,2.32
2026-06-04 10:09:49.000,drone_002,PLAN3,103.648125,30.653592,522.3,58.72,-3.43,1.9
2026-06-04 10:09:49.500,drone_001,PLAN3,104.595025,30.639627,620.6,71.74,-3.19,4.13
2026-06-04 10:09:49.500,drone_002,PLAN3,103.647446,30.653105,521.3,59.28,-3.51,2.12
2026-06-04 10:09:50.000,drone_001,PLAN3,104.595873,30.639751,620.3,71.61,-2.91,3.84
2026-06-04 10:09:50.000,drone_002,PLAN3,103.646909,30.652599,518.0,59.17,-3.82,1.81
2026-06-04 10:09:50.500,drone_001,PLAN3,104.596629,30.639972,618.1,71.69,-3.35,3.08
2026-06-04 10:09:50.500,drone_002,PLAN3,103.646262,30.652067,518.5,58.75,-3.44,2.11
2026-06-04 10:09:51.000,drone_001,PLAN3,104.597446,30.640187,617.2,71.52,-4.37,4.51
2026-06-04 10:09:51.000,drone_002,PLAN3,103.645726,30.651575,516.0,59.23,-4.14,1.72
2026-06-04 10:09:51.500,drone_001,PLAN3,104.598224,30.640372,614.2,71.18,-2.93,3.45
2026-06-04 10:09:51.500,drone_002,PLAN3,103.645083,30.651124,514.0,59.44,-3.68,1.91
2026-06-04 10:09:52.000,drone_001,PLAN3,104.599001,30.640574,612.7,71.24,-2.9,2.73
2026-06-04 10:09:52.000,drone_002,PLAN3,103.644445,30.650591,512.0,58.3,-4.33,2.85
2026-06-04 10:09:52.500,drone_001,PLAN3,104.599819,30.640758,609.4,70.85,-3.44,3.62
2026-06-04 10:09:52.500,drone_002,PLAN3,103.643946,30.650121,511.1,58.37,-3.55,2.07
2026-06-04 10:09:53.000,drone_001,PLAN3,104.600685,30.640953,607.6,71.46,-2.75,2.41
2026-06-04 10:09:53.000,drone_002,PLAN3,103.643257,30.649569,509.9,59.5,-3.56,1.59
2026-06-04 10:09:53.500,drone_001,PLAN3,104.601453,30.64116,608.5,70.81,-3.42,3.11
2026-06-04 10:09:53.500,drone_002,PLAN3,103.642667,30.649093,508.2,59.43,-3.05,2.22
2026-06-04 10:09:54.000,drone_001,PLAN3,104.60224,30.641374,607.8,71.09,-3.07,3.15
2026-06-04 10:09:54.000,drone_002,PLAN3,103.642091,30.648544,507.8,59.3,-3.78,2.63
2026-06-04 10:09:54.500,drone_001,PLAN3,104.603086,30.641576,605.0,70.95,-3.68,3.81
2026-06-04 10:09:54.500,drone_002,PLAN3,103.641523,30.648033,507.2,59.52,-3.89,2.79
2026-06-04 10:09:55.000,drone_001,PLAN3,104.603895,30.641744,604.0,70.68,-2.4,2.56
2026-06-04 10:09:55.000,drone_002,PLAN3,103.640902,30.647508,504.7,59.38,-3.81,1.41
2026-06-04 10:09:55.500,drone_001,PLAN3,104.604714,30.641992,603.2,70.65,-3.46,3.07
2026-06-04 10:09:55.500,drone_002,PLAN3,103.640289,30.646995,503.6,59.31,-2.66,2.22
2026-06-04 10:09:56.000,drone_001,PLAN3,104.60553,30.642131,603.6,70.41,-3.23,2.9
2026-06-04 10:09:56.000,drone_002,PLAN3,103.639692,30.646477,501.9,59.69,-4.35,2.18
2026-06-04 10:09:56.500,drone_001,PLAN3,104.606275,30.642281,603.1,71.06,-4.92,2.88
2026-06-04 10:09:56.500,drone_002,PLAN3,103.639065,30.646029,501.1,59.25,-4.29,2.64
2026-06-04 10:09:57.000,drone_001,PLAN3,104.607054,30.64251,603.1,70.85,-3.89,3.78
2026-06-04 10:09:57.000,drone_002,PLAN3,103.638441,30.645524,501.4,59.74,-3.82,1.88
2026-06-04 10:09:57.500,drone_001,PLAN3,104.607922,30.642775,604.1,70.31,-3.95,4.81
2026-06-04 10:09:57.500,drone_002,PLAN3,103.637892,30.644993,501.5,59.65,-3.07,2.23
2026-06-04 10:09:58.000,drone_001,PLAN3,104.608659,30.642919,600.2,70.26,-3.3,2.74
2026-06-04 10:09:58.000,drone_002,PLAN3,103.637341,30.644521,500.5,60.02,-3.78,1.83
2026-06-04 10:09:58.500,drone_001,PLAN3,104.609435,30.64314,598.8,70.44,-3.05,2.45
2026-06-04 10:09:58.500,drone_002,PLAN3,103.636745,30.643985,498.6,59.71,-2.83,1.77
2026-06-04 10:09:59.000,drone_001,PLAN3,104.610271,30.643331,599.9,70.21,-4.5,3.3
2026-06-04 10:09:59.000,drone_002,PLAN3,103.636129,30.643496,502.2,60.11,-4.54,2.45
2026-06-04 10:09:59.500,drone_001,PLAN3,104.611037,30.643468,598.6,69.73,-4.06,3.59
2026-06-04 10:09:59.500,drone_002,PLAN3,103.635474,30.642953,499.0,60.49,-2.8,1.28
2026-06-04 10:10:00.000,drone_001,PLAN3,104.611909,30.64367,600.1,70.23,-3.64,3.78
2026-06-04 10:10:00.000,drone_002,PLAN3,103.634926,30.642429,501.0,59.99,-3.39,1.41
