flightTime,trackId,state,battery,speed,alarm,detector_type,range_type,detect_range,yaw_angle,pitch_angle,center_point
2026-06-04 10:00:00.000,drone_001,TAKEOFF,100.0,193.64,正常,光测,扇形,25024.3,24.7,22.5,机头
2026-06-04 10:00:00.000,drone_002,TAKEOFF,95.0,188.01,正常,雷达,扇形,30258.0,32.1,21.0,机中
2026-06-04 10:00:01.000,drone_001,TAKEOFF,99.9,193.41,正常,光测,扇形,26669.7,26.4,24.0,机头
2026-06-04 10:00:01.000,drone_002,TAKEOFF,94.9,174.7,正常,雷达,扇形,30543.9,30.3,20.3,机中
2026-06-04 10:00:02.000,drone_001,TAKEOFF,99.9,209.39,正常,光测,扇形,26645.7,26.2,23.2,机头
2026-06-04 10:00:02.000,drone_002,TAKEOFF,94.9,181.41,正常,雷达,扇形,31624.1,29.4,18.9,机中
2026-06-04 10:00:03.000,drone_001,TAKEOFF,99.8,191.48,正常,光测,扇形,24543.5,26.0,23.3,机头
2026-06-04 10:00:03.000,drone_002,TAKEOFF,94.8,188.19,正常,雷达,扇形,30811.1,31.1,21.6,机中
2026-06-04 10:00:04.000,drone_001,TAKEOFF,99.7,205.42,正常,光测,扇形,25582.0,24.3,20.9,机头
2026-06-04 10:00:04.000,drone_002,TAKEOFF,94.7,187.84,正常,雷达,扇形,32277.4,32.0,20.9,机中
2026-06-04 10:00:05.000,drone_001,TAKEOFF,99.7,207.43,正常,光测,扇形,24723.9,26.2,23.0,机头
2026-06-04 10:00:05.000,drone_002,TAKEOFF,94.7,181.54,正常,雷达,扇形,29597.0,30.2,20.6,机中
2026-06-04 10:00:06.000,drone_001,TAKEOFF,99.6,208.86,正常,光测,扇形,25571.9,25.4,22.3,机头
2026-06-04 10:00:06.000,drone_002,TAKEOFF,94.6,174.21,右侧引擎故障,雷达,扇形,32017.5,30.6,22.4,机中
2026-06-04 10:00:07.000,drone_001,TAKEOFF,99.5,199.79,正常,光测,扇形,24865.6,25.3,23.8,机头
2026-06-04 10:00:07.000,drone_002,TAKEOFF,94.5,176.97,右侧引擎故障,雷达,扇形,30150.6,30.2,21.8,机中
2026-06-04 10:00:08.000,drone_001,TAKEOFF,99.5,202.9,正常,光测,扇形,26011.3,24.1,24.5,机头
2026-06-04 10:00:08.000,drone_002,TAKEOFF,94.5,179.43,右侧引擎故障,雷达,扇形,30908.5,30.3,19.1,机中
2026-06-04 10:00:09.000,drone_001,TAKEOFF,99.4,196.98,正常,光测,扇形,26537.5,26.1,23.9,机头
2026-06-04 10:00:09.000,drone_002,TAKEOFF,94.4,177.29,右侧引擎故障,雷达,扇形,30247.5,30.7,19.5,机中
2026-06-04 10:00:10.000,drone_001,TAKEOFF,99.3,202.99,正常,光测,扇形,25926.2,24.9,21.2,机头
2026-06-04 10:00:10.000,drone_002,TAKEOFF,94.3,186.12,右侧引擎故障,雷达,扇形,32097.7,29.2,19.2,机中
2026-06-04 10:00:11.000,drone_001,TAKEOFF,99.3,190.49,正常,光测,扇形,24699.8,26.3,24.6,机头
2026-06-04 10:00:11.000,drone_002,TAKEOFF,94.3,186.16,正常,雷达,扇形,31603.9,30.8,18.5,机中
2026-06-04 10:00:12.000,drone_001,TAKEOFF,99.2,201.4,正常,光测,扇形,25817.5,26.5,21.4,机头
2026-06-04 10:00:12.000,drone_002,TAKEOFF,94.2,172.61,正常,雷达,扇形,30912.5,33.0,19.3,机中
2026-06-04 10:00:13.000,drone_001,TAKEOFF,99.1,200.03,正常,光测,扇形,25906.7,25.4,24.0,机头
2026-06-04 10:00:13.000,drone_002,TAKEOFF,94.1,183.29,正常,雷达,扇形,32330.0,31.5,21.6,机中
2026-06-04 10:00:14.000,drone_001,TAKEOFF,99.1,192.54,正常,光测,扇形,26213.1,23.4,23.3,机头
2026-06-04 10:00:14.000,drone_002,TAKEOFF,94.1,177.21,正常,雷达,扇形,31272.2,30.7,18.9,机中
2026-06-04 10:00:15.000,drone_001,TAKEOFF,99.0,193.47,正常,光测,扇形,24886.5,24.8,23.7,机头
2026-06-04 10:00:15.000,drone_002,TAKEOFF,94.0,172.36,正常,雷达,扇形,31751.3,30.9,20.7,机中
2026-06-04 10:00:16.000,drone_001,TAKEOFF,98.9,199.83,正常,光测,扇形,24689.8,24.3,22.4,机头
2026-06-04 10:00:16.000,drone_002,TAKEOFF,93.9,182.69,正常,雷达,扇形,30007.0,29.8,21.0,机中
2026-06-04 10:00:17.000,drone_001,TAKEOFF,98.9,201.51,正常,光测,扇形,25889.7,24.4,23.0,机头
2026-06-04 10:00:17.000,drone_002,TAKEOFF,93.9,183.94,正常,雷达,扇形,31833.6,32.4,20.1,机中
2026-06-04 10:00:18.000,drone_001,TAKEOFF,98.8,204.7,正常,光测,扇形,24967.6,23.3,23.8,机头
2026-06-04 10:00:18.000,drone_002,TAKEOFF,93.8,179.19,正常,雷达,扇形,30312.8,32.1,18.5,机中
2026-06-04 10:00:19.000,drone_001,TAKEOFF,98.7,207.91,正常,光测,扇形,24275.4,26.2,21.2,机头
2026-06-04 10:00:19.000,drone_002,TAKEOFF,93.7,172.29,正常,雷达,扇形,31400.6,29.4,19.8,机中
2026-06-04 10:00:20.000,drone_001,TAKEOFF,98.7,191.82,正常,光测,扇形,24394.7,24.8,22.6,机头
2026-06-04 10:00:20.000,drone_002,TAKEOFF,93.7,174.11,正常,雷达,扇形,30915.8,31.5,21.4,机中
2026-06-04 10:00:21.000,drone_001,TAKEOFF,98.6,191.67,正常,光测,扇形,25673.0,24.3,24.4,机头
2026-06-04 10:00:21.000,drone_002,TAKEOFF,93.6,179.23,正常,雷达,扇形,30078.2,29.9,21.1,机中
2026-06-04 10:00:22.000,drone_001,TAKEOFF,98.5,194.47,正常,光测,扇形,24278.8,26.5,21.0,机头
2026-06-04 10:00:22.000,drone_002,TAKEOFF,93.5,176.89,正常,雷达,扇形,30123.1,30.2,20.3,机中
2026-06-04 10:00:23.000,drone_001,TAKEOFF,98.5,202.4,正常,光测,扇形,24727.9,24.4,22.2,机头
2026-06-04 10:00:23.000,drone_002,TAKEOFF,93.5,174.16,正常,雷达,扇形,29673.5,29.7,19.1,机中
2026-06-04 10:00:24.000,drone_001,TAKEOFF,98.4,209.75,正常,光测,扇形,25764.2,24.1,24.7,机头
2026-06-04 10:00:24.000,drone_002,TAKEOFF,93.4,180.82,正常,雷达,扇形,32498.0,30.4,19.9,机中
2026-06-04 10:00:25.000,drone_001,TAKEOFF,98.3,192.58,正常,光测,扇形,25794.9,23.5,23.5,机头
2026-06-04 10:00:25.000,drone_002,TAKEOFF,93.3,180.77,正常,雷达,扇形,29698.3,33.1,20.3,机中
2026-06-04 10:00:26.000,drone_001,TAKEOFF,98.3,192.68,雷达故障,光测,扇形,25831.0,25.4,21.6,机头
2026-06-04 10:00:26.000,drone_002,TAKEOFF,93.3,171.95,正常,雷达,扇形,32154.5,30.1,19.7,机中
2026-06-04 10:00:27.000,drone_001,TAKEOFF,98.2,199.18,雷达故障,光测,扇形,26749.2,24.6,22.1,机头
2026-06-04 10:00:27.000,drone_002,TAKEOFF,93.2,187.8,正常,雷达,扇形,31966.4,29.3,20.0,机中
2026-06-04 10:00:28.000,drone_001,TAKEOFF,98.1,193.54,雷达故障,光测,扇形,24474.2,23.1,22.6,机头
2026-06-04 10:00:28.000,drone_002,TAKEOFF,93.1,181.29,正常,雷达,扇形,30051.4,31.0,19.6,机中
2026-06-04 10:00:29.000,drone_001,TAKEOFF,98.1,197.41,雷达故障,光测,扇形,25484.4,25.1,22.3,机头
2026-06-04 10:00:29.000,drone_002,TAKEOFF,93.1,177.02,正常,雷达,扇形,31205.1,30.8,20.5,机中
2026-06-04 10:00:30.000,drone_001,CRUISING,98.0,190.4,雷达故障,光测,扇形,25069.8,23.4,22.1,机头
2026-06-04 10:00:30.000,drone_002,CRUISING,93.0,174.69,正常,雷达,扇形,32088.5,31.4,20.4,机中
2026-06-04 10:00:31.000,drone_001,CRUISING,97.9,202.92,雷达故障,光测,扇形,25704.6,24.0,24.7,机头
2026-06-04 10:00:31.000,drone_002,CRUISING,92.9,181.34,正常,雷达,扇形,32034.1,32.7,20.7,机中
2026-06-04 10:00:32.000,drone_001,CRUISING,97.9,209.39,雷达故障,光测,扇形,26456.9,25.9,21.8,机头
2026-06-04 10:00:32.000,drone_002,CRUISING,92.9,180.35,正常,雷达,扇形,32078.9,31.0,21.7,机中
2026-06-04 10:00:33.000,drone_001,CRUISING,97.8,192.3,雷达故障,光测,扇形,25806.3,23.7,23.1,机头
2026-06-04 10:00:33.000,drone_002,CRUISING,92.8,180.5,正常,雷达,扇形,32339.8,29.5,20.2,机中
2026-06-04 10:00:34.000,drone_001,CRUISING,97.7,199.43,雷达故障,光测,扇形,25298.9,24.0,24.5,机头
2026-06-04 10:00:34.000,drone_002,CRUISING,92.7,187.67,正常,雷达,扇形,30591.9,33.1,21.3,机中
2026-06-04 10:00:35.000,drone_001,CRUISING,97.7,203.3,正常,光测,扇形,25582.8,24.0,24.3,机头
2026-06-04 10:00:35.000,drone_002,CRUISING,92.7,183.47,正常,雷达,扇形,30726.6,29.4,22.3,机中
2026-06-04 10:00:36.000,drone_001,CRUISING,97.6,208.13,正常,光测,扇形,24546.1,26.3,23.3,机头
2026-06-04 10:00:36.000,drone_002,CRUISING,92.6,171.06,正常,雷达,扇形,30210.9,29.9,19.5,机中
2026-06-04 10:00:37.000,drone_001,CRUISING,97.5,207.54,正常,光测,扇形,26343.9,23.0,24.2,机头
2026-06-04 10:00:37.000,drone_002,CRUISING,92.5,188.16,正常,雷达,扇形,30912.1,31.8,19.2,机中
2026-06-04 10:00:38.000,drone_001,CRUISING,97.5,193.63,正常,光测,扇形,25736.8,24.2,22.6,机头
2026-06-04 10:00:38.000,drone_002,CRUISING,92.5,188.53,正常,雷达,扇形,31458.2,31.6,20.7,机中
2026-06-04 10:00:39.000,drone_001,CRUISING,97.4,204.73,正常,光测,扇形,26610.2,24.4,21.2,机头
2026-06-04 10:00:39.000,drone_002,CRUISING,92.4,179.71,正常,雷达,扇形,30292.9,29.2,19.8,机中
2026-06-04 10:00:40.000,drone_001,CRUISING,97.3,204.75,正常,光测,扇形,24821.0,24.4,21.4,机头
2026-06-04 10:00:40.000,drone_002,CRUISING,92.3,182.43,正常,雷达,扇形,32416.4,33.1,19.1,机中
2026-06-04 10:00:41.000,drone_001,CRUISING,97.3,201.91,正常,光测,扇形,26161.9,23.4,24.4,机头
2026-06-04 10:00:41.000,drone_002,CRUISING,92.3,172.89,右侧引擎故障,雷达,扇形,30813.2,32.9,21.8,机中
2026-06-04 10:00:42.000,drone_001,CRUISING,97.2,193.1,正常,光测,扇形,26447.4,26.4,22.3,机头
2026-06-04 10:00:42.000,drone_002,CRUISING,92.2,180.71,右侧引擎故障,雷达,扇形,31175.3,29.8,19.9,机中
2026-06-04 10:00:43.000,drone_001,CRUISING,97.1,193.57,正常,光测,扇形,24855.7,23.0,21.8,机头
2026-06-04 10:00:43.000,drone_002,CRUISING,92.1,176.38,右侧引擎故障,雷达,扇形,31947.3,30.0,20.6,机中
2026-06-04 10:00:44.000,drone_001,CRUISING,97.1,206.35,正常,光测,扇形,24909.9,24.1,23.2,机头
2026-06-04 10:00:44.000,drone_002,CRUISING,92.1,188.3,右侧引擎故障,雷达,扇形,30167.2,30.6,20.7,机中
2026-06-04 10:00:45.000,drone_001,CRUISING,97.0,195.16,正常,光测,扇形,26378.8,26.5,22.9,机头
2026-06-04 10:00:45.000,drone_002,CRUISING,92.0,188.39,右侧引擎故障,雷达,扇形,30062.2,32.2,19.9,机中
2026-06-04 10:00:46.000,drone_001,CRUISING,96.9,193.51,正常,光测,扇形,25316.6,24.1,22.9,机头
2026-06-04 10:00:46.000,drone_002,CRUISING,91.9,179.75,右侧引擎故障,雷达,扇形,30238.6,30.0,22.2,机中
2026-06-04 10:00:47.000,drone_001,CRUISING,96.9,208.74,正常,光测,扇形,24796.4,22.7,21.8,机头
2026-06-04 10:00:47.000,drone_002,CRUISING,91.9,184.08,正常,雷达,扇形,30231.5,30.9,21.0,机中
2026-06-04 10:00:48.000,drone_001,CRUISING,96.8,205.99,正常,光测,扇形,24942.4,24.9,22.2,机头
2026-06-04 10:00:48.000,drone_002,CRUISING,91.8,175.91,正常,雷达,扇形,30568.2,33.1,20.2,机中
2026-06-04 10:00:49.000,drone_001,CRUISING,96.7,209.75,正常,光测,扇形,24348.4,25.4,24.5,机头
2026-06-04 10:00:49.000,drone_002,CRUISING,91.7,188.45,正常,雷达,扇形,30889.0,32.6,22.2,机中
2026-06-04 10:00:50.000,drone_001,CRUISING,96.7,194.6,正常,光测,扇形,24444.2,25.4,22.2,机头
2026-06-04 10:00:50.000,drone_002,CRUISING,91.7,188.01,正常,雷达,扇形,31572.8,29.4,21.1,机中
2026-06-04 10:00:51.000,drone_001,CRUISING,96.6,205.98,正常,光测,扇形,25142.9,25.7,22.4,机头
2026-06-04 10:00:51.000,drone_002,CRUISING,91.6,179.36,左侧引擎故障,雷达,扇形,30166.4,31.7,20.4,机中
2026-06-04 10:00:52.000,drone_001,CRUISING,96.5,190.84,右侧引擎故障,光测,扇形,24527.2,24.2,21.3,机头
2026-06-04 10:00:52.000,drone_002,CRUISING,91.5,176.33,左侧引擎故障,雷达,扇形,30601.2,33.0,19.2,机中
2026-06-04 10:00:53.000,drone_001,CRUISING,96.5,202.6,右侧引擎故障,光测,扇形,24799.9,24.7,23.2,机头
2026-06-04 10:00:53.000,drone_002,CRUISING,91.5,183.23,左侧引擎故障,雷达,扇形,31346.3,30.9,20.6,机中
2026-06-04 10:00:54.000,drone_001,CRUISING,96.4,208.63,右侧引擎故障,光测,扇形,26124.3,23.7,21.8,机头
2026-06-04 10:00:54.000,drone_002,CRUISING,91.4,182.18,左侧引擎故障,雷达,扇形,30096.9,32.6,21.7,机中
2026-06-04 10:00:55.000,drone_001,CRUISING,96.3,193.15,右侧引擎故障,光测,扇形,24657.2,23.9,21.8,机头
2026-06-04 10:00:55.000,drone_002,CRUISING,91.3,178.76,左侧引擎故障,雷达,扇形,30974.2,30.4,20.9,机中
2026-06-04 10:00:56.000,drone_001,CRUISING,96.3,190.18,右侧引擎故障,光测,扇形,26337.3,23.1,21.9,机头
2026-06-04 10:00:56.000,drone_002,CRUISING,91.3,177.21,左侧引擎故障,雷达,扇形,31606.7,32.7,19.2,机中
2026-06-04 10:00:57.000,drone_001,CRUISING,96.2,191.16,右侧引擎故障,光测,扇形,24438.4,26.0,24.8,机头
2026-06-04 10:00:57.000,drone_002,CRUISING,91.2,187.83,左侧引擎故障,雷达,扇形,30491.6,31.3,20.0,机中
2026-06-04 10:00:58.000,drone_001,CRUISING,96.1,192.04,右侧引擎故障,光测,扇形,26428.0,24.7,24.1,机头
2026-06-04 10:00:58.000,drone_002,CRUISING,91.1,181.37,左侧引擎故障,雷达,扇形,32174.7,29.9,21.6,机中
2026-06-04 10:00:59.000,drone_001,CRUISING,96.1,194.01,右侧引擎故障,光测,扇形,26463.5,25.4,23.0,机头
2026-06-04 10:00:59.000,drone_002,CRUISING,91.1,178.96,左侧引擎故障,雷达,扇形,30069.5,31.6,19.5,机中
2026-06-04 10:01:00.000,drone_001,CRUISING,96.0,194.51,右侧引擎故障,光测,扇形,24658.2,25.2,22.1,机头
2026-06-04 10:01:00.000,drone_002,CRUISING,91.0,178.88,正常,雷达,扇形,32251.5,29.9,19.5,机中
2026-06-04 10:01:01.000,drone_001,CRUISING,95.9,192.06,右侧引擎故障,光测,扇形,25704.9,22.7,22.7,机头
2026-06-04 10:01:01.000,drone_002,CRUISING,90.9,185.33,正常,雷达,扇形,31431.1,31.2,22.2,机中
2026-06-04 10:01:02.000,drone_001,CRUISING,95.9,202.26,右侧引擎故障,光测,扇形,25010.5,26.3,24.6,机头
2026-06-04 10:01:02.000,drone_002,CRUISING,90.9,185.96,正常,雷达,扇形,31291.2,29.5,22.1,机中
2026-06-04 10:01:03.000,drone_001,CRUISING,95.8,204.5,右侧引擎故障,光测,扇形,25762.0,25.2,22.7,机头
2026-06-04 10:01:03.000,drone_002,CRUISING,90.8,183.21,正常,雷达,扇形,31307.4,32.6,18.9,机中
2026-06-04 10:01:04.000,drone_001,CRUISING,95.7,198.37,右侧引擎故障,光测,扇形,24767.4,25.9,21.5,机头
2026-06-04 10:01:04.000,drone_002,CRUISING,90.7,181.82,正常,雷达,扇形,30845.6,30.9,19.4,机中
2026-06-04 10:01:05.000,drone_001,CRUISING,95.7,202.12,正常,光测,扇形,25773.4,25.8,23.4,机头
2026-06-04 10:01:05.000,drone_002,CRUISING,90.7,173.4,正常,雷达,扇形,31973.1,30.4,18.5,机中
2026-06-04 10:01:06.000,drone_001,CRUISING,95.6,191.38,正常,光测,扇形,24496.3,24.2,23.2,机头
2026-06-04 10:01:06.000,drone_002,CRUISING,90.6,175.11,正常,雷达,扇形,31321.1,32.7,19.8,机中
2026-06-04 10:01:07.000,drone_001,CRUISING,95.5,198.84,正常,光测,扇形,25393.2,25.3,21.4,机头
2026-06-04 10:01:07.000,drone_002,CRUISING,90.5,178.34,正常,雷达,扇形,29711.3,32.8,22.4,机中
2026-06-04 10:01:08.000,drone_001,CRUISING,95.5,200.8,正常,光测,扇形,26766.2,23.1,21.7,机头
2026-06-04 10:01:08.000,drone_002,CRUISING,90.5,182.61,正常,雷达,扇形,31590.8,31.6,21.3,机中
2026-06-04 10:01:09.000,drone_001,CRUISING,95.4,200.64,正常,光测,扇形,24586.5,23.2,24.6,机头
2026-06-04 10:01:09.000,drone_002,CRUISING,90.4,183.38,正常,雷达,扇形,32314.6,31.0,19.6,机中
2026-06-04 10:01:10.000,drone_001,CRUISING,95.3,192.26,正常,光测,扇形,26592.6,25.0,24.6,机头
2026-06-04 10:01:10.000,drone_002,CRUISING,90.3,181.32,正常,雷达,扇形,30491.5,32.4,20.4,机中
2026-06-04 10:01:11.000,drone_001,CRUISING,95.3,205.3,正常,光测,扇形,25366.1,26.2,24.3,机头
2026-06-04 10:01:11.000,drone_002,CRUISING,90.3,173.72,正常,雷达,扇形,29965.5,29.9,19.3,机中
2026-06-04 10:01:12.000,drone_001,CRUISING,95.2,200.91,正常,光测,扇形,24285.2,24.9,21.5,机头
2026-06-04 10:01:12.000,drone_002,CRUISING,90.2,188.22,正常,雷达,扇形,31840.1,29.9,22.1,机中
2026-06-04 10:01:13.000,drone_001,CRUISING,95.1,206.45,正常,光测,扇形,26536.5,22.9,24.6,机头
2026-06-04 10:01:13.000,drone_002,CRUISING,90.1,175.22,正常,雷达,扇形,31375.3,30.5,21.7,机中
2026-06-04 10:01:14.000,drone_001,CRUISING,95.1,191.79,正常,光测,扇形,25268.5,26.5,24.1,机头
2026-06-04 10:01:14.000,drone_002,CRUISING,90.1,184.83,正常,雷达,扇形,32323.8,32.9,20.1,机中
2026-06-04 10:01:15.000,drone_001,CRUISING,95.0,192.25,右侧引擎故障,光测,扇形,25562.7,25.0,24.0,机头
2026-06-04 10:01:15.000,drone_002,CRUISING,90.0,184.72,正常,雷达,扇形,32239.2,33.0,20.8,机中
2026-06-04 10:01:16.000,drone_001,CRUISING,94.9,205.33,右侧引擎故障,光测,扇形,24629.9,24.3,21.4,机头
2026-06-04 10:01:16.000,drone_002,CRUISING,89.9,175.66,正常,雷达,扇形,31618.0,29.7,19.2,机中
2026-06-04 10:01:17.000,drone_001,CRUISING,94.9,192.84,右侧引擎故障,光测,扇形,24948.5,25.0,23.5,机头
2026-06-04 10:01:17.000,drone_002,CRUISING,89.9,184.27,正常,雷达,扇形,31180.2,30.3,19.1,机中
2026-06-04 10:01:18.000,drone_001,CRUISING,94.8,197.34,右侧引擎故障,光测,扇形,25124.7,25.1,22.6,机头
2026-06-04 10:01:18.000,drone_002,CRUISING,89.8,176.57,正常,雷达,扇形,30537.7,32.7,21.3,机中
2026-06-04 10:01:19.000,drone_001,CRUISING,94.7,197.26,右侧引擎故障,光测,扇形,26788.6,24.4,22.1,机头
2026-06-04 10:01:19.000,drone_002,CRUISING,89.7,177.23,正常,雷达,扇形,32547.1,31.1,20.3,机中
2026-06-04 10:01:20.000,drone_001,CRUISING,94.7,203.43,右侧引擎故障,光测,扇形,24484.9,23.6,23.9,机头
2026-06-04 10:01:20.000,drone_002,CRUISING,89.7,181.74,正常,雷达,扇形,32584.8,29.7,19.5,机中
2026-06-04 10:01:21.000,drone_001,CRUISING,94.6,208.85,右侧引擎故障,光测,扇形,26476.8,23.2,23.9,机头
2026-06-04 10:01:21.000,drone_002,CRUISING,89.6,184.44,正常,雷达,扇形,31879.0,32.9,20.2,机中
2026-06-04 10:01:22.000,drone_001,CRUISING,94.5,206.37,右侧引擎故障,光测,扇形,25071.0,22.7,21.4,机头
2026-06-04 10:01:22.000,drone_002,CRUISING,89.5,178.73,正常,雷达,扇形,30054.8,30.3,18.8,机中
2026-06-04 10:01:23.000,drone_001,CRUISING,94.5,194.65,右侧引擎故障,光测,扇形,24451.9,25.7,21.3,机头
2026-06-04 10:01:23.000,drone_002,CRUISING,89.5,171.63,正常,雷达,扇形,31836.1,33.0,22.2,机中
2026-06-04 10:01:24.000,drone_001,CRUISING,94.4,205.09,右侧引擎故障,光测,扇形,25829.0,23.8,22.5,机头
2026-06-04 10:01:24.000,drone_002,CRUISING,89.4,188.28,正常,雷达,扇形,29615.2,30.3,18.9,机中
2026-06-04 10:01:25.000,drone_001,CRUISING,94.3,204.49,正常,光测,扇形,26269.5,24.2,23.4,机头
2026-06-04 10:01:25.000,drone_002,CRUISING,89.3,179.76,正常,雷达,扇形,32438.9,30.7,20.8,机中
2026-06-04 10:01:26.000,drone_001,CRUISING,94.3,193.79,正常,光测,扇形,25073.4,25.9,23.3,机头
2026-06-04 10:01:26.000,drone_002,CRUISING,89.3,182.83,雷达故障,雷达,扇形,31109.6,31.1,18.8,机中
2026-06-04 10:01:27.000,drone_001,CRUISING,94.2,197.85,正常,光测,扇形,24587.6,23.0,23.4,机头
2026-06-04 10:01:27.000,drone_002,CRUISING,89.2,172.8,雷达故障,雷达,扇形,32494.1,29.6,21.0,机中
2026-06-04 10:01:28.000,drone_001,CRUISING,94.1,207.65,正常,光测,扇形,26770.2,24.4,21.0,机头
2026-06-04 10:01:28.000,drone_002,CRUISING,89.1,173.63,雷达故障,雷达,扇形,32361.2,31.0,20.6,机中
2026-06-04 10:01:29.000,drone_001,CRUISING,94.1,200.29,正常,光测,扇形,26245.0,23.5,24.7,机头
2026-06-04 10:01:29.000,drone_002,CRUISING,89.1,182.34,雷达故障,雷达,扇形,30962.1,31.7,19.0,机中
2026-06-04 10:01:30.000,drone_001,CRUISING,94.0,193.13,正常,光测,扇形,24530.6,25.0,21.2,机头
2026-06-04 10:01:30.000,drone_002,CRUISING,89.0,177.66,雷达故障,雷达,扇形,32160.6,29.8,19.8,机中
2026-06-04 10:01:31.000,drone_001,CRUISING,93.9,200.88,正常,光测,扇形,24812.0,26.5,23.8,机头
2026-06-04 10:01:31.000,drone_002,CRUISING,88.9,180.28,正常,雷达,扇形,30000.8,33.1,19.5,机中
2026-06-04 10:01:32.000,drone_001,CRUISING,93.9,196.85,正常,光测,扇形,26182.9,25.6,23.2,机头
2026-06-04 10:01:32.000,drone_002,CRUISING,88.9,173.75,正常,雷达,扇形,31864.7,31.4,19.3,机中
2026-06-04 10:01:33.000,drone_001,CRUISING,93.8,203.15,正常,光测,扇形,26142.5,25.8,23.3,机头
2026-06-04 10:01:33.000,drone_002,CRUISING,88.8,183.02,正常,雷达,扇形,31765.9,31.9,20.0,机中
2026-06-04 10:01:34.000,drone_001,CRUISING,93.7,200.04,正常,光测,扇形,25231.4,25.2,23.9,机头
2026-06-04 10:01:34.000,drone_002,CRUISING,88.7,184.54,正常,雷达,扇形,30311.1,32.9,21.9,机中
2026-06-04 10:01:35.000,drone_001,CRUISING,93.7,191.06,正常,光测,扇形,25777.6,25.0,20.9,机头
2026-06-04 10:01:35.000,drone_002,CRUISING,88.7,175.26,正常,雷达,扇形,30384.4,30.2,20.1,机中
2026-06-04 10:01:36.000,drone_001,CRUISING,93.6,191.25,正常,光测,扇形,26204.4,25.5,22.0,机头
2026-06-04 10:01:36.000,drone_002,CRUISING,88.6,183.69,正常,雷达,扇形,31378.1,31.6,19.7,机中
2026-06-04 10:01:37.000,drone_001,CRUISING,93.5,203.95,正常,光测,扇形,26245.2,22.8,24.2,机头
2026-06-04 10:01:37.000,drone_002,CRUISING,88.5,178.66,正常,雷达,扇形,30923.2,31.3,22.3,机中
2026-06-04 10:01:38.000,drone_001,CRUISING,93.5,197.98,正常,光测,扇形,25452.6,22.6,21.9,机头
2026-06-04 10:01:38.000,drone_002,CRUISING,88.5,177.95,正常,雷达,扇形,32143.0,32.0,21.2,机中
2026-06-04 10:01:39.000,drone_001,CRUISING,93.4,196.3,正常,光测,扇形,24468.3,23.5,23.7,机头
2026-06-04 10:01:39.000,drone_002,CRUISING,88.4,183.52,正常,雷达,扇形,29719.1,30.9,18.9,机中
2026-06-04 10:01:40.000,drone_001,CRUISING,93.3,208.94,正常,光测,扇形,24714.9,22.7,23.7,机头
2026-06-04 10:01:40.000,drone_002,CRUISING,88.3,171.35,正常,雷达,扇形,32495.7,32.0,18.6,机中
2026-06-04 10:01:41.000,drone_001,CRUISING,93.3,192.82,正常,光测,扇形,24799.3,23.0,24.2,机头
2026-06-04 10:01:41.000,drone_002,CRUISING,88.3,186.99,正常,雷达,扇形,32031.4,31.0,18.6,机中
2026-06-04 10:01:42.000,drone_001,CRUISING,93.2,190.36,正常,光测,扇形,25931.4,23.2,21.8,机头
2026-06-04 10:01:42.000,drone_002,CRUISING,88.2,172.66,正常,雷达,扇形,32079.9,30.2,20.8,机中
2026-06-04 10:01:43.000,drone_001,CRUISING,93.1,197.95,正常,光测,扇形,25373.5,23.4,21.5,机头
2026-06-04 10:01:43.000,drone_002,CRUISING,88.1,179.18,正常,雷达,扇形,30165.8,31.8,20.7,机中
2026-06-04 10:01:44.000,drone_001,CRUISING,93.1,207.94,正常,光测,扇形,25541.9,25.0,20.9,机头
2026-06-04 10:01:44.000,drone_002,CRUISING,88.1,175.37,正常,雷达,扇形,30531.0,32.8,20.8,机中
2026-06-04 10:01:45.000,drone_001,CRUISING,93.0,191.86,被锁定,光测,扇形,24783.1,24.1,24.7,机头
2026-06-04 10:01:45.000,drone_002,CRUISING,88.0,180.81,正常,雷达,扇形,32163.1,31.7,20.7,机中
2026-06-04 10:01:46.000,drone_001,CRUISING,92.9,208.11,被锁定,光测,扇形,26135.7,23.4,23.3,机头
2026-06-04 10:01:46.000,drone_002,CRUISING,87.9,171.77,正常,雷达,扇形,30933.1,30.6,20.0,机中
2026-06-04 10:01:47.000,drone_001,CRUISING,92.9,207.33,被锁定,光测,扇形,24797.9,24.0,21.1,机头
2026-06-04 10:01:47.000,drone_002,CRUISING,87.9,178.4,正常,雷达,扇形,31562.8,29.4,22.4,机中
2026-06-04 10:01:48.000,drone_001,CRUISING,92.8,192.58,被锁定,光测,扇形,25301.3,25.8,22.7,机头
2026-06-04 10:01:48.000,drone_002,CRUISING,87.8,185.5,正常,雷达,扇形,30889.2,32.7,20.7,机中
2026-06-04 10:01:49.000,drone_001,CRUISING,92.7,199.0,被锁定,光测,扇形,24805.3,23.1,21.1,机头
2026-06-04 10:01:49.000,drone_002,CRUISING,87.7,183.19,正常,雷达,扇形,31573.8,32.2,21.5,机中
2026-06-04 10:01:50.000,drone_001,CRUISING,92.7,195.36,被锁定,光测,扇形,26262.0,24.9,23.4,机头
2026-06-04 10:01:50.000,drone_002,CRUISING,87.7,177.74,正常,雷达,扇形,30914.5,31.2,20.8,机中
2026-06-04 10:01:51.000,drone_001,CRUISING,92.6,193.3,正常,光测,扇形,24683.1,26.4,22.6,机头
2026-06-04 10:01:51.000,drone_002,CRUISING,87.6,187.55,正常,雷达,扇形,30451.7,31.1,21.8,机中
2026-06-04 10:01:52.000,drone_001,CRUISING,92.5,194.78,正常,光测,扇形,25397.5,24.5,23.3,机头
2026-06-04 10:01:52.000,drone_002,CRUISING,87.5,186.28,正常,雷达,扇形,31458.4,30.6,19.2,机中
2026-06-04 10:01:53.000,drone_001,CRUISING,92.5,190.89,正常,光测,扇形,26332.2,23.7,24.1,机头
2026-06-04 10:01:53.000,drone_002,CRUISING,87.5,173.96,正常,雷达,扇形,30144.6,30.0,18.9,机中
2026-06-04 10:01:54.000,drone_001,CRUISING,92.4,203.42,正常,光测,扇形,25969.6,23.8,23.7,机头
2026-06-04 10:01:54.000,drone_002,CRUISING,87.4,171.31,正常,雷达,扇形,30906.0,31.2,19.2,机中
2026-06-04 10:01:55.000,drone_001,CRUISING,92.3,205.0,正常,光测,扇形,25896.8,25.2,24.3,机头
2026-06-04 10:01:55.000,drone_002,CRUISING,87.3,178.99,正常,雷达,扇形,29761.7,32.5,18.6,机中
2026-06-04 10:01:56.000,drone_001,CRUISING,92.3,197.99,正常,光测,扇形,26310.1,23.5,22.7,机头
2026-06-04 10:01:56.000,drone_002,CRUISING,87.3,171.32,正常,雷达,扇形,30754.5,32.7,22.3,机中
2026-06-04 10:01:57.000,drone_001,CRUISING,92.2,191.98,正常,光测,扇形,24279.2,24.1,20.9,机头
2026-06-04 10:01:57.000,drone_002,CRUISING,87.2,178.97,正常,雷达,扇形,32658.0,30.3,20.4,机中
2026-06-04 10:01:58.000,drone_001,CRUISING,92.1,206.94,正常,光测,扇形,26396.2,24.9,23.0,机头
2026-06-04 10:01:58.000,drone_002,CRUISING,87.1,171.76,正常,雷达,扇形,30542.9,31.4,22.2,机中
2026-06-04 10:01:59.000,drone_001,CRUISING,92.1,198.88,正常,光测,扇形,25639.8,22.9,23.2,机头
2026-06-04 10:01:59.000,drone_002,CRUISING,87.1,181.52,正常,雷达,扇形,30683.2,31.9,20.0,机中
2026-06-04 10:02:00.000,drone_001,CRUISING,92.0,194.7,正常,光测,扇形,25638.4,23.2,23.1,机头
2026-06-04 10:02:00.000,drone_002,CRUISING,87.0,175.94,正常,雷达,扇形,30061.4,29.6,20.6,机中
2026-06-04 10:02:01.000,drone_001,CRUISING,91.9,208.14,正常,光测,扇形,25761.4,25.0,22.2,机头
2026-06-04 10:02:01.000,drone_002,CRUISING,86.9,175.46,正常,雷达,扇形,32451.9,32.8,22.3,机中
2026-06-04 10:02:02.000,drone_001,CRUISING,91.9,196.05,正常,光测,扇形,25581.2,24.8,22.6,机头
2026-06-04 10:02:02.000,drone_002,CRUISING,86.9,183.2,正常,雷达,扇形,31355.0,30.8,22.4,机中
2026-06-04 10:02:03.000,drone_001,CRUISING,91.8,191.19,左侧引擎故障,光测,扇形,25009.5,23.5,22.0,机头
2026-06-04 10:02:03.000,drone_002,CRUISING,86.8,188.28,正常,雷达,扇形,31533.8,30.7,19.0,机中
2026-06-04 10:02:04.000,drone_001,CRUISING,91.7,202.66,左侧引擎故障,光测,扇形,24423.9,22.6,24.5,机头
2026-06-04 10:02:04.000,drone_002,CRUISING,86.7,188.54,正常,雷达,扇形,32418.3,30.1,19.2,机中
2026-06-04 10:02:05.000,drone_001,CRUISING,91.7,203.96,左侧引擎故障,光测,扇形,24263.3,23.0,24.3,机头
2026-06-04 10:02:05.000,drone_002,CRUISING,86.7,184.56,正常,雷达,扇形,31137.3,32.5,21.7,机中
2026-06-04 10:02:06.000,drone_001,CRUISING,91.6,193.05,左侧引擎故障,光测,扇形,24927.1,22.7,23.1,机头
2026-06-04 10:02:06.000,drone_002,CRUISING,86.6,183.78,正常,雷达,扇形,32483.8,32.1,20.7,机中
2026-06-04 10:02:07.000,drone_001,CRUISING,91.5,200.53,左侧引擎故障,光测,扇形,25429.9,23.5,22.0,机头
2026-06-04 10:02:07.000,drone_002,CRUISING,86.5,183.66,正常,雷达,扇形,32365.4,31.2,21.0,机中
2026-06-04 10:02:08.000,drone_001,CRUISING,91.5,201.67,正常,光测,扇形,25439.6,23.9,24.6,机头
2026-06-04 10:02:08.000,drone_002,CRUISING,86.5,173.06,正常,雷达,扇形,30206.2,32.5,20.1,机中
2026-06-04 10:02:09.000,drone_001,CRUISING,91.4,190.85,正常,光测,扇形,26621.9,26.0,23.5,机头
2026-06-04 10:02:09.000,drone_002,CRUISING,86.4,187.12,正常,雷达,扇形,30616.8,30.8,20.8,机中
2026-06-04 10:02:10.000,drone_001,CRUISING,91.3,197.7,正常,光测,扇形,25462.6,23.0,23.3,机头
2026-06-04 10:02:10.000,drone_002,CRUISING,86.3,187.61,正常,雷达,扇形,32020.2,30.2,21.1,机中
2026-06-04 10:02:11.000,drone_001,CRUISING,91.3,192.51,正常,光测,扇形,26735.3,22.8,23.5,机头
2026-06-04 10:02:11.000,drone_002,CRUISING,86.3,187.36,正常,雷达,扇形,32471.0,31.8,22.1,机中
2026-06-04 10:02:12.000,drone_001,CRUISING,91.2,208.98,正常,光测,扇形,26126.8,23.9,24.4,机头
2026-06-04 10:02:12.000,drone_002,CRUISING,86.2,186.7,正常,雷达,扇形,29998.6,32.4,21.1,机中
2026-06-04 10:02:13.000,drone_001,CRUISING,91.1,197.35,正常,光测,扇形,25359.3,23.9,22.2,机头
2026-06-04 10:02:13.000,drone_002,CRUISING,86.1,184.6,正常,雷达,扇形,30664.6,32.7,21.0,机中
2026-06-04 10:02:14.000,drone_001,CRUISING,91.1,195.82,正常,光测,扇形,24636.5,26.2,23.6,机头
2026-06-04 10:02:14.000,drone_002,CRUISING,86.1,181.09,正常,雷达,扇形,31074.2,31.4,19.2,机中
2026-06-04 10:02:15.000,drone_001,CRUISING,91.0,204.51,正常,光测,扇形,26534.9,26.0,22.1,机头
2026-06-04 10:02:15.000,drone_002,CRUISING,86.0,184.85,正常,雷达,扇形,32670.4,30.2,18.7,机中
2026-06-04 10:02:16.000,drone_001,CRUISING,90.9,194.61,正常,光测,扇形,25308.6,23.8,23.8,机头
2026-06-04 10:02:16.000,drone_002,CRUISING,85.9,178.31,正常,雷达,扇形,31851.8,31.9,22.1,机中
2026-06-04 10:02:17.000,drone_001,CRUISING,90.9,192.74,正常,光测,扇形,25593.5,24.2,23.4,机头
2026-06-04 10:02:17.000,drone_002,CRUISING,85.9,184.37,正常,雷达,扇形,29684.4,31.0,21.9,机中
2026-06-04 10:02:18.000,drone_001,CRUISING,90.8,209.06,正常,光测,扇形,25250.3,26.0,23.9,机头
2026-06-04 10:02:18.000,drone_002,CRUISING,85.8,183.28,正常,雷达,扇形,30285.3,30.3,19.2,机中
2026-06-04 10:02:19.000,drone_001,CRUISING,90.7,200.29,正常,光测,扇形,24895.6,23.6,22.4,机头
2026-06-04 10:02:19.000,drone_002,CRUISING,85.7,179.79,正常,雷达,扇形,32499.9,33.0,21.9,机中
2026-06-04 10:02:20.000,drone_001,CRUISING,90.7,209.13,正常,光测,扇形,25982.2,23.5,22.5,机头
2026-06-04 10:02:20.000,drone_002,CRUISING,85.7,187.59,正常,雷达,扇形,32276.5,29.6,19.7,机中
2026-06-04 10:02:21.000,drone_001,CRUISING,90.6,207.78,正常,光测,扇形,24769.6,23.6,22.0,机头
2026-06-04 10:02:21.000,drone_002,CRUISING,85.6,187.16,正常,雷达,扇形,30713.5,31.8,21.1,机中
2026-06-04 10:02:22.000,drone_001,CRUISING,90.5,200.31,正常,光测,扇形,24363.6,23.7,24.5,机头
2026-06-04 10:02:22.000,drone_002,CRUISING,85.5,178.33,正常,雷达,扇形,32599.6,31.9,19.7,机中
2026-06-04 10:02:23.000,drone_001,CRUISING,90.5,202.81,正常,光测,扇形,26185.2,25.0,24.4,机头
2026-06-04 10:02:23.000,drone_002,CRUISING,85.5,184.82,正常,雷达,扇形,31328.2,29.8,19.6,机中
2026-06-04 10:02:24.000,drone_001,CRUISING,90.4,190.41,正常,光测,扇形,25568.9,23.7,23.3,机头
2026-06-04 10:02:24.000,drone_002,CRUISING,85.4,181.91,正常,雷达,扇形,29615.2,29.3,20.1,机中
2026-06-04 10:02:25.000,drone_001,CRUISING,90.3,192.5,正常,光测,扇形,25127.3,22.7,21.0,机头
2026-06-04 10:02:25.000,drone_002,CRUISING,85.3,186.03,正常,雷达,扇形,30849.4,33.1,20.3,机中
2026-06-04 10:02:26.000,drone_001,CRUISING,90.3,197.74,正常,光测,扇形,24288.7,25.7,21.3,机头
2026-06-04 10:02:26.000,drone_002,CRUISING,85.3,176.88,正常,雷达,扇形,30572.4,31.6,22.3,机中
2026-06-04 10:02:27.000,drone_001,CRUISING,90.2,206.18,正常,光测,扇形,25843.1,23.9,24.1,机头
2026-06-04 10:02:27.000,drone_002,CRUISING,85.2,178.37,正常,雷达,扇形,32557.1,32.8,19.4,机中
2026-06-04 10:02:28.000,drone_001,CRUISING,90.1,208.7,正常,光测,扇形,26488.7,25.0,21.8,机头
2026-06-04 10:02:28.000,drone_002,CRUISING,85.1,178.23,正常,雷达,扇形,32619.6,30.6,21.0,机中
2026-06-04 10:02:29.000,drone_001,CRUISING,90.1,209.81,正常,光测,扇形,26650.2,26.2,20.8,机头
2026-06-04 10:02:29.000,drone_002,CRUISING,85.1,178.82,正常,雷达,扇形,30631.6,31.4,19.2,机中
2026-06-04 10:02:30.000,drone_001,CRUISING,90.0,200.34,正常,光测,扇形,25857.5,24.8,23.6,机头
2026-06-04 10:02:30.000,drone_002,CRUISING,85.0,188.66,右侧引擎故障,雷达,扇形,30649.5,30.3,19.8,机中
2026-06-04 10:02:31.000,drone_001,CRUISING,89.9,199.01,正常,光测,扇形,25737.2,24.7,21.8,机头
2026-06-04 10:02:31.000,drone_002,CRUISING,84.9,173.74,右侧引擎故障,雷达,扇形,30027.2,33.1,18.5,机中
2026-06-04 10:02:32.000,drone_001,CRUISING,89.9,208.79,正常,光测,扇形,26100.1,25.1,23.8,机头
2026-06-04 10:02:32.000,drone_002,CRUISING,84.9,179.61,右侧引擎故障,雷达,扇形,31683.6,31.5,22.4,机中
2026-06-04 10:02:33.000,drone_001,CRUISING,89.8,204.02,正常,光测,扇形,25917.0,25.9,21.0,机头
2026-06-04 10:02:33.000,drone_002,CRUISING,84.8,178.62,右侧引擎故障,雷达,扇形,32469.2,30.1,21.2,机中
2026-06-04 10:02:34.000,drone_001,CRUISING,89.7,197.95,正常,光测,扇形,24894.4,26.5,22.0,机头
2026-06-04 10:02:34.000,drone_002,CRUISING,84.7,178.18,右侧引擎故障,雷达,扇形,32031.6,31.1,19.3,机中
2026-06-04 10:02:35.000,drone_001,CRUISING,89.7,192.89,正常,光测,扇形,25318.2,24.6,23.9,机头
2026-06-04 10:02:35.000,drone_002,CRUISING,84.7,172.86,右侧引擎故障,雷达,扇形,30667.8,29.4,20.1,机中
2026-06-04 10:02:36.000,drone_001,CRUISING,89.6,205.73,正常,光测,扇形,26153.8,25.5,24.1,机头
2026-06-04 10:02:36.000,drone_002,CRUISING,84.6,171.74,右侧引擎故障,雷达,扇形,32326.8,29.4,21.9,机中
2026-06-04 10:02:37.000,drone_001,CRUISING,89.5,195.43,正常,光测,扇形,25061.0,26.2,21.1,机头
2026-06-04 10:02:37.000,drone_002,CRUISING,84.5,188.27,右侧引擎故障,雷达,扇形,32541.9,29.2,19.3,机中
2026-06-04 10:02:38.000,drone_001,CRUISING,89.5,199.79,正常,光测,扇形,26138.1,26.0,22.9,机头
2026-06-04 10:02:38.000,drone_002,CRUISING,84.5,187.37,右侧引擎故障,雷达,扇形,32043.8,32.2,22.3,机中
2026-06-04 10:02:39.000,drone_001,CRUISING,89.4,194.87,正常,光测,扇形,25104.5,25.6,23.1,机头
2026-06-04 10:02:39.000,drone_002,CRUISING,84.4,172.61,右侧引擎故障,雷达,扇形,30792.0,29.6,19.2,机中
2026-06-04 10:02:40.000,drone_001,CRUISING,89.3,208.9,正常,光测,扇形,25513.0,26.3,22.6,机头
2026-06-04 10:02:40.000,drone_002,CRUISING,84.3,178.67,右侧引擎故障,雷达,扇形,32355.2,30.1,18.7,机中
2026-06-04 10:02:41.000,drone_001,CRUISING,89.3,204.29,正常,光测,扇形,26114.4,25.4,23.8,机头
2026-06-04 10:02:41.000,drone_002,CRUISING,84.3,183.43,右侧引擎故障,雷达,扇形,31229.8,30.3,21.7,机中
2026-06-04 10:02:42.000,drone_001,CRUISING,89.2,202.96,被锁定,光测,扇形,24418.7,26.1,22.4,机头
2026-06-04 10:02:42.000,drone_002,CRUISING,84.2,188.85,右侧引擎故障,雷达,扇形,30480.1,32.0,20.8,机中
2026-06-04 10:02:43.000,drone_001,CRUISING,89.1,191.37,被锁定,光测,扇形,25191.0,24.4,23.7,机头
2026-06-04 10:02:43.000,drone_002,CRUISING,84.1,184.93,正常,雷达,扇形,31050.3,30.4,21.4,机中
2026-06-04 10:02:44.000,drone_001,CRUISING,89.1,203.42,被锁定,光测,扇形,25831.4,25.6,21.5,机头
2026-06-04 10:02:44.000,drone_002,CRUISING,84.1,179.99,正常,雷达,扇形,32422.7,30.8,21.0,机中
2026-06-04 10:02:45.000,drone_001,CRUISING,89.0,204.33,被锁定,光测,扇形,24939.3,23.4,22.1,机头
2026-06-04 10:02:45.000,drone_002,CRUISING,84.0,173.02,正常,雷达,扇形,29723.2,31.3,21.3,机中
2026-06-04 10:02:46.000,drone_001,CRUISING,88.9,195.44,被锁定,光测,扇形,26014.9,23.6,24.6,机头
2026-06-04 10:02:46.000,drone_002,CRUISING,83.9,175.92,正常,雷达,扇形,31112.1,32.5,20.3,机中
2026-06-04 10:02:47.000,drone_001,CRUISING,88.9,193.75,被锁定,光测,扇形,24473.3,25.4,22.3,机头
2026-06-04 10:02:47.000,drone_002,CRUISING,83.9,173.98,正常,雷达,扇形,32386.2,29.8,21.1,机中
2026-06-04 10:02:48.000,drone_001,CRUISING,88.8,201.53,正常,光测,扇形,24419.4,23.0,24.8,机头
2026-06-04 10:02:48.000,drone_002,CRUISING,83.8,176.26,正常,雷达,扇形,31819.3,31.0,21.9,机中
2026-06-04 10:02:49.000,drone_001,CRUISING,88.7,190.29,正常,光测,扇形,25839.8,25.6,21.0,机头
2026-06-04 10:02:49.000,drone_002,CRUISING,83.7,171.06,正常,雷达,扇形,31424.2,29.8,22.4,机中
2026-06-04 10:02:50.000,drone_001,CRUISING,88.7,194.58,正常,光测,扇形,26616.8,26.3,22.2,机头
2026-06-04 10:02:50.000,drone_002,CRUISING,83.7,173.19,正常,雷达,扇形,29622.6,31.2,21.2,机中
2026-06-04 10:02:51.000,drone_001,CRUISING,88.6,193.35,正常,光测,扇形,26011.2,25.4,23.4,机头
2026-06-04 10:02:51.000,drone_002,CRUISING,83.6,180.68,正常,雷达,扇形,30429.2,32.2,20.7,机中
2026-06-04 10:02:52.000,drone_001,CRUISING,88.5,206.76,正常,光测,扇形,26700.4,24.7,22.8,机头
2026-06-04 10:02:52.000,drone_002,CRUISING,83.5,183.69,正常,雷达,扇形,31491.6,29.8,21.8,机中
2026-06-04 10:02:53.000,drone_001,CRUISING,88.5,207.66,正常,光测,扇形,24786.9,26.0,24.3,机头
2026-06-04 10:02:53.000,drone_002,CRUISING,83.5,183.58,正常,雷达,扇形,30981.9,31.8,21.4,机中
2026-06-04 10:02:54.000,drone_001,CRUISING,88.4,191.42,正常,光测,扇形,24833.2,24.5,21.9,机头
2026-06-04 10:02:54.000,drone_002,CRUISING,83.4,184.19,正常,雷达,扇形,31832.4,30.5,21.6,机中
2026-06-04 10:02:55.000,drone_001,CRUISING,88.3,196.85,正常,光测,扇形,24643.2,22.9,22.7,机头
2026-06-04 10:02:55.000,drone_002,CRUISING,83.3,182.68,正常,雷达,扇形,32141.7,29.9,21.2,机中
2026-06-04 10:02:56.000,drone_001,CRUISING,88.3,196.13,正常,光测,扇形,24393.2,24.3,22.6,机头
2026-06-04 10:02:56.000,drone_002,CRUISING,83.3,177.56,正常,雷达,扇形,32268.9,29.7,21.7,机中
2026-06-04 10:02:57.000,drone_001,CRUISING,88.2,199.85,正常,光测,扇形,26387.2,24.0,24.2,机头
2026-06-04 10:02:57.000,drone_002,CRUISING,83.2,179.7,正常,雷达,扇形,29795.6,30.1,20.3,机中
2026-06-04 10:02:58.000,drone_001,CRUISING,88.1,197.44,正常,光测,扇形,24608.2,24.9,21.5,机头
2026-06-04 10:02:58.000,drone_002,CRUISING,83.1,185.35,正常,雷达,扇形,30153.2,33.1,20.5,机中
2026-06-04 10:02:59.000,drone_001,CRUISING,88.1,191.74,正常,光测,扇形,26404.8,25.8,21.5,机头
2026-06-04 10:02:59.000,drone_002,CRUISING,83.1,176.14,正常,雷达,扇形,31122.3,30.8,19.0,机中
2026-06-04 10:03:00.000,drone_001,CRUISING,88.0,208.41,正常,雷达,扇形,37897.2,46.8,14.8,机中
2026-06-04 10:03:00.000,drone_002,CRUISING,83.0,173.57,正常,雷达,扇形,32332.0,49.4,27.3,机中
2026-06-04 10:03:01.000,drone_001,CRUISING,87.9,202.3,正常,雷达,扇形,38742.5,48.0,14.0,机中
2026-06-04 10:03:01.000,drone_002,CRUISING,82.9,188.69,正常,雷达,扇形,33492.0,48.6,27.5,机中
2026-06-04 10:03:02.000,drone_001,CRUISING,87.9,206.03,正常,雷达,扇形,39674.9,46.5,16.9,机中
2026-06-04 10:03:02.000,drone_002,CRUISING,82.9,176.06,正常,雷达,扇形,33354.1,48.7,27.2,机中
2026-06-04 10:03:03.000,drone_001,CRUISING,87.8,208.66,正常,雷达,扇形,39135.7,48.7,15.1,机中
2026-06-04 10:03:03.000,drone_002,CRUISING,82.8,171.62,正常,雷达,扇形,33270.0,49.6,27.7,机中
2026-06-04 10:03:04.000,drone_001,CRUISING,87.7,191.24,正常,雷达,扇形,37399.2,48.4,14.4,机中
2026-06-04 10:03:04.000,drone_002,CRUISING,82.7,185.81,正常,雷达,扇形,30674.6,50.9,28.6,机中
2026-06-04 10:03:05.000,drone_001,CRUISING,87.7,207.91,正常,雷达,扇形,37984.0,48.8,14.9,机中
2026-06-04 10:03:05.000,drone_002,CRUISING,82.7,185.99,正常,雷达,扇形,30453.4,51.7,26.8,机中
2026-06-04 10:03:06.000,drone_001,CRUISING,87.6,193.29,正常,雷达,扇形,38885.1,49.6,15.2,机中
2026-06-04 10:03:06.000,drone_002,CRUISING,82.6,188.5,正常,雷达,扇形,31322.7,48.5,27.0,机中
2026-06-04 10:03:07.000,drone_001,CRUISING,87.5,192.37,正常,雷达,扇形,37600.1,46.3,16.2,机中
2026-06-04 10:03:07.000,drone_002,CRUISING,82.5,181.07,正常,雷达,扇形,33318.9,49.4,28.8,机中
2026-06-04 10:03:08.000,drone_001,CRUISING,87.5,194.53,正常,雷达,扇形,37747.8,48.3,15.2,机中
2026-06-04 10:03:08.000,drone_002,CRUISING,82.5,182.02,正常,雷达,扇形,32945.1,51.9,28.5,机中
2026-06-04 10:03:09.000,drone_001,CRUISING,87.4,206.47,正常,雷达,扇形,38546.1,47.2,17.5,机中
2026-06-04 10:03:09.000,drone_002,CRUISING,82.4,186.28,正常,雷达,扇形,32646.9,51.2,28.6,机中
2026-06-04 10:03:10.000,drone_001,CRUISING,87.3,198.35,正常,雷达,扇形,39140.9,49.8,16.4,机中
2026-06-04 10:03:10.000,drone_002,CRUISING,82.3,180.66,正常,雷达,扇形,30995.5,49.0,29.0,机中
2026-06-04 10:03:11.000,drone_001,CRUISING,87.3,203.16,正常,雷达,扇形,38298.9,46.7,14.4,机中
2026-06-04 10:03:11.000,drone_002,CRUISING,82.3,173.4,正常,雷达,扇形,33456.8,49.0,28.5,机中
2026-06-04 10:03:12.000,drone_001,CRUISING,87.2,203.55,正常,雷达,扇形,39600.3,49.3,14.4,机中
2026-06-04 10:03:12.000,drone_002,CRUISING,82.2,173.91,雷达故障,雷达,扇形,32366.8,49.3,28.0,机中
2026-06-04 10:03:13.000,drone_001,CRUISING,87.1,190.79,正常,雷达,扇形,36793.8,49.9,17.7,机中
2026-06-04 10:03:13.000,drone_002,CRUISING,82.1,175.82,雷达故障,雷达,扇形,30727.2,49.9,29.7,机中
2026-06-04 10:03:14.000,drone_001,CRUISING,87.1,208.77,正常,雷达,扇形,39179.4,46.9,15.0,机中
2026-06-04 10:03:14.000,drone_002,CRUISING,82.1,175.74,雷达故障,雷达,扇形,31071.4,50.0,28.7,机中
2026-06-04 10:03:15.000,drone_001,CRUISING,87.0,190.47,正常,雷达,扇形,40541.6,46.6,14.7,机中
2026-06-04 10:03:15.000,drone_002,CRUISING,82.0,188.16,雷达故障,雷达,扇形,31107.7,50.3,30.1,机中
2026-06-04 10:03:16.000,drone_001,CRUISING,86.9,195.5,正常,雷达,扇形,37819.9,49.6,15.3,机中
2026-06-04 10:03:16.000,drone_002,CRUISING,81.9,174.06,雷达故障,雷达,扇形,33057.4,49.7,28.8,机中
2026-06-04 10:03:17.000,drone_001,CRUISING,86.9,196.69,正常,雷达,扇形,38820.2,46.7,16.1,机中
2026-06-04 10:03:17.000,drone_002,CRUISING,81.9,177.72,雷达故障,雷达,扇形,32136.7,48.7,29.9,机中
2026-06-04 10:03:18.000,drone_001,CRUISING,86.8,202.83,正常,雷达,扇形,40198.7,49.6,15.0,机中
2026-06-04 10:03:18.000,drone_002,CRUISING,81.8,183.53,雷达故障,雷达,扇形,32206.3,50.9,29.6,机中
2026-06-04 10:03:19.000,drone_001,CRUISING,86.7,191.62,正常,雷达,扇形,37373.7,50.0,17.7,机中
2026-06-04 10:03:19.000,drone_002,CRUISING,81.7,176.64,雷达故障,雷达,扇形,32573.9,50.0,26.4,机中
2026-06-04 10:03:20.000,drone_001,HOVER,86.7,208.69,正常,雷达,扇形,39955.5,48.2,16.9,机中
2026-06-04 10:03:20.000,drone_002,CRUISING,81.7,171.23,雷达故障,雷达,扇形,33369.4,51.6,27.1,机中
2026-06-04 10:03:21.000,drone_001,CRUISING,86.6,198.58,正常,雷达,扇形,39743.9,46.9,16.6,机中
2026-06-04 10:03:21.000,drone_002,CRUISING,81.6,184.77,雷达故障,雷达,扇形,31514.4,49.1,26.4,机中
2026-06-04 10:03:22.000,drone_001,CRUISING,86.5,200.96,正常,雷达,扇形,37914.5,48.7,17.7,机中
2026-06-04 10:03:22.000,drone_002,CRUISING,81.5,176.6,雷达故障,雷达,扇形,33258.9,50.0,27.4,机中
2026-06-04 10:03:23.000,drone_001,CRUISING,86.5,203.96,正常,雷达,扇形,39835.2,48.7,16.5,机中
2026-06-04 10:03:23.000,drone_002,CRUISING,81.5,171.45,雷达故障,雷达,扇形,32771.9,52.1,27.3,机中
2026-06-04 10:03:24.000,drone_001,CRUISING,86.4,191.89,正常,雷达,扇形,40323.7,48.6,14.2,机中
2026-06-04 10:03:24.000,drone_002,CRUISING,81.4,173.21,雷达故障,雷达,扇形,33417.0,49.5,30.0,机中
2026-06-04 10:03:25.000,drone_001,CRUISING,86.3,202.14,正常,雷达,扇形,37699.2,46.4,15.1,机中
2026-06-04 10:03:25.000,drone_002,CRUISING,81.3,177.72,正常,雷达,扇形,31948.9,51.0,30.2,机中
2026-06-04 10:03:26.000,drone_001,CRUISING,86.3,192.57,正常,雷达,扇形,39453.0,48.8,16.8,机中
2026-06-04 10:03:26.000,drone_002,CRUISING,81.3,185.1,正常,雷达,扇形,31784.8,50.8,28.5,机中
2026-06-04 10:03:27.000,drone_001,CRUISING,86.2,191.72,正常,雷达,扇形,37177.4,48.4,16.0,机中
2026-06-04 10:03:27.000,drone_002,CRUISING,81.2,177.91,正常,雷达,扇形,31937.3,51.3,27.0,机中
2026-06-04 10:03:28.000,drone_001,CRUISING,86.1,199.32,正常,雷达,扇形,39485.1,48.2,15.2,机中
2026-06-04 10:03:28.000,drone_002,CRUISING,81.1,184.83,正常,雷达,扇形,30386.2,51.8,28.7,机中
2026-06-04 10:03:29.000,drone_001,CRUISING,86.1,197.56,正常,雷达,扇形,38082.4,48.0,14.5,机中
2026-06-04 10:03:29.000,drone_002,CRUISING,81.1,188.16,正常,雷达,扇形,32483.2,49.1,28.3,机中
2026-06-04 10:03:30.000,drone_001,CRUISING,86.0,202.04,正常,雷达,扇形,38322.9,47.4,14.3,机中
2026-06-04 10:03:30.000,drone_002,CRUISING,81.0,179.48,正常,雷达,扇形,32322.8,49.4,28.7,机中
2026-06-04 10:03:31.000,drone_001,CRUISING,85.9,197.93,正常,雷达,扇形,37324.4,46.6,15.5,机中
2026-06-04 10:03:31.000,drone_002,CRUISING,80.9,185.55,正常,雷达,扇形,32179.2,48.5,30.3,机中
2026-06-04 10:03:32.000,drone_001,CRUISING,85.9,203.45,正常,雷达,扇形,39902.9,49.8,13.9,机中
2026-06-04 10:03:32.000,drone_002,CRUISING,80.9,184.06,正常,雷达,扇形,31620.4,48.4,28.4,机中
2026-06-04 10:03:33.000,drone_001,CRUISING,85.8,206.41,正常,雷达,扇形,39044.9,47.4,17.0,机中
2026-06-04 10:03:33.000,drone_002,CRUISING,80.8,172.74,正常,雷达,扇形,31726.7,51.8,28.9,机中
2026-06-04 10:03:34.000,drone_001,CRUISING,85.7,191.19,正常,雷达,扇形,39724.9,48.1,14.7,机中
2026-06-04 10:03:34.000,drone_002,CRUISING,80.7,179.48,正常,雷达,扇形,31829.2,50.1,28.7,机中
2026-06-04 10:03:35.000,drone_001,CRUISING,85.7,192.91,正常,雷达,扇形,37009.2,46.3,16.1,机中
2026-06-04 10:03:35.000,drone_002,CRUISING,80.7,182.67,正常,雷达,扇形,31269.9,50.2,27.3,机中
2026-06-04 10:03:36.000,drone_001,CRUISING,85.6,194.92,正常,雷达,扇形,40598.9,48.7,17.6,机中
2026-06-04 10:03:36.000,drone_002,CRUISING,80.6,175.56,正常,雷达,扇形,33338.7,50.7,28.4,机中
2026-06-04 10:03:37.000,drone_001,CRUISING,85.5,196.31,正常,雷达,扇形,37686.1,46.4,14.5,机中
2026-06-04 10:03:37.000,drone_002,CRUISING,80.5,178.1,正常,雷达,扇形,31829.1,51.1,28.8,机中
2026-06-04 10:03:38.000,drone_001,CRUISING,85.5,198.19,正常,雷达,扇形,37469.2,49.2,15.1,机中
2026-06-04 10:03:38.000,drone_002,CRUISING,80.5,186.1,正常,雷达,扇形,31513.3,51.0,28.7,机中
2026-06-04 10:03:39.000,drone_001,CRUISING,85.4,192.66,正常,雷达,扇形,40443.2,49.5,17.4,机中
2026-06-04 10:03:39.000,drone_002,CRUISING,80.4,177.73,正常,雷达,扇形,31937.8,49.2,29.3,机中
2026-06-04 10:03:40.000,drone_001,CRUISING,85.3,194.2,正常,雷达,扇形,36866.6,47.4,16.9,机中
2026-06-04 10:03:40.000,drone_002,CRUISING,80.3,174.3,正常,雷达,扇形,31855.7,51.6,28.4,机中
2026-06-04 10:03:41.000,drone_001,CRUISING,85.3,195.76,右侧引擎故障,雷达,扇形,37874.6,48.9,13.9,机中
2026-06-04 10:03:41.000,drone_002,CRUISING,80.3,171.06,正常,雷达,扇形,33134.0,51.6,27.4,机中
2026-06-04 10:03:42.000,drone_001,CRUISING,85.2,198.59,右侧引擎故障,雷达,扇形,39671.4,49.7,16.1,机中
2026-06-04 10:03:42.000,drone_002,CRUISING,80.2,185.18,正常,雷达,扇形,32178.4,49.9,27.2,机中
2026-06-04 10:03:43.000,drone_001,CRUISING,85.1,198.01,右侧引擎故障,雷达,扇形,39911.4,46.1,16.4,机中
2026-06-04 10:03:43.000,drone_002,CRUISING,80.1,186.44,正常,雷达,扇形,32516.3,48.7,28.2,机中
2026-06-04 10:03:44.000,drone_001,CRUISING,85.1,207.18,右侧引擎故障,雷达,扇形,38704.6,48.7,14.8,机中
2026-06-04 10:03:44.000,drone_002,CRUISING,80.1,177.16,正常,雷达,扇形,32095.9,52.2,28.4,机中
2026-06-04 10:03:45.000,drone_001,CRUISING,85.0,203.43,右侧引擎故障,雷达,扇形,39591.9,48.3,14.6,机中
2026-06-04 10:03:45.000,drone_002,CRUISING,80.0,178.72,正常,雷达,扇形,30722.2,51.5,26.6,机中
2026-06-04 10:03:46.000,drone_001,CRUISING,84.9,207.94,右侧引擎故障,雷达,扇形,40044.0,46.7,17.6,机中
2026-06-04 10:03:46.000,drone_002,CRUISING,79.9,173.54,正常,雷达,扇形,32026.9,52.2,27.5,机中
2026-06-04 10:03:47.000,drone_001,CRUISING,84.9,192.93,右侧引擎故障,雷达,扇形,39441.0,49.8,16.5,机中
2026-06-04 10:03:47.000,drone_002,CRUISING,79.9,186.96,正常,雷达,扇形,32623.4,48.6,28.6,机中
2026-06-04 10:03:48.000,drone_001,CRUISING,84.8,192.63,右侧引擎故障,雷达,扇形,39497.9,49.0,16.5,机中
2026-06-04 10:03:48.000,drone_002,CRUISING,79.8,182.78,正常,雷达,扇形,33430.6,49.8,29.5,机中
2026-06-04 10:03:49.000,drone_001,CRUISING,84.7,200.22,右侧引擎故障,雷达,扇形,39108.1,47.9,17.1,机中
2026-06-04 10:03:49.000,drone_002,CRUISING,79.7,186.79,正常,雷达,扇形,32954.4,50.7,26.5,机中
2026-06-04 10:03:50.000,drone_001,CRUISING,84.7,202.63,右侧引擎故障,雷达,扇形,37816.3,47.0,17.6,机中
2026-06-04 10:03:50.000,drone_002,CRUISING,79.7,188.62,正常,雷达,扇形,30872.0,49.8,27.0,机中
2026-06-04 10:03:51.000,drone_001,CRUISING,84.6,192.77,右侧引擎故障,雷达,扇形,40572.7,47.0,14.1,机中
2026-06-04 10:03:51.000,drone_002,CRUISING,79.6,185.76,正常,雷达,扇形,33408.3,50.9,29.5,机中
2026-06-04 10:03:52.000,drone_001,CRUISING,84.5,196.42,右侧引擎故障,雷达,扇形,39076.1,50.0,15.5,机中
2026-06-04 10:03:52.000,drone_002,CRUISING,79.5,176.57,正常,雷达,扇形,31049.8,50.9,28.7,机中
2026-06-04 10:03:53.000,drone_001,CRUISING,84.5,197.5,右侧引擎故障,雷达,扇形,39173.9,48.9,14.2,机中
2026-06-04 10:03:53.000,drone_002,CRUISING,79.5,174.12,正常,雷达,扇形,32311.0,49.4,29.9,机中
2026-06-04 10:03:54.000,drone_001,CRUISING,84.4,209.74,右侧引擎故障,雷达,扇形,39689.6,47.0,16.0,机中
2026-06-04 10:03:54.000,drone_002,CRUISING,79.4,176.41,正常,雷达,扇形,31692.5,48.8,30.3,机中
2026-06-04 10:03:55.000,drone_001,CRUISING,84.3,207.52,右侧引擎故障,雷达,扇形,40273.0,48.0,15.1,机中
2026-06-04 10:03:55.000,drone_002,CRUISING,79.3,185.42,正常,雷达,扇形,30908.0,50.6,29.7,机中
2026-06-04 10:03:56.000,drone_001,CRUISING,84.3,209.11,正常,雷达,扇形,37725.0,49.4,14.5,机中
2026-06-04 10:03:56.000,drone_002,CRUISING,79.3,172.64,正常,雷达,扇形,31243.7,51.0,27.0,机中
2026-06-04 10:03:57.000,drone_001,CRUISING,84.2,196.21,正常,雷达,扇形,39851.7,49.0,16.4,机中
2026-06-04 10:03:57.000,drone_002,CRUISING,79.2,184.08,正常,雷达,扇形,32956.2,50.6,27.6,机中
2026-06-04 10:03:58.000,drone_001,CRUISING,84.1,205.5,正常,雷达,扇形,39198.5,46.8,14.4,机中
2026-06-04 10:03:58.000,drone_002,CRUISING,79.1,182.61,正常,雷达,扇形,32349.6,49.0,26.5,机中
2026-06-04 10:03:59.000,drone_001,CRUISING,84.1,193.93,正常,雷达,扇形,37929.9,48.6,16.2,机中
2026-06-04 10:03:59.000,drone_002,CRUISING,79.1,173.83,正常,雷达,扇形,30339.5,48.9,29.4,机中
2026-06-04 10:04:00.000,drone_001,CRUISING,84.0,197.74,正常,雷达,扇形,37338.7,47.2,14.2,机中
2026-06-04 10:04:00.000,drone_002,CRUISING,79.0,171.91,正常,雷达,扇形,30494.3,51.7,30.0,机中
2026-06-04 10:04:01.000,drone_001,CRUISING,83.9,205.2,正常,雷达,扇形,40454.0,49.0,16.2,机中
2026-06-04 10:04:01.000,drone_002,CRUISING,78.9,174.25,正常,雷达,扇形,31697.2,48.6,30.2,机中
2026-06-04 10:04:02.000,drone_001,CRUISING,83.9,205.24,正常,雷达,扇形,38092.2,47.7,17.2,机中
2026-06-04 10:04:02.000,drone_002,CRUISING,78.9,182.27,正常,雷达,扇形,31524.7,50.3,27.2,机中
2026-06-04 10:04:03.000,drone_001,CRUISING,83.8,193.73,正常,雷达,扇形,38881.2,46.8,15.0,机中
2026-06-04 10:04:03.000,drone_002,CRUISING,78.8,180.85,正常,雷达,扇形,33391.4,49.9,28.8,机中
2026-06-04 10:04:04.000,drone_001,CRUISING,83.7,190.02,正常,雷达,扇形,40551.6,47.0,16.5,机中
2026-06-04 10:04:04.000,drone_002,CRUISING,78.7,181.11,正常,雷达,扇形,33365.8,50.8,30.0,机中
2026-06-04 10:04:05.000,drone_001,CRUISING,83.7,206.31,正常,雷达,扇形,38292.7,47.9,17.2,机中
2026-06-04 10:04:05.000,drone_002,CRUISING,78.7,184.32,正常,雷达,扇形,32564.6,50.4,29.9,机中
2026-06-04 10:04:06.000,drone_001,CRUISING,83.6,201.19,正常,雷达,扇形,39350.4,47.8,17.6,机中
2026-06-04 10:04:06.000,drone_002,CRUISING,78.6,182.74,正常,雷达,扇形,32899.9,51.0,26.6,机中
2026-06-04 10:04:07.000,drone_001,CRUISING,83.5,204.55,正常,雷达,扇形,39719.2,48.4,14.6,机中
2026-06-04 10:04:07.000,drone_002,CRUISING,78.5,179.76,正常,雷达,扇形,31717.8,50.4,30.3,机中
2026-06-04 10:04:08.000,drone_001,CRUISING,83.5,201.16,正常,雷达,扇形,40379.7,49.7,15.8,机中
2026-06-04 10:04:08.000,drone_002,CRUISING,78.5,176.32,正常,雷达,扇形,32784.9,49.8,29.9,机中
2026-06-04 10:04:09.000,drone_001,CRUISING,83.4,191.5,正常,雷达,扇形,40010.5,47.0,14.6,机中
2026-06-04 10:04:09.000,drone_002,CRUISING,78.4,186.59,正常,雷达,扇形,32455.6,50.3,27.8,机中
2026-06-04 10:04:10.000,drone_001,CRUISING,83.3,196.31,正常,雷达,扇形,38188.8,46.4,16.9,机中
2026-06-04 10:04:10.000,drone_002,CRUISING,78.3,181.73,正常,雷达,扇形,31731.9,50.7,28.3,机中
2026-06-04 10:04:11.000,drone_001,CRUISING,83.3,208.26,正常,雷达,扇形,38884.0,47.0,15.2,机中
2026-06-04 10:04:11.000,drone_002,CRUISING,78.3,172.35,正常,雷达,扇形,30850.5,48.5,29.3,机中
2026-06-04 10:04:12.000,drone_001,CRUISING,83.2,198.13,正常,雷达,扇形,39279.8,49.6,16.3,机中
2026-06-04 10:04:12.000,drone_002,CRUISING,78.2,183.98,正常,雷达,扇形,32195.8,48.6,28.3,机中
2026-06-04 10:04:13.000,drone_001,CRUISING,83.1,196.52,正常,雷达,扇形,37341.8,49.9,14.6,机中
2026-06-04 10:04:13.000,drone_002,CRUISING,78.1,173.6,正常,雷达,扇形,31643.6,50.9,28.5,机中
2026-06-04 10:04:14.000,drone_001,CRUISING,83.1,208.76,正常,雷达,扇形,38054.8,48.8,16.9,机中
2026-06-04 10:04:14.000,drone_002,CRUISING,78.1,173.44,正常,雷达,扇形,30558.5,51.4,28.5,机中
2026-06-04 10:04:15.000,drone_001,CRUISING,83.0,207.39,正常,雷达,扇形,40437.1,46.9,15.1,机中
2026-06-04 10:04:15.000,drone_002,CRUISING,78.0,183.35,正常,雷达,扇形,31672.9,48.7,26.4,机中
2026-06-04 10:04:16.000,drone_001,CRUISING,82.9,193.03,正常,雷达,扇形,39341.9,47.7,16.6,机中
2026-06-04 10:04:16.000,drone_002,CRUISING,77.9,188.7,正常,雷达,扇形,30662.2,49.7,29.9,机中
2026-06-04 10:04:17.000,drone_001,CRUISING,82.9,205.96,正常,雷达,扇形,38537.5,47.9,15.3,机中
2026-06-04 10:04:17.000,drone_002,HOVER,77.9,172.6,正常,雷达,扇形,30607.6,49.0,26.4,机中
2026-06-04 10:04:18.000,drone_001,CRUISING,82.8,209.44,正常,雷达,扇形,37894.9,47.9,17.2,机中
2026-06-04 10:04:18.000,drone_002,CRUISING,77.8,172.61,正常,雷达,扇形,33214.9,50.9,27.4,机中
2026-06-04 10:04:19.000,drone_001,CRUISING,82.7,193.58,正常,雷达,扇形,38550.9,48.8,17.7,机中
2026-06-04 10:04:19.000,drone_002,CRUISING,77.7,184.17,正常,雷达,扇形,33229.4,51.6,29.2,机中
2026-06-04 10:04:20.000,drone_001,CRUISING,82.7,198.66,正常,雷达,扇形,38615.3,47.6,17.4,机中
2026-06-04 10:04:20.000,drone_002,CRUISING,77.7,179.83,正常,雷达,扇形,30557.8,49.2,27.7,机中
2026-06-04 10:04:21.000,drone_001,CRUISING,82.6,195.18,正常,雷达,扇形,37105.7,47.2,17.7,机中
2026-06-04 10:04:21.000,drone_002,CRUISING,77.6,187.15,正常,雷达,扇形,32279.9,48.9,26.7,机中
2026-06-04 10:04:22.000,drone_001,CRUISING,82.5,202.06,正常,雷达,扇形,38873.8,48.8,15.9,机中
2026-06-04 10:04:22.000,drone_002,CRUISING,77.5,179.96,正常,雷达,扇形,33018.0,48.5,27.8,机中
2026-06-04 10:04:23.000,drone_001,HOVER,82.5,206.2,正常,雷达,扇形,37637.6,48.0,14.8,机中
2026-06-04 10:04:23.000,drone_002,CRUISING,77.5,177.63,正常,雷达,扇形,31914.1,48.5,28.8,机中
2026-06-04 10:04:24.000,drone_001,CRUISING,82.4,191.85,正常,雷达,扇形,38295.9,49.5,14.8,机中
2026-06-04 10:04:24.000,drone_002,CRUISING,77.4,179.3,正常,雷达,扇形,31390.7,50.4,26.9,机中
2026-06-04 10:04:25.000,drone_001,CRUISING,82.3,199.82,正常,雷达,扇形,37513.2,47.2,17.7,机中
2026-06-04 10:04:25.000,drone_002,CRUISING,77.3,172.32,正常,雷达,扇形,30471.5,49.2,30.0,机中
2026-06-04 10:04:26.000,drone_001,CRUISING,82.3,190.61,正常,雷达,扇形,38550.8,46.9,14.3,机中
2026-06-04 10:04:26.000,drone_002,CRUISING,77.3,186.67,正常,雷达,扇形,31884.9,52.3,28.3,机中
2026-06-04 10:04:27.000,drone_001,CRUISING,82.2,209.53,正常,雷达,扇形,39866.0,47.0,14.1,机中
2026-06-04 10:04:27.000,drone_002,CRUISING,77.2,180.28,正常,雷达,扇形,31606.2,52.2,27.7,机中
2026-06-04 10:04:28.000,drone_001,CRUISING,82.1,196.59,正常,雷达,扇形,39734.8,47.2,17.0,机中
2026-06-04 10:04:28.000,drone_002,CRUISING,77.1,173.46,正常,雷达,扇形,31725.5,48.9,27.7,机中
2026-06-04 10:04:29.000,drone_001,CRUISING,82.1,201.59,正常,雷达,扇形,38972.6,48.5,15.9,机中
2026-06-04 10:04:29.000,drone_002,CRUISING,77.1,185.44,正常,雷达,扇形,32849.9,51.2,27.1,机中
2026-06-04 10:04:30.000,drone_001,CRUISING,82.0,206.16,正常,雷达,扇形,37210.2,48.6,17.1,机中
2026-06-04 10:04:30.000,drone_002,CRUISING,77.0,186.15,正常,雷达,扇形,32824.7,50.4,30.2,机中
2026-06-04 10:04:31.000,drone_001,CRUISING,81.9,193.27,正常,雷达,扇形,37332.3,49.5,15.9,机中
2026-06-04 10:04:31.000,drone_002,CRUISING,76.9,183.0,正常,雷达,扇形,33509.3,50.7,29.7,机中
2026-06-04 10:04:32.000,drone_001,CRUISING,81.9,206.7,正常,雷达,扇形,37204.6,49.0,14.9,机中
2026-06-04 10:04:32.000,drone_002,CRUISING,76.9,174.16,正常,雷达,扇形,30727.4,50.4,29.0,机中
2026-06-04 10:04:33.000,drone_001,CRUISING,81.8,206.53,正常,雷达,扇形,38547.0,46.2,15.5,机中
2026-06-04 10:04:33.000,drone_002,CRUISING,76.8,180.93,正常,雷达,扇形,32876.5,49.1,30.0,机中
2026-06-04 10:04:34.000,drone_001,CRUISING,81.7,192.51,正常,雷达,扇形,36923.2,48.4,17.3,机中
2026-06-04 10:04:34.000,drone_002,CRUISING,76.7,188.94,正常,雷达,扇形,30358.4,48.6,28.8,机中
2026-06-04 10:04:35.000,drone_001,CRUISING,81.7,192.04,正常,雷达,扇形,39944.8,49.0,14.0,机中
2026-06-04 10:04:35.000,drone_002,CRUISING,76.7,181.37,正常,雷达,扇形,31635.6,51.1,27.9,机中
2026-06-04 10:04:36.000,drone_001,CRUISING,81.6,196.53,正常,雷达,扇形,39077.2,47.1,13.9,机中
2026-06-04 10:04:36.000,drone_002,CRUISING,76.6,182.09,正常,雷达,扇形,32029.9,52.2,28.7,机中
2026-06-04 10:04:37.000,drone_001,CRUISING,81.5,202.37,正常,雷达,扇形,39491.1,49.3,14.0,机中
2026-06-04 10:04:37.000,drone_002,CRUISING,76.5,178.67,正常,雷达,扇形,33262.9,48.9,26.6,机中
2026-06-04 10:04:38.000,drone_001,CRUISING,81.5,200.01,正常,雷达,扇形,37336.6,48.6,14.7,机中
2026-06-04 10:04:38.000,drone_002,CRUISING,76.5,172.05,正常,雷达,扇形,32782.2,51.2,29.3,机中
2026-06-04 10:04:39.000,drone_001,CRUISING,81.4,207.92,正常,雷达,扇形,39310.3,49.6,14.5,机中
2026-06-04 10:04:39.000,drone_002,CRUISING,76.4,187.64,正常,雷达,扇形,31349.4,48.5,27.4,机中
2026-06-04 10:04:40.000,drone_001,CRUISING,81.3,193.94,正常,雷达,扇形,37414.9,49.7,17.1,机中
2026-06-04 10:04:40.000,drone_002,CRUISING,76.3,174.26,正常,雷达,扇形,30592.4,51.0,26.9,机中
2026-06-04 10:04:41.000,drone_001,CRUISING,81.3,203.49,正常,雷达,扇形,40583.8,48.8,14.8,机中
2026-06-04 10:04:41.000,drone_002,CRUISING,76.3,181.97,正常,雷达,扇形,31962.7,48.4,28.6,机中
2026-06-04 10:04:42.000,drone_001,CRUISING,81.2,195.36,正常,雷达,扇形,39219.8,48.9,14.8,机中
2026-06-04 10:04:42.000,drone_002,CRUISING,76.2,188.77,正常,雷达,扇形,33196.7,49.6,26.7,机中
2026-06-04 10:04:43.000,drone_001,CRUISING,81.1,209.99,正常,雷达,扇形,37795.4,48.7,17.7,机中
2026-06-04 10:04:43.000,drone_002,CRUISING,76.1,186.48,正常,雷达,扇形,32097.5,49.2,29.5,机中
2026-06-04 10:04:44.000,drone_001,CRUISING,81.1,191.4,正常,雷达,扇形,37235.0,48.3,17.5,机中
2026-06-04 10:04:44.000,drone_002,CRUISING,76.1,185.29,正常,雷达,扇形,32783.6,52.3,29.2,机中
2026-06-04 10:04:45.000,drone_001,CRUISING,81.0,206.32,正常,雷达,扇形,39851.5,48.4,17.3,机中
2026-06-04 10:04:45.000,drone_002,CRUISING,76.0,178.01,正常,雷达,扇形,33466.3,50.0,29.7,机中
2026-06-04 10:04:46.000,drone_001,CRUISING,80.9,192.88,被锁定,雷达,扇形,38453.9,48.1,14.6,机中
2026-06-04 10:04:46.000,drone_002,CRUISING,75.9,180.1,正常,雷达,扇形,30950.8,48.5,29.8,机中
2026-06-04 10:04:47.000,drone_001,CRUISING,80.9,204.78,被锁定,雷达,扇形,36882.0,48.2,14.0,机中
2026-06-04 10:04:47.000,drone_002,CRUISING,75.9,185.18,正常,雷达,扇形,31092.8,50.2,27.0,机中
2026-06-04 10:04:48.000,drone_001,CRUISING,80.8,206.63,被锁定,雷达,扇形,38561.9,48.0,17.5,机中
2026-06-04 10:04:48.000,drone_002,CRUISING,75.8,187.67,正常,雷达,扇形,30499.3,51.9,29.2,机中
2026-06-04 10:04:49.000,drone_001,CRUISING,80.7,204.3,被锁定,雷达,扇形,38432.8,47.2,17.7,机中
2026-06-04 10:04:49.000,drone_002,CRUISING,75.7,183.42,正常,雷达,扇形,31705.8,51.7,29.5,机中
2026-06-04 10:04:50.000,drone_001,CRUISING,80.7,202.71,被锁定,雷达,扇形,36930.0,46.8,17.5,机中
2026-06-04 10:04:50.000,drone_002,CRUISING,75.7,178.76,正常,雷达,扇形,33432.9,48.9,26.8,机中
2026-06-04 10:04:51.000,drone_001,CRUISING,80.6,192.32,被锁定,雷达,扇形,40036.5,46.6,15.9,机中
2026-06-04 10:04:51.000,drone_002,CRUISING,75.6,174.01,右侧引擎故障,雷达,扇形,30410.2,49.8,26.9,机中
2026-06-04 10:04:52.000,drone_001,HOVER,80.5,200.73,被锁定,雷达,扇形,38714.5,47.0,16.6,机中
2026-06-04 10:04:52.000,drone_002,CRUISING,75.5,172.2,右侧引擎故障,雷达,扇形,30379.7,51.9,27.8,机中
2026-06-04 10:04:53.000,drone_001,CRUISING,80.5,206.38,被锁定,雷达,扇形,38845.7,49.4,14.7,机中
2026-06-04 10:04:53.000,drone_002,CRUISING,75.5,179.63,右侧引擎故障,雷达,扇形,31706.6,51.3,28.6,机中
2026-06-04 10:04:54.000,drone_001,CRUISING,80.4,195.94,被锁定,雷达,扇形,36771.5,49.9,17.5,机中
2026-06-04 10:04:54.000,drone_002,CRUISING,75.4,175.4,右侧引擎故障,雷达,扇形,32696.0,52.2,26.9,机中
2026-06-04 10:04:55.000,drone_001,CRUISING,80.3,198.36,被锁定,雷达,扇形,36941.4,47.2,15.6,机中
2026-06-04 10:04:55.000,drone_002,CRUISING,75.3,177.35,右侧引擎故障,雷达,扇形,31109.0,48.7,28.5,机中
2026-06-04 10:04:56.000,drone_001,CRUISING,80.3,206.11,被锁定,雷达,扇形,38079.7,46.2,16.0,机中
2026-06-04 10:04:56.000,drone_002,CRUISING,75.3,185.36,右侧引擎故障,雷达,扇形,31416.1,49.4,27.3,机中
2026-06-04 10:04:57.000,drone_001,CRUISING,80.2,203.79,被锁定,雷达,扇形,40164.7,47.2,14.1,机中
2026-06-04 10:04:57.000,drone_002,CRUISING,75.2,183.64,右侧引擎故障,雷达,扇形,32924.0,49.8,30.1,机中
2026-06-04 10:04:58.000,drone_001,CRUISING,80.1,204.46,被锁定,雷达,扇形,40427.9,49.7,16.1,机中
2026-06-04 10:04:58.000,drone_002,CRUISING,75.1,179.67,右侧引擎故障,雷达,扇形,32475.5,50.4,30.0,机中
2026-06-04 10:04:59.000,drone_001,CRUISING,80.1,196.43,被锁定,雷达,扇形,36903.2,46.5,17.5,机中
2026-06-04 10:04:59.000,drone_002,HOVER,75.1,180.31,右侧引擎故障,雷达,扇形,30651.5,51.0,28.6,机中
2026-06-04 10:05:00.000,drone_001,CRUISING,80.0,201.76,正常,雷达,扇形,39350.6,46.8,17.3,机中
2026-06-04 10:05:00.000,drone_002,CRUISING,75.0,177.74,右侧引擎故障,雷达,扇形,32422.5,49.1,26.6,机中
2026-06-04 10:05:01.000,drone_001,CRUISING,79.9,200.11,正常,雷达,扇形,37554.3,49.0,17.8,机中
2026-06-04 10:05:01.000,drone_002,CRUISING,74.9,186.93,正常,雷达,扇形,31123.1,52.0,30.0,机中
2026-06-04 10:05:02.000,drone_001,CRUISING,79.9,204.46,正常,雷达,扇形,38700.9,46.4,15.4,机中
2026-06-04 10:05:02.000,drone_002,CRUISING,74.9,175.86,正常,雷达,扇形,30919.6,51.1,30.0,机中
2026-06-04 10:05:03.000,drone_001,CRUISING,79.8,203.85,正常,雷达,扇形,40375.0,46.4,14.9,机中
2026-06-04 10:05:03.000,drone_002,CRUISING,74.8,183.49,正常,雷达,扇形,31548.8,52.3,27.4,机中
2026-06-04 10:05:04.000,drone_001,CRUISING,79.7,190.08,正常,雷达,扇形,38254.5,49.9,14.4,机中
2026-06-04 10:05:04.000,drone_002,CRUISING,74.7,188.9,正常,雷达,扇形,32869.4,48.5,29.6,机中
2026-06-04 10:05:05.000,drone_001,CRUISING,79.7,195.74,正常,雷达,扇形,37216.6,47.6,14.0,机中
2026-06-04 10:05:05.000,drone_002,CRUISING,74.7,186.47,正常,雷达,扇形,31626.6,52.3,27.0,机中
2026-06-04 10:05:06.000,drone_001,CRUISING,79.6,206.71,正常,雷达,扇形,39769.0,48.5,16.2,机中
2026-06-04 10:05:06.000,drone_002,HOVER,74.6,186.21,正常,雷达,扇形,32434.1,51.7,28.7,机中
2026-06-04 10:05:07.000,drone_001,CRUISING,79.5,204.04,正常,雷达,扇形,36837.7,48.8,13.9,机中
2026-06-04 10:05:07.000,drone_002,CRUISING,74.5,171.85,正常,雷达,扇形,30943.1,49.4,29.3,机中
2026-06-04 10:05:08.000,drone_001,CRUISING,79.5,196.29,正常,雷达,扇形,39420.4,48.8,15.2,机中
2026-06-04 10:05:08.000,drone_002,CRUISING,74.5,178.21,正常,雷达,扇形,32009.4,51.9,28.9,机中
2026-06-04 10:05:09.000,drone_001,CRUISING,79.4,205.25,正常,雷达,扇形,39342.3,46.4,16.5,机中
2026-06-04 10:05:09.000,drone_002,CRUISING,74.4,177.38,正常,雷达,扇形,31823.9,52.4,27.6,机中
2026-06-04 10:05:10.000,drone_001,CRUISING,79.3,194.18,正常,雷达,扇形,40275.8,48.2,16.3,机中
2026-06-04 10:05:10.000,drone_002,CRUISING,74.3,179.19,雷达故障,雷达,扇形,32028.4,52.1,27.2,机中
2026-06-04 10:05:11.000,drone_001,CRUISING,79.3,208.96,正常,雷达,扇形,37180.3,46.7,16.6,机中
2026-06-04 10:05:11.000,drone_002,CRUISING,74.3,184.19,雷达故障,雷达,扇形,30687.1,49.3,30.3,机中
2026-06-04 10:05:12.000,drone_001,CRUISING,79.2,201.23,正常,雷达,扇形,38486.2,49.7,15.6,机中
2026-06-04 10:05:12.000,drone_002,CRUISING,74.2,179.79,雷达故障,雷达,扇形,31551.9,51.7,28.3,机中
2026-06-04 10:05:13.000,drone_001,CRUISING,79.1,192.51,正常,雷达,扇形,40198.0,49.1,16.7,机中
2026-06-04 10:05:13.000,drone_002,CRUISING,74.1,180.51,雷达故障,雷达,扇形,30725.8,50.6,28.8,机中
2026-06-04 10:05:14.000,drone_001,CRUISING,79.1,195.04,正常,雷达,扇形,37061.5,48.5,16.5,机中
2026-06-04 10:05:14.000,drone_002,CRUISING,74.1,179.42,雷达故障,雷达,扇形,31473.8,50.6,29.2,机中
2026-06-04 10:05:15.000,drone_001,CRUISING,79.0,191.25,正常,雷达,扇形,37660.8,48.7,17.7,机中
2026-06-04 10:05:15.000,drone_002,CRUISING,74.0,177.94,正常,雷达,扇形,31429.9,51.7,30.2,机中
2026-06-04 10:05:16.000,drone_001,CRUISING,78.9,200.8,正常,雷达,扇形,39585.1,48.5,15.2,机中
2026-06-04 10:05:16.000,drone_002,CRUISING,73.9,180.0,正常,雷达,扇形,31783.8,49.5,30.0,机中
2026-06-04 10:05:17.000,drone_001,CRUISING,78.9,192.9,正常,雷达,扇形,40496.2,48.4,17.7,机中
2026-06-04 10:05:17.000,drone_002,CRUISING,73.9,181.56,正常,雷达,扇形,30390.1,49.4,28.1,机中
2026-06-04 10:05:18.000,drone_001,CRUISING,78.8,199.43,正常,雷达,扇形,39386.1,49.6,16.7,机中
2026-06-04 10:05:18.000,drone_002,CRUISING,73.8,174.72,正常,雷达,扇形,32902.9,51.7,28.3,机中
2026-06-04 10:05:19.000,drone_001,CRUISING,78.7,201.18,正常,雷达,扇形,38778.0,49.9,16.6,机中
2026-06-04 10:05:19.000,drone_002,CRUISING,73.7,186.73,正常,雷达,扇形,31969.0,51.7,28.1,机中
2026-06-04 10:05:20.000,drone_001,CRUISING,78.7,203.53,正常,雷达,扇形,39938.0,46.5,16.4,机中
2026-06-04 10:05:20.000,drone_002,CRUISING,73.7,188.17,正常,雷达,扇形,31751.3,52.0,29.1,机中
2026-06-04 10:05:21.000,drone_001,CRUISING,78.6,196.79,正常,雷达,扇形,37879.9,47.0,15.2,机中
2026-06-04 10:05:21.000,drone_002,CRUISING,73.6,188.06,正常,雷达,扇形,33340.3,52.2,29.9,机中
2026-06-04 10:05:22.000,drone_001,CRUISING,78.5,207.99,正常,雷达,扇形,37525.2,46.4,16.2,机中
2026-06-04 10:05:22.000,drone_002,CRUISING,73.5,172.06,正常,雷达,扇形,32715.3,49.2,27.3,机中
2026-06-04 10:05:23.000,drone_001,CRUISING,78.5,196.91,正常,雷达,扇形,38464.8,49.3,16.0,机中
2026-06-04 10:05:23.000,drone_002,CRUISING,73.5,187.93,正常,雷达,扇形,31311.3,50.3,28.4,机中
2026-06-04 10:05:24.000,drone_001,CRUISING,78.4,193.79,正常,雷达,扇形,38437.0,46.8,15.6,机中
2026-06-04 10:05:24.000,drone_002,CRUISING,73.4,185.77,正常,雷达,扇形,31973.2,49.4,28.2,机中
2026-06-04 10:05:25.000,drone_001,CRUISING,78.3,191.46,正常,雷达,扇形,38296.2,49.2,14.9,机中
2026-06-04 10:05:25.000,drone_002,CRUISING,73.3,184.31,正常,雷达,扇形,30425.4,50.9,28.0,机中
2026-06-04 10:05:26.000,drone_001,CRUISING,78.3,205.98,正常,雷达,扇形,38376.4,47.1,14.9,机中
2026-06-04 10:05:26.000,drone_002,CRUISING,73.3,178.85,正常,雷达,扇形,30515.4,51.3,28.7,机中
2026-06-04 10:05:27.000,drone_001,CRUISING,78.2,198.77,正常,雷达,扇形,37274.0,46.1,14.4,机中
2026-06-04 10:05:27.000,drone_002,CRUISING,73.2,178.41,正常,雷达,扇形,30404.2,49.3,28.5,机中
2026-06-04 10:05:28.000,drone_001,CRUISING,78.1,190.22,正常,雷达,扇形,37369.1,48.7,16.6,机中
2026-06-04 10:05:28.000,drone_002,CRUISING,73.1,182.9,正常,雷达,扇形,33081.0,49.0,28.1,机中
2026-06-04 10:05:29.000,drone_001,CRUISING,78.1,200.37,正常,雷达,扇形,37443.4,49.9,14.5,机中
2026-06-04 10:05:29.000,drone_002,CRUISING,73.1,184.07,正常,雷达,扇形,30766.1,49.0,29.4,机中
2026-06-04 10:05:30.000,drone_001,CRUISING,78.0,195.74,正常,雷达,扇形,39891.3,46.2,16.2,机中
2026-06-04 10:05:30.000,drone_002,CRUISING,73.0,187.68,正常,雷达,扇形,31380.5,50.0,29.2,机中
2026-06-04 10:05:31.000,drone_001,CRUISING,77.9,192.5,正常,雷达,扇形,39433.4,47.0,14.8,机中
2026-06-04 10:05:31.000,drone_002,CRUISING,72.9,183.13,正常,雷达,扇形,30709.8,52.1,28.9,机中
2026-06-04 10:05:32.000,drone_001,CRUISING,77.9,206.15,正常,雷达,扇形,36980.9,48.2,17.5,机中
2026-06-04 10:05:32.000,drone_002,CRUISING,72.9,174.88,正常,雷达,扇形,33283.8,50.9,26.8,机中
2026-06-04 10:05:33.000,drone_001,CRUISING,77.8,197.81,正常,雷达,扇形,39364.0,47.2,16.1,机中
2026-06-04 10:05:33.000,drone_002,CRUISING,72.8,179.27,正常,雷达,扇形,31464.7,48.5,30.3,机中
2026-06-04 10:05:34.000,drone_001,CRUISING,77.7,202.05,正常,雷达,扇形,38736.0,49.0,17.8,机中
2026-06-04 10:05:34.000,drone_002,CRUISING,72.7,187.73,正常,雷达,扇形,33473.6,49.6,27.3,机中
2026-06-04 10:05:35.000,drone_001,CRUISING,77.7,204.66,正常,雷达,扇形,38041.0,47.1,15.7,机中
2026-06-04 10:05:35.000,drone_002,CRUISING,72.7,172.98,正常,雷达,扇形,33394.5,49.5,27.5,机中
2026-06-04 10:05:36.000,drone_001,CRUISING,77.6,192.23,正常,雷达,扇形,39871.4,48.1,15.7,机中
2026-06-04 10:05:36.000,drone_002,CRUISING,72.6,175.26,正常,雷达,扇形,30923.0,49.9,28.5,机中
2026-06-04 10:05:37.000,drone_001,CRUISING,77.5,200.62,正常,雷达,扇形,39912.6,49.5,14.5,机中
2026-06-04 10:05:37.000,drone_002,CRUISING,72.5,180.75,正常,雷达,扇形,30404.9,49.8,29.8,机中
2026-06-04 10:05:38.000,drone_001,CRUISING,77.5,190.99,正常,雷达,扇形,38250.4,49.0,15.0,机中
2026-06-04 10:05:38.000,drone_002,CRUISING,72.5,174.71,正常,雷达,扇形,32738.5,52.3,27.5,机中
2026-06-04 10:05:39.000,drone_001,CRUISING,77.4,200.18,正常,雷达,扇形,40519.4,49.7,17.3,机中
2026-06-04 10:05:39.000,drone_002,CRUISING,72.4,187.46,正常,雷达,扇形,32516.1,48.5,28.5,机中
2026-06-04 10:05:40.000,drone_001,CRUISING,77.3,203.45,正常,雷达,扇形,39560.2,47.4,15.1,机中
2026-06-04 10:05:40.000,drone_002,CRUISING,72.3,179.9,正常,雷达,扇形,30473.9,49.3,27.9,机中
2026-06-04 10:05:41.000,drone_001,CRUISING,77.3,197.84,正常,雷达,扇形,39439.8,47.6,15.2,机中
2026-06-04 10:05:41.000,drone_002,CRUISING,72.3,186.73,正常,雷达,扇形,32702.7,52.4,29.6,机中
2026-06-04 10:05:42.000,drone_001,CRUISING,77.2,202.34,雷达故障,雷达,扇形,37869.4,48.4,16.1,机中
2026-06-04 10:05:42.000,drone_002,CRUISING,72.2,185.85,正常,雷达,扇形,31036.3,49.8,27.9,机中
2026-06-04 10:05:43.000,drone_001,CRUISING,77.1,200.55,雷达故障,雷达,扇形,40368.1,47.9,15.8,机中
2026-06-04 10:05:43.000,drone_002,CRUISING,72.1,181.37,正常,雷达,扇形,33035.1,51.0,29.6,机中
2026-06-04 10:05:44.000,drone_001,CRUISING,77.1,197.3,雷达故障,雷达,扇形,38442.8,48.5,14.1,机中
2026-06-04 10:05:44.000,drone_002,CRUISING,72.1,172.05,正常,雷达,扇形,32666.2,51.2,27.7,机中
2026-06-04 10:05:45.000,drone_001,CRUISING,77.0,191.72,雷达故障,雷达,扇形,37121.1,49.7,16.6,机中
2026-06-04 10:05:45.000,drone_002,CRUISING,72.0,187.23,正常,雷达,扇形,33107.5,51.9,28.1,机中
2026-06-04 10:05:46.000,drone_001,CRUISING,76.9,198.16,雷达故障,雷达,扇形,37509.4,48.1,17.4,机中
2026-06-04 10:05:46.000,drone_002,CRUISING,71.9,181.27,正常,雷达,扇形,32816.7,49.5,26.9,机中
2026-06-04 10:05:47.000,drone_001,CRUISING,76.9,208.9,雷达故障,雷达,扇形,37863.2,47.9,16.5,机中
2026-06-04 10:05:47.000,drone_002,CRUISING,71.9,187.64,正常,雷达,扇形,33132.3,48.9,28.3,机中
2026-06-04 10:05:48.000,drone_001,CRUISING,76.8,198.86,雷达故障,雷达,扇形,39160.3,49.1,14.2,机中
2026-06-04 10:05:48.000,drone_002,CRUISING,71.8,180.25,正常,雷达,扇形,30854.2,49.3,27.3,机中
2026-06-04 10:05:49.000,drone_001,CRUISING,76.7,191.04,雷达故障,雷达,扇形,40096.7,47.8,14.9,机中
2026-06-04 10:05:49.000,drone_002,CRUISING,71.7,177.05,正常,雷达,扇形,32621.1,50.9,29.8,机中
2026-06-04 10:05:50.000,drone_001,CRUISING,76.7,194.56,雷达故障,雷达,扇形,40338.5,48.4,15.3,机中
2026-06-04 10:05:50.000,drone_002,CRUISING,71.7,182.62,正常,雷达,扇形,31075.7,49.5,30.2,机中
2026-06-04 10:05:51.000,drone_001,CRUISING,76.6,192.25,雷达故障,雷达,扇形,40384.1,46.7,14.8,机中
2026-06-04 10:05:51.000,drone_002,CRUISING,71.6,177.44,右侧引擎故障,雷达,扇形,32602.5,49.7,26.8,机中
2026-06-04 10:05:52.000,drone_001,CRUISING,76.5,207.9,雷达故障,雷达,扇形,40531.4,49.4,14.2,机中
2026-06-04 10:05:52.000,drone_002,CRUISING,71.5,188.28,右侧引擎故障,雷达,扇形,30516.0,48.6,30.3,机中
2026-06-04 10:05:53.000,drone_001,CRUISING,76.5,208.11,雷达故障,雷达,扇形,37232.6,48.1,14.9,机中
2026-06-04 10:05:53.000,drone_002,CRUISING,71.5,173.39,右侧引擎故障,雷达,扇形,32690.2,51.8,29.0,机中
2026-06-04 10:05:54.000,drone_001,CRUISING,76.4,203.4,雷达故障,雷达,扇形,36770.7,49.2,14.1,机中
2026-06-04 10:05:54.000,drone_002,CRUISING,71.4,183.3,右侧引擎故障,雷达,扇形,32459.9,49.5,27.3,机中
2026-06-04 10:05:55.000,drone_001,CRUISING,76.3,202.12,正常,雷达,扇形,38976.5,46.2,14.4,机中
2026-06-04 10:05:55.000,drone_002,CRUISING,71.3,175.77,右侧引擎故障,雷达,扇形,33000.4,50.7,27.0,机中
2026-06-04 10:05:56.000,drone_001,CRUISING,76.3,192.58,正常,雷达,扇形,37832.3,49.6,14.0,机中
2026-06-04 10:05:56.000,drone_002,CRUISING,71.3,176.38,右侧引擎故障,雷达,扇形,31309.0,50.3,30.0,机中
2026-06-04 10:05:57.000,drone_001,CRUISING,76.2,199.65,正常,雷达,扇形,37032.3,46.8,14.7,机中
2026-06-04 10:05:57.000,drone_002,CRUISING,71.2,177.48,右侧引擎故障,雷达,扇形,31488.6,49.5,30.3,机中
2026-06-04 10:05:58.000,drone_001,CRUISING,76.1,203.88,正常,雷达,扇形,38753.0,47.1,15.6,机中
2026-06-04 10:05:58.000,drone_002,CRUISING,71.1,175.64,右侧引擎故障,雷达,扇形,30460.9,51.2,27.9,机中
2026-06-04 10:05:59.000,drone_001,CRUISING,76.1,200.81,正常,雷达,扇形,38627.4,47.5,15.8,机中
2026-06-04 10:05:59.000,drone_002,CRUISING,71.1,176.96,右侧引擎故障,雷达,扇形,30344.4,48.6,27.6,机中
2026-06-04 10:06:00.000,drone_001,CRUISING,76.0,203.75,正常,雷达,扇形,37135.8,49.9,14.9,机中
2026-06-04 10:06:00.000,drone_002,CRUISING,71.0,173.33,右侧引擎故障,雷达,扇形,32178.0,49.6,29.0,机中
2026-06-04 10:06:01.000,drone_001,CRUISING,75.9,197.27,正常,雷达,扇形,39360.8,49.9,14.5,机中
2026-06-04 10:06:01.000,drone_002,CRUISING,70.9,179.23,右侧引擎故障,雷达,扇形,31929.3,51.0,28.2,机中
2026-06-04 10:06:02.000,drone_001,CRUISING,75.9,197.81,正常,雷达,扇形,38585.0,47.5,14.2,机中
2026-06-04 10:06:02.000,drone_002,CRUISING,70.9,178.6,右侧引擎故障,雷达,扇形,31887.6,50.8,27.4,机中
2026-06-04 10:06:03.000,drone_001,CRUISING,75.8,192.68,正常,雷达,扇形,38083.8,48.8,16.0,机中
2026-06-04 10:06:03.000,drone_002,CRUISING,70.8,176.77,正常,雷达,扇形,31694.6,49.8,29.1,机中
2026-06-04 10:06:04.000,drone_001,CRUISING,75.7,208.28,正常,雷达,扇形,38214.5,47.5,17.1,机中
2026-06-04 10:06:04.000,drone_002,CRUISING,70.7,183.34,正常,雷达,扇形,32274.1,50.2,28.7,机中
2026-06-04 10:06:05.000,drone_001,CRUISING,75.7,198.07,正常,雷达,扇形,38398.2,49.9,16.2,机中
2026-06-04 10:06:05.000,drone_002,CRUISING,70.7,184.42,正常,雷达,扇形,32321.9,49.2,27.2,机中
2026-06-04 10:06:06.000,drone_001,CRUISING,75.6,202.13,正常,雷达,扇形,40008.4,50.0,13.9,机中
2026-06-04 10:06:06.000,drone_002,HOVER,70.6,173.27,正常,雷达,扇形,31134.1,49.9,28.9,机中
2026-06-04 10:06:07.000,drone_001,CRUISING,75.5,202.81,正常,雷达,扇形,37096.7,46.5,14.7,机中
2026-06-04 10:06:07.000,drone_002,CRUISING,70.5,187.97,正常,雷达,扇形,30489.5,49.6,28.0,机中
2026-06-04 10:06:08.000,drone_001,CRUISING,75.5,208.91,正常,雷达,扇形,39331.2,47.9,16.3,机中
2026-06-04 10:06:08.000,drone_002,CRUISING,70.5,171.98,正常,雷达,扇形,30982.6,49.0,27.7,机中
2026-06-04 10:06:09.000,drone_001,CRUISING,75.4,192.96,正常,雷达,扇形,36801.5,46.7,16.1,机中
2026-06-04 10:06:09.000,drone_002,CRUISING,70.4,186.26,正常,雷达,扇形,30906.8,49.3,26.4,机中
2026-06-04 10:06:10.000,drone_001,HOVER,75.3,204.5,正常,雷达,扇形,37224.1,50.0,14.6,机中
2026-06-04 10:06:10.000,drone_002,CRUISING,70.3,171.85,正常,雷达,扇形,30471.7,51.6,29.7,机中
2026-06-04 10:06:11.000,drone_001,CRUISING,75.3,208.04,正常,雷达,扇形,37718.5,47.8,15.1,机中
2026-06-04 10:06:11.000,drone_002,CRUISING,70.3,176.78,正常,雷达,扇形,30628.5,49.4,26.7,机中
2026-06-04 10:06:12.000,drone_001,CRUISING,75.2,199.77,正常,雷达,扇形,38029.3,49.9,16.5,机中
2026-06-04 10:06:12.000,drone_002,CRUISING,70.2,178.24,正常,雷达,扇形,33254.8,49.1,29.9,机中
2026-06-04 10:06:13.000,drone_001,CRUISING,75.1,191.44,正常,雷达,扇形,37052.6,49.3,16.8,机中
2026-06-04 10:06:13.000,drone_002,CRUISING,70.1,175.17,正常,雷达,扇形,30766.3,50.2,29.2,机中
2026-06-04 10:06:14.000,drone_001,CRUISING,75.1,207.42,正常,雷达,扇形,39748.5,48.3,17.3,机中
2026-06-04 10:06:14.000,drone_002,CRUISING,70.1,174.04,正常,雷达,扇形,33297.8,52.0,26.6,机中
2026-06-04 10:06:15.000,drone_001,CRUISING,75.0,191.45,正常,雷达,扇形,37762.5,48.4,17.5,机中
2026-06-04 10:06:15.000,drone_002,CRUISING,70.0,172.04,左侧引擎故障,雷达,扇形,33458.8,50.5,26.5,机中
2026-06-04 10:06:16.000,drone_001,CRUISING,74.9,194.74,正常,雷达,扇形,37049.2,49.8,14.7,机中
2026-06-04 10:06:16.000,drone_002,CRUISING,69.9,172.26,左侧引擎故障,雷达,扇形,30979.4,51.6,29.9,机中
2026-06-04 10:06:17.000,drone_001,CRUISING,74.9,208.29,正常,雷达,扇形,39344.0,46.3,16.2,机中
2026-06-04 10:06:17.000,drone_002,CRUISING,69.9,173.25,左侧引擎故障,雷达,扇形,32746.9,51.3,27.2,机中
2026-06-04 10:06:18.000,drone_001,CRUISING,74.8,194.94,正常,雷达,扇形,37783.3,49.5,17.4,机中
2026-06-04 10:06:18.000,drone_002,CRUISING,69.8,188.91,左侧引擎故障,雷达,扇形,32898.5,51.0,29.9,机中
2026-06-04 10:06:19.000,drone_001,CRUISING,74.7,194.98,正常,雷达,扇形,38062.7,46.1,15.2,机中
2026-06-04 10:06:19.000,drone_002,CRUISING,69.7,171.62,左侧引擎故障,雷达,扇形,30983.9,49.3,29.0,机中
2026-06-04 10:06:20.000,drone_001,CRUISING,74.7,198.58,正常,雷达,扇形,39583.4,46.0,17.6,机中
2026-06-04 10:06:20.000,drone_002,CRUISING,69.7,173.12,左侧引擎故障,雷达,扇形,33355.8,51.9,26.5,机中
2026-06-04 10:06:21.000,drone_001,CRUISING,74.6,198.24,正常,雷达,扇形,38517.2,49.4,17.6,机中
2026-06-04 10:06:21.000,drone_002,CRUISING,69.6,184.98,左侧引擎故障,雷达,扇形,33363.2,50.4,28.0,机中
2026-06-04 10:06:22.000,drone_001,CRUISING,74.5,201.37,正常,雷达,扇形,37029.4,47.9,17.1,机中
2026-06-04 10:06:22.000,drone_002,CRUISING,69.5,188.99,正常,雷达,扇形,33047.1,51.0,29.7,机中
2026-06-04 10:06:23.000,drone_001,CRUISING,74.5,191.11,正常,雷达,扇形,36804.7,48.5,15.1,机中
2026-06-04 10:06:23.000,drone_002,CRUISING,69.5,178.09,正常,雷达,扇形,32105.0,50.0,28.2,机中
2026-06-04 10:06:24.000,drone_001,CRUISING,74.4,192.09,正常,雷达,扇形,37582.1,47.6,15.1,机中
2026-06-04 10:06:24.000,drone_002,CRUISING,69.4,178.48,正常,雷达,扇形,31505.9,51.8,27.6,机中
2026-06-04 10:06:25.000,drone_001,CRUISING,74.3,195.38,正常,雷达,扇形,36940.0,50.0,14.3,机中
2026-06-04 10:06:25.000,drone_002,CRUISING,69.3,180.54,正常,雷达,扇形,32365.2,50.6,29.4,机中
2026-06-04 10:06:26.000,drone_001,CRUISING,74.3,193.57,正常,雷达,扇形,40408.9,47.1,17.2,机中
2026-06-04 10:06:26.000,drone_002,CRUISING,69.3,173.19,雷达故障,雷达,扇形,30588.2,52.0,28.0,机中
2026-06-04 10:06:27.000,drone_001,CRUISING,74.2,197.27,正常,雷达,扇形,40257.4,46.7,15.3,机中
2026-06-04 10:06:27.000,drone_002,CRUISING,69.2,187.69,雷达故障,雷达,扇形,31557.0,49.0,27.1,机中
2026-06-04 10:06:28.000,drone_001,CRUISING,74.1,192.58,正常,雷达,扇形,39084.8,46.1,14.9,机中
2026-06-04 10:06:28.000,drone_002,CRUISING,69.1,180.19,雷达故障,雷达,扇形,31551.1,50.8,29.2,机中
2026-06-04 10:06:29.000,drone_001,CRUISING,74.1,198.77,正常,雷达,扇形,39803.4,47.8,17.0,机中
2026-06-04 10:06:29.000,drone_002,CRUISING,69.1,173.56,雷达故障,雷达,扇形,33066.6,48.8,29.0,机中
2026-06-04 10:06:30.000,drone_001,CRUISING,74.0,205.13,正常,雷达,扇形,39453.3,46.2,17.2,机中
2026-06-04 10:06:30.000,drone_002,CRUISING,69.0,175.03,雷达故障,雷达,扇形,32465.8,52.1,28.1,机中
2026-06-04 10:06:31.000,drone_001,CRUISING,73.9,194.6,正常,雷达,扇形,39966.9,46.9,15.9,机中
2026-06-04 10:06:31.000,drone_002,CRUISING,68.9,177.42,雷达故障,雷达,扇形,33172.4,51.4,27.5,机中
2026-06-04 10:06:32.000,drone_001,CRUISING,73.9,204.15,正常,雷达,扇形,40137.2,46.6,14.3,机中
2026-06-04 10:06:32.000,drone_002,CRUISING,68.9,184.21,正常,雷达,扇形,32466.5,50.3,26.4,机中
2026-06-04 10:06:33.000,drone_001,CRUISING,73.8,198.98,正常,雷达,扇形,38455.0,47.7,16.7,机中
2026-06-04 10:06:33.000,drone_002,CRUISING,68.8,175.75,正常,雷达,扇形,30699.0,50.8,28.0,机中
2026-06-04 10:06:34.000,drone_001,CRUISING,73.7,209.01,正常,雷达,扇形,36970.6,49.5,17.3,机中
2026-06-04 10:06:34.000,drone_002,CRUISING,68.7,183.31,正常,雷达,扇形,31833.9,49.5,30.2,机中
2026-06-04 10:06:35.000,drone_001,CRUISING,73.7,204.85,正常,雷达,扇形,38702.9,47.2,17.7,机中
2026-06-04 10:06:35.000,drone_002,CRUISING,68.7,184.68,正常,雷达,扇形,33375.9,51.5,27.2,机中
2026-06-04 10:06:36.000,drone_001,CRUISING,73.6,205.57,正常,雷达,扇形,40526.9,47.5,16.5,机中
2026-06-04 10:06:36.000,drone_002,CRUISING,68.6,178.63,正常,雷达,扇形,31754.2,52.4,27.1,机中
2026-06-04 10:06:37.000,drone_001,CRUISING,73.5,200.68,正常,雷达,扇形,37168.3,49.8,17.0,机中
2026-06-04 10:06:37.000,drone_002,CRUISING,68.5,177.87,正常,雷达,扇形,32308.2,50.4,27.7,机中
2026-06-04 10:06:38.000,drone_001,CRUISING,73.5,206.32,正常,雷达,扇形,38651.7,47.2,16.4,机中
2026-06-04 10:06:38.000,drone_002,CRUISING,68.5,186.87,正常,雷达,扇形,31277.5,50.3,29.9,机中
2026-06-04 10:06:39.000,drone_001,CRUISING,73.4,203.55,正常,雷达,扇形,39003.1,46.3,14.6,机中
2026-06-04 10:06:39.000,drone_002,CRUISING,68.4,185.17,正常,雷达,扇形,30707.3,49.9,27.3,机中
2026-06-04 10:06:40.000,drone_001,CRUISING,73.3,201.26,正常,雷达,扇形,37911.3,48.9,17.3,机中
2026-06-04 10:06:40.000,drone_002,CRUISING,68.3,182.7,正常,雷达,扇形,31146.8,48.5,28.4,机中
2026-06-04 10:06:41.000,drone_001,CRUISING,73.3,204.05,正常,雷达,扇形,39204.1,46.6,16.6,机中
2026-06-04 10:06:41.000,drone_002,CRUISING,68.3,187.43,正常,雷达,扇形,31255.6,48.9,27.5,机中
2026-06-04 10:06:42.000,drone_001,CRUISING,73.2,202.23,正常,雷达,扇形,38094.6,46.4,14.1,机中
2026-06-04 10:06:42.000,drone_002,CRUISING,68.2,171.66,雷达故障,雷达,扇形,32517.5,50.0,29.0,机中
2026-06-04 10:06:43.000,drone_001,CRUISING,73.1,191.49,正常,雷达,扇形,40521.3,48.8,14.1,机中
2026-06-04 10:06:43.000,drone_002,CRUISING,68.1,181.59,雷达故障,雷达,扇形,30771.3,50.7,26.6,机中
2026-06-04 10:06:44.000,drone_001,CRUISING,73.1,199.54,正常,雷达,扇形,36882.0,48.4,15.4,机中
2026-06-04 10:06:44.000,drone_002,CRUISING,68.1,184.72,雷达故障,雷达,扇形,30836.4,51.5,26.6,机中
2026-06-04 10:06:45.000,drone_001,CRUISING,73.0,206.06,正常,雷达,扇形,39810.5,47.9,17.6,机中
2026-06-04 10:06:45.000,drone_002,CRUISING,68.0,182.37,雷达故障,雷达,扇形,33281.9,51.1,27.1,机中
2026-06-04 10:06:46.000,drone_001,CRUISING,72.9,195.64,正常,雷达,扇形,36969.2,46.6,17.1,机中
2026-06-04 10:06:46.000,drone_002,CRUISING,67.9,172.68,雷达故障,雷达,扇形,31214.5,49.2,29.6,机中
2026-06-04 10:06:47.000,drone_001,CRUISING,72.9,201.61,正常,雷达,扇形,37430.0,46.9,16.1,机中
2026-06-04 10:06:47.000,drone_002,CRUISING,67.9,181.0,雷达故障,雷达,扇形,33131.0,51.7,26.6,机中
2026-06-04 10:06:48.000,drone_001,CRUISING,72.8,201.79,正常,雷达,扇形,40091.4,49.8,15.8,机中
2026-06-04 10:06:48.000,drone_002,CRUISING,67.8,179.28,雷达故障,雷达,扇形,30396.0,49.1,29.3,机中
2026-06-04 10:06:49.000,drone_001,HOVER,72.7,205.21,正常,雷达,扇形,38982.3,47.0,14.7,机中
2026-06-04 10:06:49.000,drone_002,CRUISING,67.7,178.04,雷达故障,雷达,扇形,31115.9,49.4,28.7,机中
2026-06-04 10:06:50.000,drone_001,CRUISING,72.7,203.08,正常,雷达,扇形,37464.5,48.8,16.1,机中
2026-06-04 10:06:50.000,drone_002,CRUISING,67.7,176.17,雷达故障,雷达,扇形,30828.4,49.8,29.5,机中
2026-06-04 10:06:51.000,drone_001,HOVER,72.6,209.91,正常,雷达,扇形,38459.6,48.1,15.0,机中
2026-06-04 10:06:51.000,drone_002,CRUISING,67.6,180.28,雷达故障,雷达,扇形,30338.3,50.9,30.4,机中
2026-06-04 10:06:52.000,drone_001,CRUISING,72.5,191.83,正常,雷达,扇形,37665.4,46.7,17.0,机中
2026-06-04 10:06:52.000,drone_002,CRUISING,67.5,176.78,雷达故障,雷达,扇形,30382.3,51.3,29.2,机中
2026-06-04 10:06:53.000,drone_001,CRUISING,72.5,193.71,正常,雷达,扇形,39527.2,48.8,15.1,机中
2026-06-04 10:06:53.000,drone_002,CRUISING,67.5,177.85,雷达故障,雷达,扇形,30719.2,52.4,29.7,机中
2026-06-04 10:06:54.000,drone_001,CRUISING,72.4,208.19,左侧引擎故障,雷达,扇形,39816.5,48.2,15.1,机中
2026-06-04 10:06:54.000,drone_002,CRUISING,67.4,174.74,正常,雷达,扇形,32076.0,51.6,26.4,机中
2026-06-04 10:06:55.000,drone_001,CRUISING,72.3,191.91,左侧引擎故障,雷达,扇形,40309.0,46.4,16.4,机中
2026-06-04 10:06:55.000,drone_002,CRUISING,67.3,180.83,正常,雷达,扇形,30764.5,51.2,29.6,机中
2026-06-04 10:06:56.000,drone_001,CRUISING,72.3,197.86,左侧引擎故障,雷达,扇形,38269.9,47.2,14.9,机中
2026-06-04 10:06:56.000,drone_002,CRUISING,67.3,176.07,被锁定,雷达,扇形,31132.0,51.7,28.2,机中
2026-06-04 10:06:57.000,drone_001,HOVER,72.2,205.26,左侧引擎故障,雷达,扇形,38754.9,48.7,17.2,机中
2026-06-04 10:06:57.000,drone_002,CRUISING,67.2,174.65,被锁定,雷达,扇形,33248.1,51.0,28.9,机中
2026-06-04 10:06:58.000,drone_001,CRUISING,72.1,199.03,左侧引擎故障,雷达,扇形,38348.3,48.8,14.8,机中
2026-06-04 10:06:58.000,drone_002,CRUISING,67.1,188.12,被锁定,雷达,扇形,32396.6,51.1,26.8,机中
2026-06-04 10:06:59.000,drone_001,CRUISING,72.1,194.43,左侧引擎故障,雷达,扇形,36903.8,47.6,15.0,机中
2026-06-04 10:06:59.000,drone_002,CRUISING,67.1,183.41,被锁定,雷达,扇形,31688.5,49.3,28.1,机中
2026-06-04 10:07:00.000,drone_001,CRUISING,72.0,194.56,左侧引擎故障,雷达,扇形,36704.0,46.1,22.2,机中
2026-06-04 10:07:00.000,drone_002,CRUISING,67.0,174.26,被锁定,电测,锥形,8295.4,20.1,16.7,机尾
2026-06-04 10:07:01.000,drone_001,CRUISING,71.9,208.94,左侧引擎故障,雷达,扇形,35073.6,46.6,21.3,机中
2026-06-04 10:07:01.000,drone_002,CRUISING,66.9,188.0,正常,电测,锥形,8675.4,20.7,18.3,机尾
2026-06-04 10:07:02.000,drone_001,CRUISING,71.9,194.46,左侧引擎故障,雷达,扇形,35263.3,46.3,23.1,机中
2026-06-04 10:07:02.000,drone_002,CRUISING,66.9,186.05,正常,电测,锥形,7973.5,18.4,18.9,机尾
2026-06-04 10:07:03.000,drone_001,CRUISING,71.8,191.36,左侧引擎故障,雷达,扇形,37212.6,47.8,21.6,机中
2026-06-04 10:07:03.000,drone_002,CRUISING,66.8,184.02,正常,电测,锥形,8506.4,19.7,16.6,机尾
2026-06-04 10:07:04.000,drone_001,CRUISING,71.7,198.08,左侧引擎故障,雷达,扇形,35360.5,46.0,21.6,机中
2026-06-04 10:07:04.000,drone_002,CRUISING,66.7,177.94,正常,电测,锥形,8407.2,21.5,17.8,机尾
2026-06-04 10:07:05.000,drone_001,CRUISING,71.7,198.64,左侧引擎故障,雷达,扇形,34775.1,46.7,22.5,机中
2026-06-04 10:07:05.000,drone_002,CRUISING,66.7,179.63,正常,电测,锥形,8167.8,21.2,20.0,机尾
2026-06-04 10:07:06.000,drone_001,CRUISING,71.6,205.84,左侧引擎故障,雷达,扇形,35041.8,46.2,21.1,机中
2026-06-04 10:07:06.000,drone_002,CRUISING,66.6,171.02,正常,电测,锥形,8213.2,19.4,16.9,机尾
2026-06-04 10:07:07.000,drone_001,CRUISING,71.5,191.76,左侧引擎故障,雷达,扇形,37010.9,48.2,20.7,机中
2026-06-04 10:07:07.000,drone_002,CRUISING,66.5,171.22,正常,电测,锥形,8030.3,20.7,19.4,机尾
2026-06-04 10:07:08.000,drone_001,CRUISING,71.5,203.73,左侧引擎故障,雷达,扇形,37641.3,46.3,23.5,机中
2026-06-04 10:07:08.000,drone_002,CRUISING,66.5,173.61,正常,电测,锥形,8011.1,21.2,19.3,机尾
2026-06-04 10:07:09.000,drone_001,CRUISING,71.4,203.01,正常,雷达,扇形,35776.4,46.2,21.5,机中
2026-06-04 10:07:09.000,drone_002,CRUISING,66.4,175.33,正常,电测,锥形,8519.3,18.9,16.4,机尾
2026-06-04 10:07:10.000,drone_001,CRUISING,71.3,198.78,正常,雷达,扇形,37927.9,46.5,20.6,机中
2026-06-04 10:07:10.000,drone_002,CRUISING,66.3,177.97,正常,电测,锥形,8135.8,19.4,17.6,机尾
2026-06-04 10:07:11.000,drone_001,CRUISING,71.3,201.31,正常,雷达,扇形,35853.6,48.3,21.0,机中
2026-06-04 10:07:11.000,drone_002,CRUISING,66.3,182.35,正常,电测,锥形,7943.1,19.8,19.6,机尾
2026-06-04 10:07:12.000,drone_001,CRUISING,71.2,196.22,正常,雷达,扇形,35570.6,47.9,24.4,机中
2026-06-04 10:07:12.000,drone_002,CRUISING,66.2,184.96,正常,电测,锥形,8041.2,19.5,18.0,机尾
2026-06-04 10:07:13.000,drone_001,CRUISING,71.1,202.54,正常,雷达,扇形,36867.3,46.8,24.4,机中
2026-06-04 10:07:13.000,drone_002,CRUISING,66.1,178.9,正常,电测,锥形,8632.1,21.2,17.4,机尾
2026-06-04 10:07:14.000,drone_001,CRUISING,71.1,202.3,正常,雷达,扇形,35152.1,47.0,22.8,机中
2026-06-04 10:07:14.000,drone_002,CRUISING,66.1,171.75,正常,电测,锥形,8546.7,21.6,16.7,机尾
2026-06-04 10:07:15.000,drone_001,CRUISING,71.0,197.8,正常,雷达,扇形,37961.2,45.8,23.9,机中
2026-06-04 10:07:15.000,drone_002,CRUISING,66.0,173.6,正常,电测,锥形,8463.2,19.3,17.4,机尾
2026-06-04 10:07:16.000,drone_001,CRUISING,70.9,195.29,正常,雷达,扇形,36218.7,44.7,22.7,机中
2026-06-04 10:07:16.000,drone_002,CRUISING,65.9,179.36,正常,电测,锥形,8650.4,19.4,18.6,机尾
2026-06-04 10:07:17.000,drone_001,CRUISING,70.9,196.66,正常,雷达,扇形,36940.0,47.2,22.7,机中
2026-06-04 10:07:17.000,drone_002,CRUISING,65.9,184.53,正常,电测,锥形,8012.9,20.9,19.1,机尾
2026-06-04 10:07:18.000,drone_001,CRUISING,70.8,204.5,正常,雷达,扇形,36872.1,46.0,21.7,机中
2026-06-04 10:07:18.000,drone_002,CRUISING,65.8,173.98,正常,电测,锥形,8402.1,20.2,17.6,机尾
2026-06-04 10:07:19.000,drone_001,CRUISING,70.7,197.64,正常,雷达,扇形,34995.7,48.6,22.1,机中
2026-06-04 10:07:19.000,drone_002,CRUISING,65.7,184.8,正常,电测,锥形,8330.2,21.9,17.7,机尾
2026-06-04 10:07:20.000,drone_001,CRUISING,70.7,197.94,正常,雷达,扇形,38048.1,46.7,23.7,机中
2026-06-04 10:07:20.000,drone_002,CRUISING,65.7,176.09,正常,电测,锥形,8096.7,21.2,17.6,机尾
2026-06-04 10:07:21.000,drone_001,CRUISING,70.6,200.1,正常,雷达,扇形,35058.6,48.2,23.5,机中
2026-06-04 10:07:21.000,drone_002,CRUISING,65.6,174.17,正常,电测,锥形,8086.3,22.0,16.4,机尾
2026-06-04 10:07:22.000,drone_001,CRUISING,70.5,196.59,正常,雷达,扇形,36031.3,48.5,21.3,机中
2026-06-04 10:07:22.000,drone_002,CRUISING,65.5,175.76,正常,电测,锥形,8638.3,18.5,19.4,机尾
2026-06-04 10:07:23.000,drone_001,CRUISING,70.5,204.32,正常,雷达,扇形,35639.1,45.2,23.7,机中
2026-06-04 10:07:23.000,drone_002,CRUISING,65.5,187.44,右侧引擎故障,电测,锥形,8620.4,21.0,18.4,机尾
2026-06-04 10:07:24.000,drone_001,CRUISING,70.4,203.15,正常,雷达,扇形,36009.1,48.5,22.1,机中
2026-06-04 10:07:24.000,drone_002,CRUISING,65.4,174.62,右侧引擎故障,电测,锥形,8318.1,20.5,16.9,机尾
2026-06-04 10:07:25.000,drone_001,CRUISING,70.3,193.97,正常,雷达,扇形,36440.5,47.5,22.1,机中
2026-06-04 10:07:25.000,drone_002,CRUISING,65.3,185.49,右侧引擎故障,电测,锥形,8172.9,18.8,18.2,机尾
2026-06-04 10:07:26.000,drone_001,CRUISING,70.3,203.19,正常,雷达,扇形,37887.4,47.2,23.5,机中
2026-06-04 10:07:26.000,drone_002,CRUISING,65.3,171.58,右侧引擎故障,电测,锥形,8025.4,20.6,19.0,机尾
2026-06-04 10:07:27.000,drone_001,CRUISING,70.2,205.96,正常,雷达,扇形,34599.8,46.3,22.1,机中
2026-06-04 10:07:27.000,drone_002,CRUISING,65.2,188.37,右侧引擎故障,电测,锥形,8373.7,20.1,17.6,机尾
2026-06-04 10:07:28.000,drone_001,CRUISING,70.1,205.84,正常,雷达,扇形,37887.2,48.4,20.7,机中
2026-06-04 10:07:28.000,drone_002,CRUISING,65.1,187.65,右侧引擎故障,电测,锥形,8063.6,21.7,17.6,机尾
2026-06-04 10:07:29.000,drone_001,CRUISING,70.1,204.74,正常,雷达,扇形,35025.0,48.3,22.3,机中
2026-06-04 10:07:29.000,drone_002,CRUISING,65.1,179.68,右侧引擎故障,电测,锥形,8079.5,18.6,16.8,机尾
2026-06-04 10:07:30.000,drone_001,CRUISING,70.0,193.99,正常,雷达,扇形,34732.9,47.1,21.4,机中
2026-06-04 10:07:30.000,drone_002,CRUISING,65.0,185.71,右侧引擎故障,电测,锥形,8519.0,20.0,19.7,机尾
2026-06-04 10:07:31.000,drone_001,CRUISING,69.9,190.9,正常,雷达,扇形,35598.5,45.2,21.6,机中
2026-06-04 10:07:31.000,drone_002,CRUISING,64.9,176.79,右侧引擎故障,电测,锥形,8623.8,19.6,19.3,机尾
2026-06-04 10:07:32.000,drone_001,CRUISING,69.9,206.93,正常,雷达,扇形,36802.6,47.9,22.1,机中
2026-06-04 10:07:32.000,drone_002,CRUISING,64.9,172.63,右侧引擎故障,电测,锥形,8688.8,20.6,17.0,机尾
2026-06-04 10:07:33.000,drone_001,CRUISING,69.8,192.78,正常,雷达,扇形,37242.4,45.3,21.9,机中
2026-06-04 10:07:33.000,drone_002,CRUISING,64.8,187.12,右侧引擎故障,电测,锥形,8622.4,22.0,20.2,机尾
2026-06-04 10:07:34.000,drone_001,CRUISING,69.7,202.32,正常,雷达,扇形,35242.5,48.4,23.5,机中
2026-06-04 10:07:34.000,drone_002,CRUISING,64.7,171.84,右侧引擎故障,电测,锥形,7927.1,20.0,16.7,机尾
2026-06-04 10:07:35.000,drone_001,CRUISING,69.7,200.83,正常,雷达,扇形,37351.5,44.8,24.4,机中
2026-06-04 10:07:35.000,drone_002,CRUISING,64.7,172.2,右侧引擎故障,电测,锥形,7921.2,18.7,19.8,机尾
2026-06-04 10:07:36.000,drone_001,CRUISING,69.6,200.4,正常,雷达,扇形,36104.8,45.4,21.6,机中
2026-06-04 10:07:36.000,drone_002,CRUISING,64.6,171.18,正常,电测,锥形,8721.0,21.1,16.9,机尾
2026-06-04 10:07:37.000,drone_001,CRUISING,69.5,197.52,正常,雷达,扇形,37769.5,48.3,21.5,机中
2026-06-04 10:07:37.000,drone_002,CRUISING,64.5,172.1,正常,电测,锥形,8596.9,20.7,16.4,机尾
2026-06-04 10:07:38.000,drone_001,CRUISING,69.5,193.34,正常,雷达,扇形,35424.3,46.7,21.2,机中
2026-06-04 10:07:38.000,drone_002,CRUISING,64.5,171.97,正常,电测,锥形,8673.8,19.5,19.4,机尾
2026-06-04 10:07:39.000,drone_001,CRUISING,69.4,200.98,正常,雷达,扇形,36040.8,48.4,23.6,机中
2026-06-04 10:07:39.000,drone_002,CRUISING,64.4,180.37,正常,电测,锥形,8190.2,18.8,19.4,机尾
2026-06-04 10:07:40.000,drone_001,CRUISING,69.3,190.02,正常,雷达,扇形,35201.9,45.0,21.4,机中
2026-06-04 10:07:40.000,drone_002,CRUISING,64.3,175.14,正常,电测,锥形,7936.7,19.2,17.9,机尾
2026-06-04 10:07:41.000,drone_001,CRUISING,69.3,207.43,正常,雷达,扇形,35822.6,47.3,20.5,机中
2026-06-04 10:07:41.000,drone_002,CRUISING,64.3,177.39,正常,电测,锥形,8728.9,22.1,19.4,机尾
2026-06-04 10:07:42.000,drone_001,CRUISING,69.2,202.28,正常,雷达,扇形,37852.0,47.1,20.5,机中
2026-06-04 10:07:42.000,drone_002,CRUISING,64.2,181.63,正常,电测,锥形,8503.0,19.7,19.0,机尾
2026-06-04 10:07:43.000,drone_001,CRUISING,69.1,204.72,正常,雷达,扇形,37960.4,46.1,22.3,机中
2026-06-04 10:07:43.000,drone_002,CRUISING,64.1,174.96,被锁定,电测,锥形,8191.2,18.2,18.7,机尾
2026-06-04 10:07:44.000,drone_001,CRUISING,69.1,200.59,正常,雷达,扇形,35752.1,47.0,24.2,机中
2026-06-04 10:07:44.000,drone_002,CRUISING,64.1,176.55,被锁定,电测,锥形,8216.2,22.1,19.4,机尾
2026-06-04 10:07:45.000,drone_001,CRUISING,69.0,196.92,正常,雷达,扇形,36286.2,45.9,20.9,机中
2026-06-04 10:07:45.000,drone_002,CRUISING,64.0,180.53,被锁定,电测,锥形,7951.5,18.2,18.8,机尾
2026-06-04 10:07:46.000,drone_001,CRUISING,68.9,197.58,正常,雷达,扇形,36838.6,48.2,22.4,机中
2026-06-04 10:07:46.000,drone_002,CRUISING,63.9,173.09,被锁定,电测,锥形,8305.9,18.8,18.7,机尾
2026-06-04 10:07:47.000,drone_001,CRUISING,68.9,198.13,正常,雷达,扇形,37458.0,46.6,21.0,机中
2026-06-04 10:07:47.000,drone_002,CRUISING,63.9,178.85,被锁定,电测,锥形,8459.5,20.9,19.8,机尾
2026-06-04 10:07:48.000,drone_001,CRUISING,68.8,194.11,正常,雷达,扇形,37125.7,45.6,24.1,机中
2026-06-04 10:07:48.000,drone_002,CRUISING,63.8,175.38,被锁定,电测,锥形,8199.3,21.3,18.6,机尾
2026-06-04 10:07:49.000,drone_001,CRUISING,68.7,207.44,正常,雷达,扇形,35981.9,45.2,23.2,机中
2026-06-04 10:07:49.000,drone_002,CRUISING,63.7,172.36,被锁定,电测,锥形,8513.0,19.2,16.5,机尾
2026-06-04 10:07:50.000,drone_001,CRUISING,68.7,205.65,正常,雷达,扇形,36725.8,45.4,21.6,机中
2026-06-04 10:07:50.000,drone_002,CRUISING,63.7,177.24,被锁定,电测,锥形,8489.1,18.1,20.0,机尾
2026-06-04 10:07:51.000,drone_001,CRUISING,68.6,190.79,正常,雷达,扇形,37289.1,44.8,21.3,机中
2026-06-04 10:07:51.000,drone_002,CRUISING,63.6,182.35,被锁定,电测,锥形,8586.1,21.9,18.1,机尾
2026-06-04 10:07:52.000,drone_001,CRUISING,68.5,196.26,正常,雷达,扇形,36595.1,46.4,21.6,机中
2026-06-04 10:07:52.000,drone_002,CRUISING,63.5,187.57,被锁定,电测,锥形,8676.3,19.6,18.0,机尾
2026-06-04 10:07:53.000,drone_001,CRUISING,68.5,194.3,正常,雷达,扇形,37490.9,46.0,21.1,机中
2026-06-04 10:07:53.000,drone_002,CRUISING,63.5,171.12,被锁定,电测,锥形,8311.4,21.2,18.8,机尾
2026-06-04 10:07:54.000,drone_001,CRUISING,68.4,193.39,正常,雷达,扇形,37381.9,46.5,23.3,机中
2026-06-04 10:07:54.000,drone_002,CRUISING,63.4,175.89,正常,电测,锥形,8534.3,19.7,18.2,机尾
2026-06-04 10:07:55.000,drone_001,CRUISING,68.3,203.76,正常,雷达,扇形,35695.5,44.7,24.2,机中
2026-06-04 10:07:55.000,drone_002,CRUISING,63.3,181.53,正常,电测,锥形,8443.3,20.9,18.0,机尾
2026-06-04 10:07:56.000,drone_001,CRUISING,68.3,209.72,正常,雷达,扇形,37367.1,46.0,21.1,机中
2026-06-04 10:07:56.000,drone_002,CRUISING,63.3,178.69,正常,电测,锥形,8297.2,19.6,17.2,机尾
2026-06-04 10:07:57.000,drone_001,CRUISING,68.2,194.22,正常,雷达,扇形,34651.7,45.6,22.5,机中
2026-06-04 10:07:57.000,drone_002,CRUISING,63.2,177.08,正常,电测,锥形,8428.0,20.2,17.6,机尾
2026-06-04 10:07:58.000,drone_001,CRUISING,68.1,204.78,正常,雷达,扇形,38169.1,46.7,20.9,机中
2026-06-04 10:07:58.000,drone_002,CRUISING,63.1,181.65,正常,电测,锥形,8512.8,19.3,16.4,机尾
2026-06-04 10:07:59.000,drone_001,CRUISING,68.1,205.83,正常,雷达,扇形,36532.1,47.7,23.1,机中
2026-06-04 10:07:59.000,drone_002,CRUISING,63.1,185.45,正常,电测,锥形,8725.7,21.7,17.6,机尾
2026-06-04 10:08:00.000,drone_001,CRUISING,68.0,201.82,正常,雷达,扇形,36930.0,48.5,20.7,机中
2026-06-04 10:08:00.000,drone_002,CRUISING,63.0,180.16,正常,电测,锥形,8046.6,21.4,20.2,机尾
2026-06-04 10:08:01.000,drone_001,CRUISING,67.9,190.1,正常,雷达,扇形,35297.7,48.2,21.1,机中
2026-06-04 10:08:01.000,drone_002,CRUISING,62.9,173.27,正常,电测,锥形,8348.8,18.9,20.0,机尾
2026-06-04 10:08:02.000,drone_001,CRUISING,67.9,197.31,正常,雷达,扇形,34778.7,47.3,24.0,机中
2026-06-04 10:08:02.000,drone_002,CRUISING,62.9,187.75,正常,电测,锥形,8197.6,21.0,19.8,机尾
2026-06-04 10:08:03.000,drone_001,CRUISING,67.8,201.17,正常,雷达,扇形,36003.8,48.0,20.4,机中
2026-06-04 10:08:03.000,drone_002,CRUISING,62.8,177.97,正常,电测,锥形,8156.3,18.3,16.6,机尾
2026-06-04 10:08:04.000,drone_001,CRUISING,67.7,202.1,正常,雷达,扇形,36514.9,45.0,22.2,机中
2026-06-04 10:08:04.000,drone_002,CRUISING,62.7,171.98,正常,电测,锥形,8206.3,21.1,19.8,机尾
2026-06-04 10:08:05.000,drone_001,CRUISING,67.7,198.8,正常,雷达,扇形,37027.4,46.2,21.5,机中
2026-06-04 10:08:05.000,drone_002,CRUISING,62.7,183.76,正常,电测,锥形,7984.8,20.4,19.6,机尾
2026-06-04 10:08:06.000,drone_001,CRUISING,67.6,204.31,正常,雷达,扇形,37307.4,45.1,20.7,机中
2026-06-04 10:08:06.000,drone_002,CRUISING,62.6,178.82,正常,电测,锥形,8697.1,20.3,18.8,机尾
2026-06-04 10:08:07.000,drone_001,CRUISING,67.5,196.5,正常,雷达,扇形,37558.9,45.1,23.9,机中
2026-06-04 10:08:07.000,drone_002,CRUISING,62.5,177.97,正常,电测,锥形,8615.8,20.1,16.8,机尾
2026-06-04 10:08:08.000,drone_001,CRUISING,67.5,207.72,正常,雷达,扇形,37955.9,45.9,22.5,机中
2026-06-04 10:08:08.000,drone_002,CRUISING,62.5,178.78,正常,电测,锥形,8016.3,20.1,20.2,机尾
2026-06-04 10:08:09.000,drone_001,CRUISING,67.4,191.99,正常,雷达,扇形,35091.2,45.5,22.7,机中
2026-06-04 10:08:09.000,drone_002,CRUISING,62.4,187.2,正常,电测,锥形,8059.1,19.7,19.4,机尾
2026-06-04 10:08:10.000,drone_001,CRUISING,67.3,195.16,正常,雷达,扇形,36701.6,45.5,21.0,机中
2026-06-04 10:08:10.000,drone_002,CRUISING,62.3,188.78,正常,电测,锥形,8401.6,21.2,20.0,机尾
2026-06-04 10:08:11.000,drone_001,CRUISING,67.3,201.14,正常,雷达,扇形,36387.9,44.7,22.9,机中
2026-06-04 10:08:11.000,drone_002,CRUISING,62.3,178.92,正常,电测,锥形,8720.8,18.9,17.1,机尾
2026-06-04 10:08:12.000,drone_001,CRUISING,67.2,194.82,正常,雷达,扇形,38117.1,47.1,24.4,机中
2026-06-04 10:08:12.000,drone_002,CRUISING,62.2,176.42,正常,电测,锥形,8455.6,20.3,16.6,机尾
2026-06-04 10:08:13.000,drone_001,CRUISING,67.1,205.09,左侧引擎故障,雷达,扇形,36921.2,44.7,23.9,机中
2026-06-04 10:08:13.000,drone_002,CRUISING,62.1,182.05,正常,电测,锥形,8169.6,20.2,18.4,机尾
2026-06-04 10:08:14.000,drone_001,CRUISING,67.1,196.15,左侧引擎故障,雷达,扇形,35627.0,48.3,23.9,机中
2026-06-04 10:08:14.000,drone_002,CRUISING,62.1,177.92,正常,电测,锥形,8556.6,20.4,17.4,机尾
2026-06-04 10:08:15.000,drone_001,CRUISING,67.0,198.68,左侧引擎故障,雷达,扇形,35056.1,46.4,23.7,机中
2026-06-04 10:08:15.000,drone_002,CRUISING,62.0,184.71,正常,电测,锥形,8416.4,21.3,17.6,机尾
2026-06-04 10:08:16.000,drone_001,CRUISING,66.9,198.49,左侧引擎故障,雷达,扇形,37710.5,46.8,23.2,机中
2026-06-04 10:08:16.000,drone_002,CRUISING,61.9,186.66,正常,电测,锥形,8267.6,20.9,19.8,机尾
2026-06-04 10:08:17.000,drone_001,CRUISING,66.9,191.72,左侧引擎故障,雷达,扇形,36256.5,47.6,24.4,机中
2026-06-04 10:08:17.000,drone_002,CRUISING,61.9,177.57,正常,电测,锥形,8609.6,20.0,19.8,机尾
2026-06-04 10:08:18.000,drone_001,CRUISING,66.8,200.1,左侧引擎故障,雷达,扇形,37677.1,47.3,24.0,机中
2026-06-04 10:08:18.000,drone_002,CRUISING,61.8,182.77,正常,电测,锥形,8062.4,20.4,20.1,机尾
2026-06-04 10:08:19.000,drone_001,CRUISING,66.7,202.14,左侧引擎故障,雷达,扇形,36092.1,46.1,22.0,机中
2026-06-04 10:08:19.000,drone_002,CRUISING,61.7,178.03,正常,电测,锥形,8273.6,21.0,18.3,机尾
2026-06-04 10:08:20.000,drone_001,CRUISING,66.7,204.52,左侧引擎故障,雷达,扇形,36434.9,45.1,23.4,机中
2026-06-04 10:08:20.000,drone_002,CRUISING,61.7,171.69,被锁定,电测,锥形,8278.5,19.0,20.2,机尾
2026-06-04 10:08:21.000,drone_001,CRUISING,66.6,208.52,左侧引擎故障,雷达,扇形,34900.7,48.4,24.1,机中
2026-06-04 10:08:21.000,drone_002,CRUISING,61.6,181.14,被锁定,电测,锥形,8471.4,19.4,17.9,机尾
2026-06-04 10:08:22.000,drone_001,CRUISING,66.5,201.7,左侧引擎故障,雷达,扇形,38207.9,46.4,23.4,机中
2026-06-04 10:08:22.000,drone_002,CRUISING,61.5,185.9,被锁定,电测,锥形,8745.8,20.4,17.1,机尾
2026-06-04 10:08:23.000,drone_001,CRUISING,66.5,193.09,左侧引擎故障,雷达,扇形,35492.4,47.6,23.7,机中
2026-06-04 10:08:23.000,drone_002,CRUISING,61.5,182.55,被锁定,电测,锥形,8186.7,20.8,16.5,机尾
2026-06-04 10:08:24.000,drone_001,CRUISING,66.4,195.08,正常,雷达,扇形,36116.6,47.8,24.3,机中
2026-06-04 10:08:24.000,drone_002,CRUISING,61.4,172.07,被锁定,电测,锥形,8307.4,20.1,19.7,机尾
2026-06-04 10:08:25.000,drone_001,CRUISING,66.3,206.59,正常,雷达,扇形,37758.2,45.5,20.5,机中
2026-06-04 10:08:25.000,drone_002,CRUISING,61.3,184.57,被锁定,电测,锥形,8648.2,18.8,17.7,机尾
2026-06-04 10:08:26.000,drone_001,CRUISING,66.3,201.99,正常,雷达,扇形,37408.6,46.1,21.8,机中
2026-06-04 10:08:26.000,drone_002,CRUISING,61.3,179.18,被锁定,电测,锥形,8078.2,18.7,18.2,机尾
2026-06-04 10:08:27.000,drone_001,CRUISING,66.2,190.99,正常,雷达,扇形,36974.5,46.3,21.8,机中
2026-06-04 10:08:27.000,drone_002,CRUISING,61.2,174.53,被锁定,电测,锥形,8121.0,19.0,18.5,机尾
2026-06-04 10:08:28.000,drone_001,CRUISING,66.1,202.52,正常,雷达,扇形,38106.8,47.0,22.0,机中
2026-06-04 10:08:28.000,drone_002,CRUISING,61.1,176.33,正常,电测,锥形,8028.4,19.9,16.9,机尾
2026-06-04 10:08:29.000,drone_001,CRUISING,66.1,200.73,正常,雷达,扇形,36325.1,47.6,21.3,机中
2026-06-04 10:08:29.000,drone_002,CRUISING,61.1,178.17,正常,电测,锥形,8556.5,21.7,19.7,机尾
2026-06-04 10:08:30.000,drone_001,CRUISING,66.0,208.62,正常,雷达,扇形,35829.7,45.2,21.5,机中
2026-06-04 10:08:30.000,drone_002,CRUISING,61.0,177.47,正常,电测,锥形,8666.1,20.1,18.1,机尾
2026-06-04 10:08:31.000,drone_001,CRUISING,65.9,190.41,被锁定,雷达,扇形,37112.3,48.4,21.2,机中
2026-06-04 10:08:31.000,drone_002,CRUISING,60.9,185.11,正常,电测,锥形,8258.9,19.4,19.7,机尾
2026-06-04 10:08:32.000,drone_001,CRUISING,65.9,195.05,被锁定,雷达,扇形,36088.3,44.9,22.9,机中
2026-06-04 10:08:32.000,drone_002,CRUISING,60.9,173.94,正常,电测,锥形,8308.0,19.9,18.9,机尾
2026-06-04 10:08:33.000,drone_001,CRUISING,65.8,191.32,被锁定,雷达,扇形,36514.6,44.9,23.5,机中
2026-06-04 10:08:33.000,drone_002,CRUISING,60.8,185.06,正常,电测,锥形,8233.9,20.7,16.7,机尾
2026-06-04 10:08:34.000,drone_001,CRUISING,65.7,207.23,被锁定,雷达,扇形,35393.8,48.4,22.8,机中
2026-06-04 10:08:34.000,drone_002,CRUISING,60.7,184.95,正常,电测,锥形,8109.3,18.7,18.8,机尾
2026-06-04 10:08:35.000,drone_001,CRUISING,65.7,196.72,被锁定,雷达,扇形,34590.4,48.4,22.8,机中
2026-06-04 10:08:35.000,drone_002,CRUISING,60.7,183.17,正常,电测,锥形,8521.3,20.7,16.7,机尾
2026-06-04 10:08:36.000,drone_001,CRUISING,65.6,202.99,被锁定,雷达,扇形,34844.7,46.1,23.3,机中
2026-06-04 10:08:36.000,drone_002,CRUISING,60.6,176.32,正常,电测,锥形,8114.3,20.8,17.5,机尾
2026-06-04 10:08:37.000,drone_001,CRUISING,65.5,194.5,被锁定,雷达,扇形,35567.2,46.4,23.1,机中
2026-06-04 10:08:37.000,drone_002,CRUISING,60.5,188.56,正常,电测,锥形,8270.3,21.0,19.6,机尾
2026-06-04 10:08:38.000,drone_001,CRUISING,65.5,201.87,被锁定,雷达,扇形,36907.0,46.6,20.5,机中
2026-06-04 10:08:38.000,drone_002,CRUISING,60.5,178.34,正常,电测,锥形,8401.8,19.3,18.9,机尾
2026-06-04 10:08:39.000,drone_001,CRUISING,65.4,190.48,被锁定,雷达,扇形,35693.9,47.3,24.0,机中
2026-06-04 10:08:39.000,drone_002,CRUISING,60.4,174.87,正常,电测,锥形,7965.7,19.3,17.6,机尾
2026-06-04 10:08:40.000,drone_001,CRUISING,65.3,196.07,被锁定,雷达,扇形,37179.0,44.8,22.4,机中
2026-06-04 10:08:40.000,drone_002,CRUISING,60.3,185.76,正常,电测,锥形,7996.0,18.5,19.5,机尾
2026-06-04 10:08:41.000,drone_001,CRUISING,65.3,199.7,正常,雷达,扇形,35511.7,46.7,21.6,机中
2026-06-04 10:08:41.000,drone_002,CRUISING,60.3,184.23,正常,电测,锥形,8161.2,21.8,18.0,机尾
2026-06-04 10:08:42.000,drone_001,CRUISING,65.2,195.49,正常,雷达,扇形,37609.1,47.5,23.4,机中
2026-06-04 10:08:42.000,drone_002,CRUISING,60.2,174.98,正常,电测,锥形,8550.0,20.9,19.0,机尾
2026-06-04 10:08:43.000,drone_001,CRUISING,65.1,204.11,正常,雷达,扇形,38039.3,47.0,20.5,机中
2026-06-04 10:08:43.000,drone_002,CRUISING,60.1,179.61,正常,电测,锥形,8247.8,21.8,19.3,机尾
2026-06-04 10:08:44.000,drone_001,CRUISING,65.1,192.66,雷达故障,雷达,扇形,35538.6,44.9,21.9,机中
2026-06-04 10:08:44.000,drone_002,CRUISING,60.1,182.35,正常,电测,锥形,8034.9,20.3,16.6,机尾
2026-06-04 10:08:45.000,drone_001,CRUISING,65.0,201.57,雷达故障,雷达,扇形,35910.2,48.4,21.8,机中
2026-06-04 10:08:45.000,drone_002,CRUISING,60.0,188.08,正常,电测,锥形,8394.8,18.4,17.7,机尾
2026-06-04 10:08:46.000,drone_001,CRUISING,64.9,199.64,雷达故障,雷达,扇形,37429.7,45.2,22.4,机中
2026-06-04 10:08:46.000,drone_002,CRUISING,59.9,179.28,正常,电测,锥形,8125.9,21.1,16.9,机尾
2026-06-04 10:08:47.000,drone_001,CRUISING,64.9,190.61,雷达故障,雷达,扇形,35610.0,46.6,20.6,机中
2026-06-04 10:08:47.000,drone_002,CRUISING,59.9,184.86,正常,电测,锥形,8063.5,18.9,16.4,机尾
2026-06-04 10:08:48.000,drone_001,CRUISING,64.8,199.88,雷达故障,雷达,扇形,35714.9,46.5,21.7,机中
2026-06-04 10:08:48.000,drone_002,CRUISING,59.8,178.08,正常,电测,锥形,8657.6,21.5,18.6,机尾
2026-06-04 10:08:49.000,drone_001,CRUISING,64.7,190.37,正常,雷达,扇形,37123.9,47.2,22.1,机中
2026-06-04 10:08:49.000,drone_002,CRUISING,59.7,177.13,正常,电测,锥形,8696.5,19.3,19.5,机尾
2026-06-04 10:08:50.000,drone_001,CRUISING,64.7,204.44,正常,雷达,扇形,37004.7,45.1,22.1,机中
2026-06-04 10:08:50.000,drone_002,CRUISING,59.7,176.48,正常,电测,锥形,8299.7,20.5,18.0,机尾
2026-06-04 10:08:51.000,drone_001,CRUISING,64.6,191.94,正常,雷达,扇形,37043.0,47.3,24.4,机中
2026-06-04 10:08:51.000,drone_002,CRUISING,59.6,177.35,正常,电测,锥形,8423.0,18.4,18.9,机尾
2026-06-04 10:08:52.000,drone_001,CRUISING,64.5,198.65,正常,雷达,扇形,35293.3,45.4,23.0,机中
2026-06-04 10:08:52.000,drone_002,CRUISING,59.5,176.74,正常,电测,锥形,8225.6,20.6,18.3,机尾
2026-06-04 10:08:53.000,drone_001,CRUISING,64.5,202.9,正常,雷达,扇形,37241.8,45.6,21.1,机中
2026-06-04 10:08:53.000,drone_002,CRUISING,59.5,179.25,正常,电测,锥形,8275.0,21.2,19.0,机尾
2026-06-04 10:08:54.000,drone_001,CRUISING,64.4,193.21,正常,雷达,扇形,37961.8,45.2,21.2,机中
2026-06-04 10:08:54.000,drone_002,CRUISING,59.4,174.25,正常,电测,锥形,8012.4,19.0,17.1,机尾
2026-06-04 10:08:55.000,drone_001,CRUISING,64.3,208.46,正常,雷达,扇形,35416.3,45.6,20.6,机中
2026-06-04 10:08:55.000,drone_002,CRUISING,59.3,188.39,正常,电测,锥形,8665.1,20.4,16.8,机尾
2026-06-04 10:08:56.000,drone_001,CRUISING,64.3,208.12,正常,雷达,扇形,35853.0,45.6,22.6,机中
2026-06-04 10:08:56.000,drone_002,CRUISING,59.3,188.44,正常,电测,锥形,8268.9,22.0,16.9,机尾
2026-06-04 10:08:57.000,drone_001,CRUISING,64.2,193.18,正常,雷达,扇形,34588.5,48.2,24.0,机中
2026-06-04 10:08:57.000,drone_002,CRUISING,59.2,173.33,正常,电测,锥形,8595.2,20.7,18.8,机尾
2026-06-04 10:08:58.000,drone_001,CRUISING,64.1,201.93,正常,雷达,扇形,37327.2,47.6,22.5,机中
2026-06-04 10:08:58.000,drone_002,CRUISING,59.1,181.33,正常,电测,锥形,8563.9,21.2,16.9,机尾
2026-06-04 10:08:59.000,drone_001,CRUISING,64.1,197.91,正常,雷达,扇形,37711.5,46.7,21.2,机中
2026-06-04 10:08:59.000,drone_002,CRUISING,59.1,171.39,正常,电测,锥形,8066.8,20.9,16.9,机尾
2026-06-04 10:09:00.000,drone_001,CRUISING,64.0,200.6,正常,雷达,扇形,38103.8,48.2,21.5,机中
2026-06-04 10:09:00.000,drone_002,CRUISING,59.0,186.07,正常,电测,锥形,8142.3,19.7,18.0,机尾
2026-06-04 10:09:01.000,drone_001,CRUISING,63.9,197.45,正常,雷达,扇形,35494.6,45.7,23.3,机中
2026-06-04 10:09:01.000,drone_002,CRUISING,58.9,173.64,正常,电测,锥形,8671.4,21.7,18.6,机尾
2026-06-04 10:09:02.000,drone_001,CRUISING,63.9,191.22,正常,雷达,扇形,36187.1,46.6,22.0,机中
2026-06-04 10:09:02.000,drone_002,CRUISING,58.9,174.61,正常,电测,锥形,8327.9,21.1,16.6,机尾
2026-06-04 10:09:03.000,drone_001,CRUISING,63.8,201.77,雷达故障,雷达,扇形,35570.9,48.1,23.5,机中
2026-06-04 10:09:03.000,drone_002,CRUISING,58.8,172.01,正常,电测,锥形,7917.2,22.0,19.2,机尾
2026-06-04 10:09:04.000,drone_001,CRUISING,63.7,198.79,雷达故障,雷达,扇形,37294.5,45.4,21.9,机中
2026-06-04 10:09:04.000,drone_002,CRUISING,58.7,175.54,正常,电测,锥形,8446.3,21.6,18.4,机尾
2026-06-04 10:09:05.000,drone_001,CRUISING,63.7,208.0,雷达故障,雷达,扇形,37083.7,48.5,23.5,机中
2026-06-04 10:09:05.000,drone_002,CRUISING,58.7,178.93,正常,电测,锥形,8527.4,20.6,19.3,机尾
2026-06-04 10:09:06.000,drone_001,CRUISING,63.6,203.44,雷达故障,雷达,扇形,35496.8,45.9,23.8,机中
2026-06-04 10:09:06.000,drone_002,CRUISING,58.6,177.61,正常,电测,锥形,8221.5,20.1,17.2,机尾
2026-06-04 10:09:07.000,drone_001,CRUISING,63.5,209.54,雷达故障,雷达,扇形,36916.1,44.7,23.3,机中
2026-06-04 10:09:07.000,drone_002,CRUISING,58.5,176.88,正常,电测,锥形,7915.7,21.9,17.2,机尾
2026-06-04 10:09:08.000,drone_001,CRUISING,63.5,196.54,雷达故障,雷达,扇形,36355.3,48.4,21.4,机中
2026-06-04 10:09:08.000,drone_002,CRUISING,58.5,173.97,正常,电测,锥形,8461.2,20.1,17.2,机尾
2026-06-04 10:09:09.000,drone_001,CRUISING,63.4,203.36,雷达故障,雷达,扇形,36141.9,46.4,20.7,机中
2026-06-04 10:09:09.000,drone_002,CRUISING,58.4,188.63,正常,电测,锥形,8695.1,21.7,17.3,机尾
2026-06-04 10:09:10.000,drone_001,CRUISING,63.3,200.2,雷达故障,雷达,扇形,36504.7,48.1,22.3,机中
2026-06-04 10:09:10.000,drone_002,CRUISING,58.3,172.17,正常,电测,锥形,8415.2,18.1,16.7,机尾
2026-06-04 10:09:11.000,drone_001,CRUISING,63.3,204.36,正常,雷达,扇形,37843.9,48.2,21.8,机中
2026-06-04 10:09:11.000,drone_002,CRUISING,58.3,171.36,正常,电测,锥形,8440.4,18.5,18.2,机尾
2026-06-04 10:09:12.000,drone_001,CRUISING,63.2,191.8,正常,雷达,扇形,34992.9,45.2,21.6,机中
2026-06-04 10:09:12.000,drone_002,CRUISING,58.2,182.38,正常,电测,锥形,8039.5,19.9,18.5,机尾
2026-06-04 10:09:13.000,drone_001,CRUISING,63.1,201.75,正常,雷达,扇形,36594.7,47.5,20.6,机中
2026-06-04 10:09:13.000,drone_002,CRUISING,58.1,179.52,正常,电测,锥形,8658.8,18.8,18.1,机尾
2026-06-04 10:09:14.000,drone_001,CRUISING,63.1,209.03,正常,雷达,扇形,37416.5,47.0,22.3,机中
2026-06-04 10:09:14.000,drone_002,CRUISING,58.1,175.17,雷达故障,电测,锥形,8137.8,19.6,19.3,机尾
2026-06-04 10:09:15.000,drone_001,CRUISING,63.0,193.29,正常,雷达,扇形,35716.9,45.3,23.9,机中
2026-06-04 10:09:15.000,drone_002,CRUISING,58.0,184.01,雷达故障,电测,锥形,8335.5,19.7,17.9,机尾
2026-06-04 10:09:16.000,drone_001,CRUISING,62.9,192.67,正常,雷达,扇形,37935.1,47.6,22.8,机中
2026-06-04 10:09:16.000,drone_002,CRUISING,57.9,175.82,雷达故障,电测,锥形,7964.0,21.0,18.8,机尾
2026-06-04 10:09:17.000,drone_001,CRUISING,62.9,208.35,正常,雷达,扇形,37288.0,46.5,21.4,机中
2026-06-04 10:09:17.000,drone_002,CRUISING,57.9,172.45,雷达故障,电测,锥形,8635.2,20.4,18.1,机尾
2026-06-04 10:09:18.000,drone_001,CRUISING,62.8,202.24,正常,雷达,扇形,35502.9,47.7,23.2,机中
2026-06-04 10:09:18.000,drone_002,CRUISING,57.8,180.56,雷达故障,电测,锥形,8714.9,21.8,19.1,机尾
2026-06-04 10:09:19.000,drone_001,CRUISING,62.7,192.39,正常,雷达,扇形,34843.7,45.0,22.1,机中
2026-06-04 10:09:19.000,drone_002,CRUISING,57.7,188.07,雷达故障,电测,锥形,8169.2,18.4,17.2,机尾
2026-06-04 10:09:20.000,drone_001,CRUISING,62.7,202.55,正常,雷达,扇形,36269.2,47.9,22.5,机中
2026-06-04 10:09:20.000,drone_002,CRUISING,57.7,186.22,雷达故障,电测,锥形,8597.9,20.7,19.2,机尾
2026-06-04 10:09:21.000,drone_001,CRUISING,62.6,190.35,正常,雷达,扇形,35213.2,47.1,20.5,机中
2026-06-04 10:09:21.000,drone_002,CRUISING,57.6,185.56,雷达故障,电测,锥形,8037.9,19.6,16.6,机尾
2026-06-04 10:09:22.000,drone_001,CRUISING,62.5,190.64,正常,雷达,扇形,37077.1,45.5,23.9,机中
2026-06-04 10:09:22.000,drone_002,CRUISING,57.5,184.79,雷达故障,电测,锥形,8412.9,20.1,18.8,机尾
2026-06-04 10:09:23.000,drone_001,CRUISING,62.5,196.87,正常,雷达,扇形,37349.2,46.5,24.2,机中
2026-06-04 10:09:23.000,drone_002,CRUISING,57.5,178.29,正常,电测,锥形,8504.7,22.0,17.0,机尾
2026-06-04 10:09:24.000,drone_001,CRUISING,62.4,206.81,正常,雷达,扇形,35162.6,46.0,21.8,机中
2026-06-04 10:09:24.000,drone_002,CRUISING,57.4,181.41,正常,电测,锥形,8474.9,21.3,19.5,机尾
2026-06-04 10:09:25.000,drone_001,CRUISING,62.3,192.21,正常,雷达,扇形,36600.8,47.4,24.3,机中
2026-06-04 10:09:25.000,drone_002,CRUISING,57.3,181.84,正常,电测,锥形,7946.9,19.2,16.4,机尾
2026-06-04 10:09:26.000,drone_001,CRUISING,62.3,208.9,正常,雷达,扇形,38048.3,45.3,23.3,机中
2026-06-04 10:09:26.000,drone_002,CRUISING,57.3,184.57,正常,电测,锥形,8489.8,20.8,16.3,机尾
2026-06-04 10:09:27.000,drone_001,CRUISING,62.2,190.08,正常,雷达,扇形,34943.6,47.6,21.6,机中
2026-06-04 10:09:27.000,drone_002,CRUISING,57.2,183.87,正常,电测,锥形,8605.8,19.0,16.6,机尾
2026-06-04 10:09:28.000,drone_001,CRUISING,62.1,204.3,正常,雷达,扇形,36994.9,46.3,20.6,机中
2026-06-04 10:09:28.000,drone_002,CRUISING,57.1,182.82,正常,电测,锥形,8044.0,18.1,17.7,机尾
2026-06-04 10:09:29.000,drone_001,CRUISING,62.1,197.7,正常,雷达,扇形,38036.6,47.8,22.0,机中
2026-06-04 10:09:29.000,drone_002,CRUISING,57.1,179.04,正常,电测,锥形,8281.0,20.1,17.5,机尾
2026-06-04 10:09:30.000,drone_001,CRUISING,62.0,191.0,正常,雷达,扇形,34838.6,47.6,22.4,机中
2026-06-04 10:09:30.000,drone_002,CRUISING,57.0,171.72,正常,电测,锥形,8420.8,21.7,17.1,机尾
2026-06-04 10:09:31.000,drone_001,LANDING,61.9,195.39,正常,雷达,扇形,35861.6,46.2,20.5,机中
2026-06-04 10:09:31.000,drone_002,LANDING,56.9,188.53,正常,电测,锥形,8669.5,21.5,17.6,机尾
2026-06-04 10:09:32.000,drone_001,LANDING,61.9,206.66,正常,雷达,扇形,34655.9,46.0,21.0,机中
2026-06-04 10:09:32.000,drone_002,LANDING,56.9,176.8,正常,电测,锥形,8496.6,19.4,18.1,机尾
2026-06-04 10:09:33.000,drone_001,LANDING,61.8,191.18,正常,雷达,扇形,35775.8,47.2,21.6,机中
2026-06-04 10:09:33.000,drone_002,LANDING,56.8,188.95,正常,电测,锥形,7984.3,20.8,18.7,机尾
2026-06-04 10:09:34.000,drone_001,LANDING,61.7,209.93,正常,雷达,扇形,36759.2,48.0,20.9,机中
2026-06-04 10:09:34.000,drone_002,LANDING,56.7,178.38,正常,电测,锥形,8323.6,20.9,18.4,机尾
2026-06-04 10:09:35.000,drone_001,LANDING,61.7,193.85,正常,雷达,扇形,35041.3,45.0,23.3,机中
2026-06-04 10:09:35.000,drone_002,LANDING,56.7,177.06,右侧引擎故障,电测,锥形,8457.9,18.6,17.8,机尾
2026-06-04 10:09:36.000,drone_001,LANDING,61.6,209.7,正常,雷达,扇形,35178.2,44.6,20.6,机中
2026-06-04 10:09:36.000,drone_002,LANDING,56.6,173.99,右侧引擎故障,电测,锥形,8292.6,18.9,19.9,机尾
2026-06-04 10:09:37.000,drone_001,LANDING,61.5,203.89,正常,雷达,扇形,36636.4,45.6,22.2,机中
2026-06-04 10:09:37.000,drone_002,LANDING,56.5,172.3,右侧引擎故障,电测,锥形,8316.3,21.5,16.8,机尾
2026-06-04 10:09:38.000,drone_001,LANDING,61.5,204.56,正常,雷达,扇形,37748.5,48.1,22.8,机中
2026-06-04 10:09:38.000,drone_002,LANDING,56.5,180.46,右侧引擎故障,电测,锥形,8625.6,20.5,19.2,机尾
2026-06-04 10:09:39.000,drone_001,LANDING,61.4,194.81,正常,雷达,扇形,36652.5,45.5,23.5,机中
2026-06-04 10:09:39.000,drone_002,LANDING,56.4,184.06,右侧引擎故障,电测,锥形,8281.6,21.4,19.5,机尾
2026-06-04 10:09:40.000,drone_001,LANDING,61.3,208.39,正常,雷达,扇形,34943.1,47.0,23.6,机中
2026-06-04 10:09:40.000,drone_002,LANDING,56.3,173.61,右侧引擎故障,电测,锥形,8617.5,20.7,19.8,机尾
2026-06-04 10:09:41.000,drone_001,LANDING,61.3,205.84,正常,雷达,扇形,37893.3,44.7,23.7,机中
2026-06-04 10:09:41.000,drone_002,LANDING,56.3,176.67,右侧引擎故障,电测,锥形,8638.7,20.3,19.9,机尾
2026-06-04 10:09:42.000,drone_001,LANDING,61.2,190.0,正常,雷达,扇形,34983.2,45.6,21.6,机中
2026-06-04 10:09:42.000,drone_002,LANDING,56.2,184.06,右侧引擎故障,电测,锥形,8131.8,21.8,17.9,机尾
2026-06-04 10:09:43.000,drone_001,LANDING,61.1,204.03,正常,雷达,扇形,37417.8,46.5,22.2,机中
2026-06-04 10:09:43.000,drone_002,LANDING,56.1,179.71,正常,电测,锥形,7941.9,21.7,19.9,机尾
2026-06-04 10:09:44.000,drone_001,LANDING,61.1,193.25,正常,雷达,扇形,35254.4,47.8,22.1,机中
2026-06-04 10:09:44.000,drone_002,LANDING,56.1,179.76,正常,电测,锥形,8363.0,18.1,19.9,机尾
2026-06-04 10:09:45.000,drone_001,LANDING,61.0,203.57,正常,雷达,扇形,36438.8,48.3,24.3,机中
2026-06-04 10:09:45.000,drone_002,LANDING,56.0,176.72,正常,电测,锥形,8317.1,19.4,16.7,机尾
2026-06-04 10:09:46.000,drone_001,LANDING,60.9,202.45,正常,雷达,扇形,37711.3,46.4,24.1,机中
2026-06-04 10:09:46.000,drone_002,LANDING,55.9,185.93,正常,电测,锥形,8738.6,21.8,18.4,机尾
2026-06-04 10:09:47.000,drone_001,LANDING,60.9,203.09,正常,雷达,扇形,35460.9,47.7,22.6,机中
2026-06-04 10:09:47.000,drone_002,LANDING,55.9,177.8,正常,电测,锥形,8639.7,19.8,17.2,机尾
2026-06-04 10:09:48.000,drone_001,LANDING,60.8,191.42,正常,雷达,扇形,36678.8,48.0,24.3,机中
2026-06-04 10:09:48.000,drone_002,LANDING,55.8,174.53,正常,电测,锥形,8137.7,21.7,17.5,机尾
2026-06-04 10:09:49.000,drone_001,LANDING,60.7,194.77,正常,雷达,扇形,36607.0,45.4,22.9,机中
2026-06-04 10:09:49.000,drone_002,LANDING,55.7,171.5,正常,电测,锥形,8508.3,18.7,17.7,机尾
2026-06-04 10:09:50.000,drone_001,LANDING,60.7,200.2,正常,雷达,扇形,36169.7,45.1,22.7,机中
2026-06-04 10:09:50.000,drone_002,LANDING,55.7,185.45,正常,电测,锥形,8731.1,20.7,19.2,机尾
2026-06-04 10:09:51.000,drone_001,LANDING,60.6,190.48,正常,雷达,扇形,36693.3,47.1,20.7,机中
2026-06-04 10:09:51.000,drone_002,LANDING,55.6,172.36,正常,电测,锥形,8287.1,21.4,20.2,机尾
2026-06-04 10:09:52.000,drone_001,LANDING,60.5,207.46,正常,雷达,扇形,36979.0,46.2,21.5,机中
2026-06-04 10:09:52.000,drone_002,LANDING,55.5,184.28,正常,电测,锥形,8526.4,20.3,20.0,机尾
2026-06-04 10:09:53.000,drone_001,LANDING,60.5,205.78,正常,雷达,扇形,35849.1,46.4,22.8,机中
2026-06-04 10:09:53.000,drone_002,LANDING,55.5,177.82,正常,电测,锥形,8273.8,18.2,16.4,机尾
2026-06-04 10:09:54.000,drone_001,LANDING,60.4,209.22,正常,雷达,扇形,35216.4,46.5,23.0,机中
2026-06-04 10:09:54.000,drone_002,LANDING,55.4,182.43,正常,电测,锥形,8208.4,18.4,19.1,机尾
2026-06-04 10:09:55.000,drone_001,LANDING,60.3,200.94,正常,雷达,扇形,35830.3,47.1,23.9,机中
2026-06-04 10:09:55.000,drone_002,LANDING,55.3,175.88,正常,电测,锥形,7934.5,20.6,20.1,机尾
2026-06-04 10:09:56.000,drone_001,LANDING,60.3,198.27,正常,雷达,扇形,37178.1,47.4,22.9,机中
2026-06-04 10:09:56.000,drone_002,LANDING,55.3,187.54,正常,电测,锥形,8210.0,18.7,18.2,机尾
2026-06-04 10:09:57.000,drone_001,LANDING,60.2,196.31,正常,雷达,扇形,35053.7,47.7,20.7,机中
2026-06-04 10:09:57.000,drone_002,LANDING,55.2,174.19,正常,电测,锥形,8676.4,21.8,18.7,机尾
2026-06-04 10:09:58.000,drone_001,LANDING,60.1,191.47,正常,雷达,扇形,36345.1,47.7,22.4,机中
2026-06-04 10:09:58.000,drone_002,LANDING,55.1,185.3,正常,电测,锥形,8072.2,19.6,20.1,机尾
2026-06-04 10:09:59.000,drone_001,LANDING,60.1,196.67,正常,雷达,扇形,34953.1,44.8,23.9,机中
2026-06-04 10:09:59.000,drone_002,LANDING,55.1,182.73,正常,电测,锥形,7997.6,19.4,17.8,机尾
2026-06-04 10:10:00.000,drone_001,LANDING,60.0,206.47,正常,雷达,扇形,36075.0,47.7,20.8,机中
2026-06-04 10:10:00.000,drone_002,LANDING,55.0,180.26,正常,电测,锥形,8126.2,20.5,18.3,机尾
